relative_path,scene_type,continent,label_name,lat_bin,lon_bin
Africa\shard0_13539.jpg,outdoor,Africa,Africa,8,21
Africa\shard0_30079.jpg,outdoor,Africa,Africa,6,21
Africa\shard0_32653.jpg,outdoor,Africa,Africa,9,18
Africa\shard0_31972.jpg,outdoor,Africa,Africa,6,21
Africa\shard0_30084.jpg,outdoor,Africa,Africa,12,19
Africa\shard0_31966.jpg,outdoor,Africa,Africa,10,21
Africa\shard0_30653.jpg,outdoor,Africa,Africa,11,21
Africa\shard0_30824.jpg,outdoor,Africa,Africa,6,20
Africa\shard0_30097.jpg,outdoor,Africa,Africa,10,21
Africa\shard0_30819.jpg,outdoor,Africa,Africa,12,17
Africa\shard0_12409.jpg,outdoor,Africa,Africa,8,21
Africa\shard0_28388.jpg,outdoor,Africa,Africa,12,17
Africa\shard0_30170.jpg,outdoor,Africa,Africa,10,16
Africa\shard0_31006.jpg,outdoor,Africa,Africa,5,19
Africa\shard0_31029.jpg,outdoor,Africa,Africa,10,21
Africa\shard0_32756.jpg,outdoor,Africa,Africa,5,19
Africa\shard0_14694.jpg,outdoor,Africa,Africa,9,18
Africa\shard0_30212.jpg,outdoor,Africa,Africa,8,21
Africa\shard0_33177.jpg,outdoor,Africa,Africa,8,21
Africa\shard0_33136.jpg,outdoor,Africa,Africa,12,21
Africa\shard0_33279.jpg,outdoor,Africa,Africa,6,21
Africa\shard0_32894.jpg,outdoor,Africa,Africa,5,19
Africa\shard0_32672.jpg,outdoor,Africa,Africa,6,22
Africa\shard0_32157.jpg,outdoor,Africa,Africa,8,20
Africa\shard0_09036.jpg,outdoor,Africa,Africa,8,21
Africa\shard0_30087.jpg,outdoor,Africa,Africa,12,17
Africa\shard0_32090.jpg,outdoor,Africa,Africa,10,17
Africa\shard0_31106.jpg,outdoor,Africa,Africa,6,19
Africa\shard0_30454.jpg,outdoor,Africa,Africa,12,17
Africa\shard0_14650.jpg,outdoor,Africa,Africa,5,20
Africa\shard0_33215.jpg,outdoor,Africa,Africa,7,21
Africa\shard0_31730.jpg,outdoor,Africa,Africa,6,20
Africa\shard0_31552.jpg,outdoor,Africa,Africa,6,20
Africa\shard0_28365.jpg,outdoor,Africa,Africa,6,20
Africa\shard0_30871.jpg,outdoor,Africa,Africa,10,16
Africa\shard0_30268.jpg,outdoor,Africa,Africa,6,21
Africa\shard0_30367.jpg,outdoor,Africa,Africa,9,21
Africa\shard0_33116.jpg,outdoor,Africa,Africa,7,22
Africa\shard0_31545.jpg,outdoor,Africa,Africa,7,21
Africa\shard0_30632.jpg,outdoor,Africa,Africa,10,21
Africa\shard0_30201.jpg,outdoor,Africa,Africa,9,18
Africa\shard0_32598.jpg,outdoor,Africa,Africa,10,16
Africa\shard0_32951.jpg,outdoor,Africa,Africa,8,21
Africa\shard0_31294.jpg,outdoor,Africa,Africa,6,20
Africa\shard0_31789.jpg,outdoor,Africa,Africa,9,18
Africa\shard0_32609.jpg,outdoor,Africa,Africa,10,16
Africa\shard0_32482.jpg,outdoor,Africa,Africa,11,18
Africa\shard0_16208.jpg,outdoor,Africa,Africa,9,18
Africa\shard0_32714.jpg,outdoor,Africa,Africa,6,21
Africa\shard0_33128.jpg,outdoor,Africa,Africa,10,17
Africa\shard0_32677.jpg,outdoor,Africa,Africa,10,18
Africa\shard0_26856.jpg,outdoor,Africa,Africa,12,17
Africa\shard0_32489.jpg,outdoor,Africa,Africa,11,21
Africa\shard0_31566.jpg,outdoor,Africa,Africa,6,21
Africa\shard0_30428.jpg,outdoor,Africa,Africa,12,17
Africa\shard0_32282.jpg,outdoor,Africa,Africa,11,16
Africa\shard0_08121.jpg,outdoor,Africa,Africa,5,19
Africa\shard0_32261.jpg,outdoor,Africa,Africa,11,21
Africa\shard0_30231.jpg,outdoor,Africa,Africa,8,21
Africa\shard0_33348.jpg,outdoor,Africa,Africa,6,20
Africa\shard0_30800.jpg,outdoor,Africa,Africa,11,21
Africa\shard0_31580.jpg,outdoor,Africa,Africa,11,21
Africa\shard0_31352.jpg,outdoor,Africa,Africa,9,21
Africa\shard0_26391.jpg,outdoor,Africa,Africa,6,19
Africa\shard0_25874.jpg,outdoor,Africa,Africa,5,20
Africa\shard0_32698.jpg,outdoor,Africa,Africa,10,18
Africa\shard0_33627.jpg,outdoor,Africa,Africa,6,20
Africa\shard0_33538.jpg,outdoor,Africa,Africa,6,21
Africa\shard0_24709.jpg,outdoor,Africa,Africa,6,20
Africa\shard0_30003.jpg,outdoor,Africa,Africa,5,19
Africa\shard0_30069.jpg,outdoor,Africa,Africa,8,21
Africa\shard0_05998.jpg,outdoor,Africa,Africa,8,21
Africa\shard0_32402.jpg,outdoor,Africa,Africa,12,17
Africa\shard0_33618.jpg,outdoor,Africa,Africa,6,20
Africa\shard0_31249.jpg,outdoor,Africa,Africa,9,21
Africa\shard0_32413.jpg,outdoor,Africa,Africa,12,17
Africa\shard0_33907.jpg,outdoor,Africa,Africa,8,21
Africa\shard0_30337.jpg,outdoor,Africa,Africa,10,18
Africa\shard0_30032.jpg,outdoor,Africa,Africa,5,20
Africa\shard0_32255.jpg,outdoor,Africa,Africa,7,20
Africa\shard0_32743.jpg,outdoor,Africa,Africa,12,17
Africa\shard0_31181.jpg,outdoor,Africa,Africa,12,17
Africa\shard0_31561.jpg,outdoor,Africa,Africa,8,21
Africa\shard0_33855.jpg,outdoor,Africa,Africa,9,19
Africa\shard0_33518.jpg,outdoor,Africa,Africa,6,20
Africa\shard0_31592.jpg,outdoor,Africa,Africa,5,20
Africa\shard0_31769.jpg,outdoor,Africa,Africa,12,17
Africa\shard0_30540.jpg,outdoor,Africa,Africa,12,17
Africa\shard0_30004.jpg,outdoor,Africa,Africa,6,20
Africa\shard0_30421.jpg,outdoor,Africa,Africa,5,19
Africa\shard0_32958.jpg,outdoor,Africa,Africa,10,21
Africa\shard0_32585.jpg,outdoor,Africa,Africa,9,21
Africa\shard0_07736.jpg,outdoor,Africa,Africa,12,17
Africa\shard0_11798.jpg,outdoor,Africa,Africa,12,17
Africa\shard0_31594.jpg,outdoor,Africa,Africa,9,21
Africa\shard0_31762.jpg,outdoor,Africa,Africa,6,19
Africa\shard0_15766.jpg,outdoor,Africa,Africa,9,17
Africa\shard0_30890.jpg,outdoor,Africa,Africa,7,20
Africa\shard0_24132.jpg,outdoor,Africa,Africa,6,22
Africa\shard0_33045.jpg,outdoor,Africa,Africa,5,20
Africa\shard0_33401.jpg,outdoor,Africa,Africa,6,20
Africa\shard0_33465.jpg,outdoor,Africa,Africa,5,19
Africa\shard0_31269.jpg,outdoor,Africa,Africa,12,21
Africa\shard0_30031.jpg,outdoor,Africa,Africa,8,21
Africa\shard0_30125.jpg,outdoor,Africa,Africa,6,19
Africa\shard0_12713.jpg,outdoor,Africa,Africa,9,22
Africa\shard0_26684.jpg,outdoor,Africa,Africa,8,21
Africa\shard0_32871.jpg,outdoor,Africa,Africa,5,19
Africa\shard0_30399.jpg,outdoor,Africa,Africa,6,21
Africa\shard0_13269.jpg,outdoor,Africa,Africa,11,17
Africa\shard0_32905.jpg,outdoor,Africa,Africa,12,17
Africa\shard0_33536.jpg,outdoor,Africa,Africa,12,21
Africa\shard0_31585.jpg,outdoor,Africa,Africa,11,21
Africa\shard0_12895.jpg,outdoor,Africa,Africa,12,17
Africa\shard0_31203.jpg,outdoor,Africa,Africa,9,18
Africa\shard0_32693.jpg,outdoor,Africa,Africa,12,17
Africa\shard0_20189.jpg,outdoor,Africa,Africa,12,21
Africa\shard0_30509.jpg,outdoor,Africa,Africa,9,21
Africa\shard0_25139.jpg,outdoor,Africa,Africa,11,16
Africa\shard0_29732.jpg,outdoor,Africa,Africa,5,19
Africa\shard0_31686.jpg,outdoor,Africa,Africa,8,21
Africa\shard0_29967.jpg,outdoor,Africa,Africa,8,21
Africa\shard0_30891.jpg,outdoor,Africa,Africa,5,19
Africa\shard0_31068.jpg,outdoor,Africa,Africa,11,21
Africa\shard0_33476.jpg,outdoor,Africa,Africa,5,20
Africa\shard0_31749.jpg,outdoor,Africa,Africa,9,21
Africa\shard0_31348.jpg,outdoor,Africa,Africa,6,20
Africa\shard0_31733.jpg,outdoor,Africa,Africa,12,17
Africa\shard0_33616.jpg,outdoor,Africa,Africa,11,21
Africa\shard0_31827.jpg,outdoor,Africa,Africa,8,21
Africa\shard0_32197.jpg,outdoor,Africa,Africa,12,17
Africa\shard0_30447.jpg,outdoor,Africa,Africa,9,21
Africa\shard0_30984.jpg,outdoor,Africa,Africa,6,20
Africa\shard0_31380.jpg,outdoor,Africa,Africa,12,17
Africa\shard0_33320.jpg,outdoor,Africa,Africa,7,20
Africa\shard0_31980.jpg,outdoor,Africa,Africa,12,17
Africa\shard0_33430.jpg,outdoor,Africa,Africa,12,21
Africa\shard0_33741.jpg,outdoor,Africa,Africa,7,20
Africa\shard0_29420.jpg,outdoor,Africa,Africa,12,18
Africa\shard0_30420.jpg,outdoor,Africa,Africa,11,21
Africa\shard0_32629.jpg,outdoor,Africa,Africa,11,21
Africa\shard0_32602.jpg,outdoor,Africa,Africa,12,17
Africa\shard0_30382.jpg,outdoor,Africa,Africa,6,22
Africa\shard0_04463.jpg,outdoor,Africa,Africa,12,18
Africa\shard0_03542.jpg,outdoor,Africa,Africa,6,19
Africa\shard0_22317.jpg,outdoor,Africa,Africa,7,19
Africa\shard0_32920.jpg,outdoor,Africa,Africa,5,20
Africa\shard0_32247.jpg,outdoor,Africa,Africa,10,16
Africa\shard0_12632.jpg,outdoor,Africa,Africa,12,21
Africa\shard0_28390.jpg,outdoor,Africa,Africa,8,21
Africa\shard0_32991.jpg,outdoor,Africa,Africa,7,20
Africa\shard0_32643.jpg,outdoor,Africa,Africa,8,21
Africa\shard0_33760.jpg,outdoor,Africa,Africa,7,22
Africa\shard0_33280.jpg,outdoor,Africa,Africa,8,21
Africa\shard0_33876.jpg,outdoor,Africa,Africa,7,20
Africa\shard0_32581.jpg,outdoor,Africa,Africa,8,21
Africa\shard0_00435.jpg,outdoor,Africa,Africa,12,17
Africa\shard0_10537.jpg,outdoor,Africa,Africa,12,21
Africa\shard0_33879.jpg,outdoor,Africa,Africa,8,21
Africa\shard0_33142.jpg,outdoor,Africa,Africa,10,19
Africa\shard0_32117.jpg,outdoor,Africa,Africa,12,17
Africa\shard0_32479.jpg,outdoor,Africa,Africa,10,16
Africa\shard0_32160.jpg,outdoor,Africa,Africa,8,21
Africa\shard0_30200.jpg,outdoor,Africa,Africa,12,17
Africa\shard0_30946.jpg,outdoor,Africa,Africa,11,21
Africa\shard0_30651.jpg,outdoor,Africa,Africa,12,17
Africa\shard0_28715.jpg,outdoor,Africa,Africa,9,18
Africa\shard0_32852.jpg,outdoor,Africa,Africa,12,17
Africa\shard0_29358.jpg,outdoor,Africa,Africa,6,21
Africa\shard0_32029.jpg,outdoor,Africa,Africa,7,21
Africa\shard0_32934.jpg,outdoor,Africa,Africa,8,21
Africa\shard0_00452.jpg,outdoor,Africa,Africa,12,17
Africa\shard0_09201.jpg,outdoor,Africa,Africa,10,21
Africa\shard0_30379.jpg,outdoor,Africa,Africa,8,21
Africa\shard0_31676.jpg,outdoor,Africa,Africa,6,21
Africa\shard0_31065.jpg,outdoor,Africa,Africa,5,19
Africa\shard0_30967.jpg,outdoor,Africa,Africa,10,17
Africa\shard0_33558.jpg,outdoor,Africa,Africa,5,19
Africa\shard0_30374.jpg,outdoor,Africa,Africa,7,22
Africa\shard0_32450.jpg,outdoor,Africa,Africa,12,21
Africa\shard0_32454.jpg,outdoor,Africa,Africa,12,17
Africa\shard0_31862.jpg,outdoor,Africa,Africa,8,21
Africa\shard0_31041.jpg,outdoor,Africa,Africa,12,21
Africa\shard0_20512.jpg,outdoor,Africa,Africa,11,21
Africa\shard0_30624.jpg,outdoor,Africa,Africa,10,17
Africa\shard0_31968.jpg,outdoor,Africa,Africa,5,19
Africa\shard0_31689.jpg,outdoor,Africa,Africa,8,21
Africa\shard0_30790.jpg,outdoor,Africa,Africa,7,19
Africa\shard0_06271.jpg,outdoor,Africa,Africa,12,17
Africa\shard0_31917.jpg,outdoor,Africa,Africa,9,17
Africa\shard0_06346.jpg,outdoor,Africa,Africa,12,19
Africa\shard0_31150.jpg,outdoor,Africa,Africa,9,21
Africa\shard0_19113.jpg,outdoor,Africa,Africa,12,19
Africa\shard0_00998.jpg,outdoor,Africa,Africa,9,21
Africa\shard0_31061.jpg,outdoor,Africa,Africa,6,20
Africa\shard0_31994.jpg,outdoor,Africa,Africa,9,17
Africa\shard0_27589.jpg,outdoor,Africa,Africa,8,21
Africa\shard0_31370.jpg,outdoor,Africa,Africa,8,21
Africa\shard0_32222.jpg,outdoor,Africa,Africa,9,17
Africa\shard0_33369.jpg,outdoor,Africa,Africa,6,20
Africa\shard0_31853.jpg,outdoor,Africa,Africa,8,21
Africa\shard0_31322.jpg,outdoor,Africa,Africa,12,17
Africa\shard0_31836.jpg,outdoor,Africa,Africa,6,20
Africa\shard0_33635.jpg,outdoor,Africa,Africa,9,17
Africa\shard0_30658.jpg,outdoor,Africa,Africa,5,19
Africa\shard0_32445.jpg,outdoor,Africa,Africa,6,20
Africa\shard0_31913.jpg,outdoor,Africa,Africa,12,21
Africa\shard0_33851.jpg,outdoor,Africa,Africa,8,21
Africa\shard0_31184.jpg,outdoor,Africa,Africa,6,21
Africa\shard0_32330.jpg,outdoor,Africa,Africa,6,20
Africa\shard0_33155.jpg,outdoor,Africa,Africa,6,20
Africa\shard0_25109.jpg,outdoor,Africa,Africa,12,21
Africa\shard0_30761.jpg,outdoor,Africa,Africa,6,19
Africa\shard0_30144.jpg,outdoor,Africa,Africa,6,20
Africa\shard0_21567.jpg,outdoor,Africa,Africa,6,20
Africa\shard0_33451.jpg,outdoor,Africa,Africa,11,20
Africa\shard0_31212.jpg,outdoor,Africa,Africa,9,21
Africa\shard0_00401.jpg,outdoor,Africa,Africa,6,19
Africa\shard0_00540.jpg,outdoor,Africa,Africa,6,20
Africa\shard0_30177.jpg,outdoor,Africa,Africa,11,21
Africa\shard0_28442.jpg,outdoor,Africa,Africa,10,17
Africa\shard0_33121.jpg,outdoor,Africa,Africa,8,21
Africa\shard0_31961.jpg,outdoor,Africa,Africa,11,21
Africa\shard0_31003.jpg,outdoor,Africa,Africa,5,19
Africa\shard0_31567.jpg,outdoor,Africa,Africa,5,19
Africa\shard0_32694.jpg,outdoor,Africa,Africa,12,17
Africa\shard0_19433.jpg,outdoor,Africa,Africa,6,20
Africa\shard0_30823.jpg,outdoor,Africa,Africa,8,21
Africa\shard0_33281.jpg,outdoor,Africa,Africa,7,19
Africa\shard0_03368.jpg,outdoor,Africa,Africa,12,17
Africa\shard0_32172.jpg,outdoor,Africa,Africa,7,20
Africa\shard0_33723.jpg,outdoor,Africa,Africa,5,19
Africa\shard0_30762.jpg,outdoor,Africa,Africa,8,21
Africa\shard0_30792.jpg,outdoor,Africa,Africa,6,19
Africa\shard0_32329.jpg,outdoor,Africa,Africa,12,21
Africa\shard0_30959.jpg,outdoor,Africa,Africa,9,21
Africa\shard0_32447.jpg,outdoor,Africa,Africa,8,21
Africa\shard0_32110.jpg,outdoor,Africa,Africa,5,19
Africa\shard0_31169.jpg,outdoor,Africa,Africa,8,21
Africa\shard0_30113.jpg,outdoor,Africa,Africa,8,21
Africa\shard0_33244.jpg,outdoor,Africa,Africa,12,17
Africa\shard0_33423.jpg,outdoor,Africa,Africa,5,19
Africa\shard0_23692.jpg,outdoor,Africa,Africa,6,19
Africa\shard0_26502.jpg,outdoor,Africa,Africa,12,17
Africa\shard0_03086.jpg,outdoor,Africa,Africa,12,21
Africa\shard0_30050.jpg,outdoor,Africa,Africa,6,20
Africa\shard0_30808.jpg,outdoor,Africa,Africa,7,19
Africa\shard0_04721.jpg,outdoor,Africa,Africa,12,17
Africa\shard0_29085.jpg,outdoor,Africa,Africa,11,18
Africa\shard0_09833.jpg,outdoor,Africa,Africa,8,21
Africa\shard0_32431.jpg,outdoor,Africa,Africa,5,19
Africa\shard0_05290.jpg,outdoor,Africa,Africa,5,19
Africa\shard0_31116.jpg,outdoor,Africa,Africa,10,16
Africa\shard0_19339.jpg,outdoor,Africa,Africa,8,21
Africa\shard0_11471.jpg,outdoor,Africa,Africa,10,17
Africa\shard0_32251.jpg,outdoor,Africa,Africa,8,21
Africa\shard0_32287.jpg,outdoor,Africa,Africa,8,21
Africa\shard0_07002.jpg,outdoor,Africa,Africa,11,18
Africa\shard0_31058.jpg,outdoor,Africa,Africa,6,19
Africa\shard0_04652.jpg,outdoor,Africa,Africa,6,21
Africa\shard0_32340.jpg,outdoor,Africa,Africa,8,21
Africa\shard0_32148.jpg,outdoor,Africa,Africa,12,19
Africa\shard0_32127.jpg,outdoor,Africa,Africa,12,17
Africa\shard0_32821.jpg,outdoor,Africa,Africa,9,17
Africa\shard0_30579.jpg,outdoor,Africa,Africa,12,21
Africa\shard0_31136.jpg,outdoor,Africa,Africa,8,21
Africa\shard0_33102.jpg,outdoor,Africa,Africa,7,20
Africa\shard0_31046.jpg,outdoor,Africa,Africa,12,17
Africa\shard0_06038.jpg,outdoor,Africa,Africa,9,17
Africa\shard0_08737.jpg,outdoor,Africa,Africa,6,19
Africa\shard0_30814.jpg,outdoor,Africa,Africa,12,21
Africa\shard0_17351.jpg,outdoor,Africa,Africa,6,20
Africa\shard0_25628.jpg,outdoor,Africa,Africa,8,21
Africa\shard0_30136.jpg,outdoor,Africa,Africa,5,19
Africa\shard0_30779.jpg,outdoor,Africa,Africa,9,21
Africa\shard0_31130.jpg,outdoor,Africa,Africa,7,20
Africa\shard0_31008.jpg,outdoor,Africa,Africa,11,21
Africa\shard0_16494.jpg,outdoor,Africa,Africa,5,19
Africa\shard0_10354.jpg,outdoor,Africa,Africa,12,17
Africa\shard0_32331.jpg,outdoor,Africa,Africa,6,21
Africa\shard0_31474.jpg,outdoor,Africa,Africa,8,21
Africa\shard0_18302.jpg,outdoor,Africa,Africa,6,21
Africa\shard0_31142.jpg,outdoor,Africa,Africa,10,17
Africa\shard0_32448.jpg,outdoor,Africa,Africa,10,16
Africa\shard0_30876.jpg,outdoor,Africa,Africa,9,18
Africa\shard0_31741.jpg,outdoor,Africa,Africa,12,17
Africa\shard0_31397.jpg,outdoor,Africa,Africa,9,21
Africa\shard0_33746.jpg,outdoor,Africa,Africa,12,21
Africa\shard0_30963.jpg,outdoor,Africa,Africa,12,17
Africa\shard0_16597.jpg,outdoor,Africa,Africa,5,19
Africa\shard0_12645.jpg,outdoor,Africa,Africa,6,21
Africa\shard0_33299.jpg,outdoor,Africa,Africa,9,21
Africa\shard0_07561.jpg,outdoor,Africa,Africa,8,21
Africa\shard0_32393.jpg,outdoor,Africa,Africa,6,22
Africa\shard0_30859.jpg,outdoor,Africa,Africa,12,21
Africa\shard0_32914.jpg,outdoor,Africa,Africa,12,17
Africa\shard0_30630.jpg,outdoor,Africa,Africa,12,17
Africa\shard0_15228.jpg,outdoor,Africa,Africa,6,20
Africa\shard0_23189.jpg,outdoor,Africa,Africa,6,20
Africa\shard0_28336.jpg,outdoor,Africa,Africa,5,19
Africa\shard0_32258.jpg,outdoor,Africa,Africa,5,19
Africa\shard0_33816.jpg,outdoor,Africa,Africa,11,21
Africa\shard0_30035.jpg,outdoor,Africa,Africa,9,19
Africa\shard0_09055.jpg,outdoor,Africa,Africa,8,21
Africa\shard0_30983.jpg,outdoor,Africa,Africa,6,20
Africa\shard0_31579.jpg,outdoor,Africa,Africa,8,21
Africa\shard0_32442.jpg,outdoor,Africa,Africa,8,21
Africa\shard0_32223.jpg,outdoor,Africa,Africa,5,19
Africa\shard0_31958.jpg,outdoor,Africa,Africa,12,20
Africa\shard0_32504.jpg,outdoor,Africa,Africa,7,21
Africa\shard0_33394.jpg,outdoor,Africa,Africa,5,19
Africa\shard0_28046.jpg,outdoor,Africa,Africa,12,17
Africa\shard0_32906.jpg,outdoor,Africa,Africa,8,21
Africa\shard0_30225.jpg,outdoor,Africa,Africa,8,21
Africa\shard0_21453.jpg,outdoor,Africa,Africa,5,19
Africa\shard0_32457.jpg,outdoor,Africa,Africa,11,17
Africa\shard0_32548.jpg,outdoor,Africa,Africa,6,21
Africa\shard0_28147.jpg,outdoor,Africa,Africa,9,21
Africa\shard0_32288.jpg,outdoor,Africa,Africa,6,21
Africa\shard0_32859.jpg,outdoor,Africa,Africa,9,21
Africa\shard0_23213.jpg,outdoor,Africa,Africa,12,17
Africa\shard0_32238.jpg,outdoor,Africa,Africa,11,21
Africa\shard0_32722.jpg,outdoor,Africa,Africa,9,17
Africa\shard0_06953.jpg,outdoor,Africa,Africa,7,22
Africa\shard0_08955.jpg,outdoor,Africa,Africa,6,21
Africa\shard0_32314.jpg,outdoor,Africa,Africa,12,17
Africa\shard0_03896.jpg,outdoor,Africa,Africa,6,20
Africa\shard0_32284.jpg,outdoor,Africa,Africa,12,17
Africa\shard0_30483.jpg,outdoor,Africa,Africa,11,20
Africa\shard0_30469.jpg,outdoor,Africa,Africa,8,21
Africa\shard0_32505.jpg,outdoor,Africa,Africa,8,21
Africa\shard0_31426.jpg,outdoor,Africa,Africa,12,18
Africa\shard0_32851.jpg,outdoor,Africa,Africa,7,21
Africa\shard0_07514.jpg,outdoor,Africa,Africa,6,21
Africa\shard0_07849.jpg,outdoor,Africa,Africa,5,20
Africa\shard0_31589.jpg,outdoor,Africa,Africa,6,21
Africa\shard0_07725.jpg,outdoor,Africa,Africa,11,21
Africa\shard0_30523.jpg,outdoor,Africa,Africa,6,20
Africa\shard0_32294.jpg,outdoor,Africa,Africa,10,16
Africa\shard0_32141.jpg,outdoor,Africa,Africa,10,17
Africa\shard0_30442.jpg,outdoor,Africa,Africa,5,19
Africa\shard0_33662.jpg,outdoor,Africa,Africa,12,17
Africa\shard0_32800.jpg,outdoor,Africa,Africa,10,17
Africa\shard0_30303.jpg,outdoor,Africa,Africa,9,21
Africa\shard0_33214.jpg,outdoor,Africa,Africa,8,21
Africa\shard0_31559.jpg,outdoor,Africa,Africa,9,18
Africa\shard0_31737.jpg,outdoor,Africa,Africa,12,18
Africa\shard0_09687.jpg,outdoor,Africa,Africa,12,17
Africa\shard0_31192.jpg,outdoor,Africa,Africa,6,19
Africa\shard0_31549.jpg,outdoor,Africa,Africa,5,20
Africa\shard0_06132.jpg,outdoor,Africa,Africa,5,19
Africa\shard0_25731.jpg,outdoor,Africa,Africa,8,21
Africa\shard0_31792.jpg,outdoor,Africa,Africa,8,21
Africa\shard0_21658.jpg,outdoor,Africa,Africa,8,21
Africa\shard0_20134.jpg,outdoor,Africa,Africa,6,20
Africa\shard0_13479.jpg,outdoor,Africa,Africa,12,17
Africa\shard0_33564.jpg,outdoor,Africa,Africa,9,21
Africa\shard0_30190.jpg,outdoor,Africa,Africa,12,17
Africa\shard0_11247.jpg,outdoor,Africa,Africa,8,21
Africa\shard0_32444.jpg,outdoor,Africa,Africa,8,22
Africa\shard0_23251.jpg,outdoor,Africa,Africa,5,20
Africa\shard0_33720.jpg,outdoor,Africa,Africa,11,21
Africa\shard0_00888.jpg,outdoor,Africa,Africa,5,19
Africa\shard0_30494.jpg,outdoor,Africa,Africa,8,21
Africa\shard0_23688.jpg,outdoor,Africa,Africa,11,16
Africa\shard0_31057.jpg,outdoor,Africa,Africa,12,17
Africa\shard0_30226.jpg,outdoor,Africa,Africa,5,20
Africa\shard0_33704.jpg,outdoor,Africa,Africa,8,20
Africa\shard0_33890.jpg,outdoor,Africa,Africa,12,17
Africa\shard0_30913.jpg,outdoor,Africa,Africa,7,20
Africa\shard0_30531.jpg,outdoor,Africa,Africa,5,19
Africa\shard0_33491.jpg,outdoor,Africa,Africa,12,17
Africa\shard0_13358.jpg,outdoor,Africa,Africa,6,21
Africa\shard0_30692.jpg,outdoor,Africa,Africa,6,21
Africa\shard0_33499.jpg,outdoor,Africa,Africa,6,21
Africa\shard0_30848.jpg,outdoor,Africa,Africa,8,21
Africa\shard0_16081.jpg,outdoor,Africa,Africa,12,21
Africa\shard0_33724.jpg,outdoor,Africa,Africa,5,19
Africa\shard0_33630.jpg,outdoor,Africa,Africa,7,20
Africa\shard0_31413.jpg,outdoor,Africa,Africa,6,21
Africa\shard0_33899.jpg,outdoor,Africa,Africa,8,21
Africa\shard0_00727.jpg,outdoor,Africa,Africa,8,19
Africa\shard0_31277.jpg,outdoor,Africa,Africa,12,21
Africa\shard0_32625.jpg,outdoor,Africa,Africa,8,22
Africa\shard0_30134.jpg,outdoor,Africa,Africa,12,17
Africa\shard0_30015.jpg,outdoor,Africa,Africa,9,19
Africa\shard0_32012.jpg,outdoor,Africa,Africa,12,17
Africa\shard0_32560.jpg,outdoor,Africa,Africa,8,21
Africa\shard0_23857.jpg,outdoor,Africa,Africa,11,21
Africa\shard0_33664.jpg,outdoor,Africa,Africa,9,22
Africa\shard0_30187.jpg,outdoor,Africa,Africa,10,16
Africa\shard0_32307.jpg,outdoor,Africa,Africa,8,21
Africa\shard0_31512.jpg,outdoor,Africa,Africa,10,16
Africa\shard0_32559.jpg,outdoor,Africa,Africa,11,21
Africa\shard0_30799.jpg,outdoor,Africa,Africa,9,17
Africa\shard0_32529.jpg,outdoor,Africa,Africa,6,21
Africa\shard0_31775.jpg,outdoor,Africa,Africa,8,21
Africa\shard0_33043.jpg,outdoor,Africa,Africa,12,17
Africa\shard0_33650.jpg,outdoor,Africa,Africa,11,21
Africa\shard0_30455.jpg,outdoor,Africa,Africa,12,17
Africa\shard0_30810.jpg,outdoor,Africa,Africa,5,19
Africa\shard0_32102.jpg,outdoor,Africa,Africa,12,17
Africa\shard0_20377.jpg,outdoor,Africa,Africa,10,17
Africa\shard0_20643.jpg,outdoor,Africa,Africa,6,21
Africa\shard0_33657.jpg,outdoor,Africa,Africa,12,17
Africa\shard0_19138.jpg,outdoor,Africa,Africa,5,19
Africa\shard0_07560.jpg,outdoor,Africa,Africa,12,21
Africa\shard0_13560.jpg,outdoor,Africa,Africa,10,21
Africa\shard0_33768.jpg,outdoor,Africa,Africa,8,21
Africa\shard0_32016.jpg,outdoor,Africa,Africa,7,21
Africa\shard0_33574.jpg,outdoor,Africa,Africa,12,19
Africa\shard0_12197.jpg,outdoor,Africa,Africa,12,17
Africa\shard0_32335.jpg,outdoor,Africa,Africa,10,21
Africa\shard0_30327.jpg,outdoor,Africa,Africa,7,22
Africa\shard0_32678.jpg,outdoor,Africa,Africa,11,20
Africa\shard0_30718.jpg,outdoor,Africa,Africa,7,20
Africa\shard0_32750.jpg,outdoor,Africa,Africa,5,19
Africa\shard0_30700.jpg,outdoor,Africa,Africa,8,21
Africa\shard0_31870.jpg,outdoor,Africa,Africa,6,20
Africa\shard0_30096.jpg,outdoor,Africa,Africa,11,21
Africa\shard0_30222.jpg,outdoor,Africa,Africa,7,21
Africa\shard0_00112.jpg,outdoor,Africa,Africa,8,19
Africa\shard0_30139.jpg,outdoor,Africa,Africa,9,18
Africa\shard0_33620.jpg,outdoor,Africa,Africa,5,19
Africa\shard0_30618.jpg,outdoor,Africa,Africa,12,21
Africa\shard0_33115.jpg,outdoor,Africa,Africa,12,21
Africa\shard0_32309.jpg,outdoor,Africa,Africa,8,21
Africa\shard0_32289.jpg,outdoor,Africa,Africa,8,21
Africa\shard0_32567.jpg,outdoor,Africa,Africa,9,21
Africa\shard0_31597.jpg,outdoor,Africa,Africa,10,17
Africa\shard0_15783.jpg,outdoor,Africa,Africa,12,17
Africa\shard0_30495.jpg,outdoor,Africa,Africa,5,19
Africa\shard0_11616.jpg,outdoor,Africa,Africa,12,17
Africa\shard0_31695.jpg,outdoor,Africa,Africa,7,20
Africa\shard0_30809.jpg,outdoor,Africa,Africa,8,21
Africa\shard0_08503.jpg,outdoor,Africa,Africa,5,19
Africa\shard0_33740.jpg,outdoor,Africa,Africa,10,21
Africa\shard0_16434.jpg,outdoor,Africa,Africa,11,21
Africa\shard0_32092.jpg,outdoor,Africa,Africa,8,21
Africa\shard0_30351.jpg,outdoor,Africa,Africa,12,17
Africa\shard0_23314.jpg,outdoor,Africa,Africa,6,21
Africa\shard0_06690.jpg,outdoor,Africa,Africa,12,19
Africa\shard0_11968.jpg,outdoor,Africa,Africa,8,21
Africa\shard0_27792.jpg,outdoor,Africa,Africa,6,20
Africa\shard0_31830.jpg,outdoor,Africa,Africa,8,21
Africa\shard0_30000.jpg,outdoor,Africa,Africa,8,21
Africa\shard0_33798.jpg,outdoor,Africa,Africa,9,18
Africa\shard0_33831.jpg,outdoor,Africa,Africa,11,17
Africa\shard0_30687.jpg,outdoor,Africa,Africa,11,19
Africa\shard0_31989.jpg,outdoor,Africa,Africa,10,18
Africa\shard0_30150.jpg,outdoor,Africa,Africa,8,21
Africa\shard0_30674.jpg,outdoor,Africa,Africa,7,20
Africa\shard0_33557.jpg,outdoor,Africa,Africa,7,20
Africa\shard0_30058.jpg,outdoor,Africa,Africa,9,16
Africa\shard0_30369.jpg,outdoor,Africa,Africa,12,17
Africa\shard0_15212.jpg,outdoor,Africa,Africa,12,17
Africa\shard0_03388.jpg,outdoor,Africa,Africa,8,20
Africa\shard0_30776.jpg,outdoor,Africa,Africa,5,19
Africa\shard0_17307.jpg,outdoor,Africa,Africa,12,17
Africa\shard0_31653.jpg,outdoor,Africa,Africa,6,21
Africa\shard0_32323.jpg,outdoor,Africa,Africa,6,21
Africa\shard0_15543.jpg,outdoor,Africa,Africa,10,16
Africa\shard0_32361.jpg,outdoor,Africa,Africa,8,21
Africa\shard0_31284.jpg,outdoor,Africa,Africa,5,19
Africa\shard0_15785.jpg,outdoor,Africa,Africa,8,22
Africa\shard0_30778.jpg,outdoor,Africa,Africa,12,17
Africa\shard0_32866.jpg,outdoor,Africa,Africa,8,21
Africa\shard0_32424.jpg,outdoor,Africa,Africa,10,17
Africa\shard0_30662.jpg,outdoor,Africa,Africa,6,20
Africa\shard0_07121.jpg,outdoor,Africa,Africa,12,17
Africa\shard0_33002.jpg,outdoor,Africa,Africa,7,20
Africa\shard0_31026.jpg,outdoor,Africa,Africa,12,17
Africa\shard0_31313.jpg,outdoor,Africa,Africa,11,20
Africa\shard0_21379.jpg,outdoor,Africa,Africa,8,21
Africa\shard0_31637.jpg,outdoor,Africa,Africa,5,19
Africa\shard0_19380.jpg,outdoor,Africa,Africa,8,21
Africa\shard0_15073.jpg,outdoor,Africa,Africa,8,21
Africa\shard0_11975.jpg,outdoor,Africa,Africa,10,22
Africa\shard0_32308.jpg,outdoor,Africa,Africa,5,19
Africa\shard0_32105.jpg,outdoor,Africa,Africa,8,21
Africa\shard0_32911.jpg,outdoor,Africa,Africa,11,19
Africa\shard0_16633.jpg,outdoor,Africa,Africa,7,20
Africa\shard0_04481.jpg,outdoor,Africa,Africa,6,20
Africa\shard0_31463.jpg,outdoor,Africa,Africa,11,21
Africa\shard0_10030.jpg,outdoor,Africa,Africa,10,17
Africa\shard0_32654.jpg,outdoor,Africa,Africa,8,21
Africa\shard0_30943.jpg,outdoor,Africa,Africa,11,21
Africa\shard0_32128.jpg,outdoor,Africa,Africa,6,21
Africa\shard0_33061.jpg,outdoor,Africa,Africa,9,18
Africa\shard0_33702.jpg,outdoor,Africa,Africa,11,21
Africa\shard0_30642.jpg,outdoor,Africa,Africa,8,21
Africa\shard0_30589.jpg,outdoor,Africa,Africa,8,21
Africa\shard0_03067.jpg,outdoor,Africa,Africa,12,21
Africa\shard0_33864.jpg,outdoor,Africa,Africa,10,16
Africa\shard0_31897.jpg,outdoor,Africa,Africa,7,20
Africa\shard0_32203.jpg,outdoor,Africa,Africa,10,18
Africa\shard0_33051.jpg,outdoor,Africa,Africa,12,17
Africa\shard0_30163.jpg,outdoor,Africa,Africa,9,18
Africa\shard0_32610.jpg,outdoor,Africa,Africa,11,21
Africa\shard0_33263.jpg,outdoor,Africa,Africa,8,21
Africa\shard0_30214.jpg,outdoor,Africa,Africa,5,19
Africa\shard0_31640.jpg,outdoor,Africa,Africa,11,20
Africa\shard0_31582.jpg,outdoor,Africa,Africa,6,21
Africa\shard0_30514.jpg,outdoor,Africa,Africa,12,17
Africa\shard0_24571.jpg,outdoor,Africa,Africa,12,21
Africa\shard0_32245.jpg,outdoor,Africa,Africa,7,22
Africa\shard0_20832.jpg,outdoor,Africa,Africa,11,19
Africa\shard0_30467.jpg,outdoor,Africa,Africa,5,19
Africa\shard0_30272.jpg,outdoor,Africa,Africa,10,16
Africa\shard0_33571.jpg,outdoor,Africa,Africa,6,21
Africa\shard0_15886.jpg,outdoor,Africa,Africa,10,20
Africa\shard0_01989.jpg,outdoor,Africa,Africa,12,19
Africa\shard0_33245.jpg,outdoor,Africa,Africa,5,19
Africa\shard0_32014.jpg,outdoor,Africa,Africa,8,21
Africa\shard0_32836.jpg,outdoor,Africa,Africa,11,17
Africa\shard0_31922.jpg,outdoor,Africa,Africa,8,21
Africa\shard0_31060.jpg,outdoor,Africa,Africa,7,20
Africa\shard0_06129.jpg,outdoor,Africa,Africa,7,20
Africa\shard0_25083.jpg,outdoor,Africa,Africa,6,20
Africa\shard0_33603.jpg,outdoor,Africa,Africa,6,20
Africa\shard0_25411.jpg,outdoor,Africa,Africa,5,19
Africa\shard0_32752.jpg,outdoor,Africa,Africa,10,17
Africa\shard0_31480.jpg,outdoor,Africa,Africa,10,17
Africa\shard0_30171.jpg,outdoor,Africa,Africa,5,19
Africa\shard0_33478.jpg,outdoor,Africa,Africa,8,20
Africa\shard0_04376.jpg,outdoor,Africa,Africa,12,21
Africa\shard0_31642.jpg,outdoor,Africa,Africa,6,21
Africa\shard0_32484.jpg,outdoor,Africa,Africa,6,21
Africa\shard0_32705.jpg,outdoor,Africa,Africa,7,20
Africa\shard0_32052.jpg,outdoor,Africa,Africa,12,18
Africa\shard0_32291.jpg,outdoor,Africa,Africa,6,21
Africa\shard0_30878.jpg,outdoor,Africa,Africa,6,22
Africa\shard0_32791.jpg,outdoor,Africa,Africa,6,21
Africa\shard0_31449.jpg,outdoor,Africa,Africa,6,21
Africa\shard0_31652.jpg,outdoor,Africa,Africa,7,19
Africa\shard0_17224.jpg,outdoor,Africa,Africa,12,17
Africa\shard0_30521.jpg,outdoor,Africa,Africa,12,17
Africa\shard0_30259.jpg,outdoor,Africa,Africa,10,16
Africa\shard0_31393.jpg,outdoor,Africa,Africa,6,20
Africa\shard0_31754.jpg,outdoor,Africa,Africa,5,19
Africa\shard0_33832.jpg,outdoor,Africa,Africa,11,19
Africa\shard0_31629.jpg,outdoor,Africa,Africa,7,20
Africa\shard0_30365.jpg,outdoor,Africa,Africa,12,17
Africa\shard0_30198.jpg,outdoor,Africa,Africa,5,19
Africa\shard0_30345.jpg,outdoor,Africa,Africa,12,17
Africa\shard0_07231.jpg,outdoor,Africa,Africa,12,21
Africa\shard0_33582.jpg,outdoor,Africa,Africa,5,19
Africa\shard0_32826.jpg,outdoor,Africa,Africa,8,21
Africa\shard0_30690.jpg,outdoor,Africa,Africa,11,20
Africa\shard0_32439.jpg,outdoor,Africa,Africa,12,21
Africa\shard0_31126.jpg,outdoor,Africa,Africa,8,21
Africa\shard0_10851.jpg,outdoor,Africa,Africa,11,21
Africa\shard0_30360.jpg,outdoor,Africa,Africa,12,17
Africa\shard0_31079.jpg,outdoor,Africa,Africa,6,20
Africa\shard0_31089.jpg,outdoor,Africa,Africa,8,21
Africa\shard0_32583.jpg,outdoor,Africa,Africa,11,21
Africa\shard0_08236.jpg,outdoor,Africa,Africa,8,21
Africa\shard0_32568.jpg,outdoor,Africa,Africa,7,20
Africa\shard0_33674.jpg,outdoor,Africa,Africa,5,19
Africa\shard0_31732.jpg,outdoor,Africa,Africa,9,17
Africa\shard0_30678.jpg,outdoor,Africa,Africa,7,22
Africa\shard0_32745.jpg,outdoor,Africa,Africa,10,22
Africa\shard0_32782.jpg,outdoor,Africa,Africa,12,17
Africa\shard0_32763.jpg,outdoor,Africa,Africa,8,21
Africa\shard0_00935.jpg,outdoor,Africa,Africa,5,19
Africa\shard0_30273.jpg,outdoor,Africa,Africa,5,19
Africa\shard0_32432.jpg,outdoor,Africa,Africa,10,17
Africa\shard0_30901.jpg,outdoor,Africa,Africa,8,21
Africa\shard0_04590.jpg,outdoor,Africa,Africa,5,20
Africa\shard0_15503.jpg,outdoor,Africa,Africa,12,18
Africa\shard0_30357.jpg,outdoor,Africa,Africa,5,19
Africa\shard0_30978.jpg,outdoor,Africa,Africa,6,20
Africa\shard0_24792.jpg,outdoor,Africa,Africa,6,21
Africa\shard0_33254.jpg,outdoor,Africa,Africa,9,17
Africa\shard0_30383.jpg,outdoor,Africa,Africa,9,17
Africa\shard0_31453.jpg,outdoor,Africa,Africa,7,22
Africa\shard0_30874.jpg,outdoor,Africa,Africa,12,17
Africa\shard0_33583.jpg,outdoor,Africa,Africa,7,20
Africa\shard0_31390.jpg,outdoor,Africa,Africa,8,21
Africa\shard0_31450.jpg,outdoor,Africa,Africa,12,17
Africa\shard0_33278.jpg,outdoor,Africa,Africa,12,17
Africa\shard0_33801.jpg,outdoor,Africa,Africa,8,21
Africa\shard0_14709.jpg,outdoor,Africa,Africa,8,20
Africa\shard0_32784.jpg,outdoor,Africa,Africa,9,21
Africa\shard0_23726.jpg,outdoor,Africa,Africa,12,17
Africa\shard0_32646.jpg,outdoor,Africa,Africa,7,21
Africa\shard0_30041.jpg,outdoor,Africa,Africa,6,20
Africa\shard0_33382.jpg,outdoor,Africa,Africa,10,16
Africa\shard0_01688.jpg,outdoor,Africa,Africa,8,20
Africa\shard0_30767.jpg,outdoor,Africa,Africa,8,21
Africa\shard0_29822.jpg,outdoor,Africa,Africa,12,21
Africa\shard0_31781.jpg,outdoor,Africa,Africa,6,20
Africa\shard0_31097.jpg,outdoor,Africa,Africa,9,18
Africa\shard0_33266.jpg,outdoor,Africa,Africa,6,20
Africa\shard0_32676.jpg,outdoor,Africa,Africa,9,21
Africa\shard0_32135.jpg,outdoor,Africa,Africa,7,21
Africa\shard0_20008.jpg,outdoor,Africa,Africa,6,19
Africa\shard0_16254.jpg,outdoor,Africa,Africa,7,20
Africa\shard0_33209.jpg,outdoor,Africa,Africa,8,21
Africa\shard0_09191.jpg,outdoor,Africa,Africa,8,21
Africa\shard0_32037.jpg,outdoor,Africa,Africa,7,19
Africa\shard0_31744.jpg,outdoor,Africa,Africa,12,17
Africa\shard0_30785.jpg,outdoor,Africa,Africa,6,20
Africa\shard0_31757.jpg,outdoor,Africa,Africa,9,21
Africa\shard0_02411.jpg,outdoor,Africa,Africa,11,21
Africa\shard0_30128.jpg,outdoor,Africa,Africa,8,21
Africa\shard0_31638.jpg,outdoor,Africa,Africa,5,19
Africa\shard0_32961.jpg,outdoor,Africa,Africa,12,17
Africa\shard0_33515.jpg,outdoor,Africa,Africa,8,21
Africa\shard0_31109.jpg,outdoor,Africa,Africa,12,17
Africa\shard0_33085.jpg,outdoor,Africa,Africa,8,21
Africa\shard0_30071.jpg,outdoor,Africa,Africa,8,21
Africa\shard0_30404.jpg,outdoor,Africa,Africa,8,21
Africa\shard0_32336.jpg,outdoor,Africa,Africa,12,17
Africa\shard0_19578.jpg,outdoor,Africa,Africa,7,22
Africa\shard0_18186.jpg,outdoor,Africa,Africa,6,22
Africa\shard0_32829.jpg,outdoor,Africa,Africa,12,21
Africa\shard0_33357.jpg,outdoor,Africa,Africa,7,20
Africa\shard0_08876.jpg,outdoor,Africa,Africa,6,20
Africa\shard0_32430.jpg,outdoor,Africa,Africa,12,18
Africa\shard0_06645.jpg,outdoor,Africa,Africa,12,21
Africa\shard0_33262.jpg,outdoor,Africa,Africa,11,21
Africa\shard0_25777.jpg,outdoor,Africa,Africa,7,20
Africa\shard0_31489.jpg,outdoor,Africa,Africa,9,17
Africa\shard0_07915.jpg,outdoor,Africa,Africa,9,21
Africa\shard0_30423.jpg,outdoor,Africa,Africa,9,21
Africa\shard0_32407.jpg,outdoor,Africa,Africa,6,21
Africa\shard0_14160.jpg,outdoor,Africa,Africa,12,17
Africa\shard0_07268.jpg,outdoor,Africa,Africa,6,20
Africa\shard0_33205.jpg,outdoor,Africa,Africa,8,21
Africa\shard0_33902.jpg,outdoor,Africa,Africa,11,21
Africa\shard0_31879.jpg,outdoor,Africa,Africa,7,21
Africa\shard0_31001.jpg,outdoor,Africa,Africa,12,18
Africa\shard0_30471.jpg,outdoor,Africa,Africa,12,17
Africa\shard0_31525.jpg,outdoor,Africa,Africa,8,21
Africa\shard0_16775.jpg,outdoor,Africa,Africa,7,21
Africa\shard0_25013.jpg,outdoor,Africa,Africa,5,19
Africa\shard0_33035.jpg,outdoor,Africa,Africa,6,20
Africa\shard0_32217.jpg,outdoor,Africa,Africa,8,21
Africa\shard0_21530.jpg,outdoor,Africa,Africa,11,20
Africa\shard0_30654.jpg,outdoor,Africa,Africa,6,20
Africa\shard0_33729.jpg,outdoor,Africa,Africa,5,19
Africa\shard0_30919.jpg,outdoor,Africa,Africa,6,21
Africa\shard0_11085.jpg,outdoor,Africa,Africa,6,20
Africa\shard0_31217.jpg,outdoor,Africa,Africa,10,17
Africa\shard0_33375.jpg,outdoor,Africa,Africa,10,19
Africa\shard0_31921.jpg,outdoor,Africa,Africa,6,21
Africa\shard0_31717.jpg,outdoor,Africa,Africa,6,20
Africa\shard0_30759.jpg,outdoor,Africa,Africa,5,19
Africa\shard0_31198.jpg,outdoor,Africa,Africa,7,22
Africa\shard0_32344.jpg,outdoor,Africa,Africa,8,21
Africa\shard0_33250.jpg,outdoor,Africa,Africa,12,17
Africa\shard0_32292.jpg,outdoor,Africa,Africa,8,21
Africa\shard0_32675.jpg,outdoor,Africa,Africa,9,21
Africa\shard0_11689.jpg,outdoor,Africa,Africa,9,21
Africa\shard0_31884.jpg,outdoor,Africa,Africa,12,18
Africa\shard0_32021.jpg,outdoor,Africa,Africa,6,22
Africa\shard0_11001.jpg,outdoor,Africa,Africa,7,22
Africa\shard0_30612.jpg,outdoor,Africa,Africa,8,21
Africa\shard0_31665.jpg,outdoor,Africa,Africa,8,21
Africa\shard0_33046.jpg,outdoor,Africa,Africa,5,19
Africa\shard0_05624.jpg,outdoor,Africa,Africa,6,20
Africa\shard0_31084.jpg,outdoor,Africa,Africa,6,20
Africa\shard0_31857.jpg,outdoor,Africa,Africa,8,21
Africa\shard0_32024.jpg,outdoor,Africa,Africa,8,21
Africa\shard0_11349.jpg,outdoor,Africa,Africa,6,20
Africa\shard0_31310.jpg,outdoor,Africa,Africa,12,17
Africa\shard0_33018.jpg,outdoor,Africa,Africa,12,18
Africa\shard0_31365.jpg,outdoor,Africa,Africa,8,21
Africa\shard0_09822.jpg,outdoor,Africa,Africa,12,18
Africa\shard0_31206.jpg,outdoor,Africa,Africa,6,20
Africa\shard0_30175.jpg,outdoor,Africa,Africa,11,17
Africa\shard0_24933.jpg,outdoor,Africa,Africa,10,16
Africa\shard0_31303.jpg,outdoor,Africa,Africa,8,21
Africa\shard0_31993.jpg,outdoor,Africa,Africa,5,20
Africa\shard0_32409.jpg,outdoor,Africa,Africa,8,21
Africa\shard0_32006.jpg,outdoor,Africa,Africa,12,17
Africa\shard0_32639.jpg,outdoor,Africa,Africa,12,17
Africa\shard0_04699.jpg,outdoor,Africa,Africa,8,21
Africa\shard0_30100.jpg,outdoor,Africa,Africa,6,21
Africa\shard0_33872.jpg,outdoor,Africa,Africa,10,16
Africa\shard0_32177.jpg,outdoor,Africa,Africa,10,16
Africa\shard0_31799.jpg,outdoor,Africa,Africa,9,18
Africa\shard0_17399.jpg,outdoor,Africa,Africa,6,19
Africa\shard0_09514.jpg,outdoor,Africa,Africa,8,21
Africa\shard0_00451.jpg,outdoor,Africa,Africa,9,20
Africa\shard0_31134.jpg,outdoor,Africa,Africa,7,19
Africa\shard0_30950.jpg,outdoor,Africa,Africa,11,21
Africa\shard0_05088.jpg,outdoor,Africa,Africa,8,21
Africa\shard0_24248.jpg,outdoor,Africa,Africa,6,21
Africa\shard0_33427.jpg,outdoor,Africa,Africa,8,21
Africa\shard0_30465.jpg,outdoor,Africa,Africa,8,21
Africa\shard0_32988.jpg,outdoor,Africa,Africa,12,17
Africa\shard0_31835.jpg,outdoor,Africa,Africa,5,19
Africa\shard0_32038.jpg,outdoor,Africa,Africa,11,21
Africa\shard0_32650.jpg,outdoor,Africa,Africa,6,20
Africa\shard0_31457.jpg,outdoor,Africa,Africa,7,20
Africa\shard0_28093.jpg,outdoor,Africa,Africa,8,21
Africa\shard0_30076.jpg,outdoor,Africa,Africa,11,16
Africa\shard0_32729.jpg,outdoor,Africa,Africa,8,21
Africa\shard0_28593.jpg,outdoor,Africa,Africa,8,20
Africa\shard0_13562.jpg,outdoor,Africa,Africa,7,22
Africa\shard0_11603.jpg,outdoor,Africa,Africa,9,21
Africa\shard0_33296.jpg,outdoor,Africa,Africa,12,18
Africa\shard0_30965.jpg,outdoor,Africa,Africa,6,20
Africa\shard0_31491.jpg,outdoor,Africa,Africa,10,17
Africa\shard0_31344.jpg,outdoor,Africa,Africa,10,17
Africa\shard0_05078.jpg,outdoor,Africa,Africa,11,21
Africa\shard0_33044.jpg,outdoor,Africa,Africa,12,17
Africa\shard0_32468.jpg,outdoor,Africa,Africa,12,17
Africa\shard0_31613.jpg,outdoor,Africa,Africa,10,17
Africa\shard0_31918.jpg,outdoor,Africa,Africa,11,21
Africa\shard0_32028.jpg,outdoor,Africa,Africa,5,19
Africa\shard0_30111.jpg,outdoor,Africa,Africa,12,17
Africa\shard0_33696.jpg,outdoor,Africa,Africa,6,20
Africa\shard0_13321.jpg,outdoor,Africa,Africa,7,22
Africa\shard0_30596.jpg,outdoor,Africa,Africa,12,17
Africa\shard0_32208.jpg,outdoor,Africa,Africa,9,21
Africa\shard0_32532.jpg,outdoor,Africa,Africa,8,21
Africa\shard0_31287.jpg,outdoor,Africa,Africa,8,20
Africa\shard0_30289.jpg,outdoor,Africa,Africa,12,17
Africa\shard0_30757.jpg,outdoor,Africa,Africa,12,19
Africa\shard0_33680.jpg,outdoor,Africa,Africa,8,21
Africa\shard0_29405.jpg,outdoor,Africa,Africa,12,17
Africa\shard0_02018.jpg,outdoor,Africa,Africa,9,18
Africa\shard0_31439.jpg,outdoor,Africa,Africa,7,19
Africa\shard0_04158.jpg,outdoor,Africa,Africa,7,22
Africa\shard0_32010.jpg,outdoor,Africa,Africa,11,17
Africa\shard0_32285.jpg,outdoor,Africa,Africa,8,20
Africa\shard0_30706.jpg,outdoor,Africa,Africa,8,21
Africa\shard0_32015.jpg,outdoor,Africa,Africa,11,21
Africa\shard0_33356.jpg,outdoor,Africa,Africa,12,18
Africa\shard0_30324.jpg,outdoor,Africa,Africa,7,20
Africa\shard0_32338.jpg,outdoor,Africa,Africa,6,20
Africa\shard0_31990.jpg,outdoor,Africa,Africa,10,21
Africa\shard0_32146.jpg,outdoor,Africa,Africa,8,21
Africa\shard0_30837.jpg,outdoor,Africa,Africa,9,19
Africa\shard0_31747.jpg,outdoor,Africa,Africa,7,20
Africa\shard0_33334.jpg,outdoor,Africa,Africa,5,20
Africa\shard0_32801.jpg,outdoor,Africa,Africa,8,21
Africa\shard0_04395.jpg,outdoor,Africa,Africa,6,21
Africa\shard0_15820.jpg,outdoor,Africa,Africa,12,17
Africa\shard0_22725.jpg,outdoor,Africa,Africa,12,17
Africa\shard0_31967.jpg,outdoor,Africa,Africa,11,21
Africa\shard0_33395.jpg,outdoor,Africa,Africa,12,17
Africa\shard0_33088.jpg,outdoor,Africa,Africa,5,19
Africa\shard0_32971.jpg,outdoor,Africa,Africa,8,21
Africa\shard0_31851.jpg,outdoor,Africa,Africa,10,17
Africa\shard0_32586.jpg,outdoor,Africa,Africa,10,17
Africa\shard0_33854.jpg,outdoor,Africa,Africa,12,17
Africa\shard0_30657.jpg,outdoor,Africa,Africa,12,21
Africa\shard0_14462.jpg,outdoor,Africa,Africa,6,20
Africa\shard0_31222.jpg,outdoor,Africa,Africa,7,22
Africa\shard0_32478.jpg,outdoor,Africa,Africa,12,19
Africa\shard0_31326.jpg,outdoor,Africa,Africa,6,21
Africa\shard0_32099.jpg,outdoor,Africa,Africa,10,17
Africa\shard0_32437.jpg,outdoor,Africa,Africa,12,17
Africa\shard0_25974.jpg,outdoor,Africa,Africa,9,18
Africa\shard0_31147.jpg,outdoor,Africa,Africa,10,18
Africa\shard0_33607.jpg,outdoor,Africa,Africa,8,21
Africa\shard0_31440.jpg,outdoor,Africa,Africa,12,17
Africa\shard0_33077.jpg,outdoor,Africa,Africa,6,22
Africa\shard0_29636.jpg,outdoor,Africa,Africa,6,21
Africa\shard0_30944.jpg,outdoor,Africa,Africa,8,21
Africa\shard0_33661.jpg,outdoor,Africa,Africa,12,17
Africa\shard0_01953.jpg,outdoor,Africa,Africa,8,21
Africa\shard0_11711.jpg,outdoor,Africa,Africa,12,18
Africa\shard0_32372.jpg,outdoor,Africa,Africa,7,20
Africa\shard0_32571.jpg,outdoor,Africa,Africa,6,21
Africa\shard0_33820.jpg,outdoor,Africa,Africa,7,19
Africa\shard0_17102.jpg,outdoor,Africa,Africa,8,21
Africa\shard0_32621.jpg,outdoor,Africa,Africa,6,20
Africa\shard0_33790.jpg,outdoor,Africa,Africa,9,17
Africa\shard0_31096.jpg,outdoor,Africa,Africa,8,21
Africa\shard0_16415.jpg,outdoor,Africa,Africa,11,21
Africa\shard0_27903.jpg,outdoor,Africa,Africa,11,17
Africa\shard0_30675.jpg,outdoor,Africa,Africa,11,20
Africa\shard0_33146.jpg,outdoor,Africa,Africa,10,17
Africa\shard0_32953.jpg,outdoor,Africa,Africa,8,21
Africa\shard0_30777.jpg,outdoor,Africa,Africa,5,19
Africa\shard0_30622.jpg,outdoor,Africa,Africa,9,21
Africa\shard0_14672.jpg,outdoor,Africa,Africa,8,21
Africa\shard0_01771.jpg,outdoor,Africa,Africa,6,19
Africa\shard0_30877.jpg,outdoor,Africa,Africa,8,21
Africa\shard0_31318.jpg,outdoor,Africa,Africa,7,20
Africa\shard0_32910.jpg,outdoor,Africa,Africa,8,21
Africa\shard0_32717.jpg,outdoor,Africa,Africa,6,21
Africa\shard0_33024.jpg,outdoor,Africa,Africa,5,19
Africa\shard0_32472.jpg,outdoor,Africa,Africa,11,18
Africa\shard0_33614.jpg,outdoor,Africa,Africa,8,21
Africa\shard0_25765.jpg,outdoor,Africa,Africa,6,21
Africa\shard0_31916.jpg,outdoor,Africa,Africa,7,20
Africa\shard0_20275.jpg,outdoor,Africa,Africa,8,21
Africa\shard0_03215.jpg,outdoor,Africa,Africa,6,20
Africa\shard0_30446.jpg,outdoor,Africa,Africa,11,21
Africa\shard0_33767.jpg,outdoor,Africa,Africa,6,20
Africa\shard0_20656.jpg,outdoor,Africa,Africa,7,22
Africa\shard0_04383.jpg,outdoor,Africa,Africa,6,20
Africa\shard0_31704.jpg,outdoor,Africa,Africa,10,21
Africa\shard0_32819.jpg,outdoor,Africa,Africa,10,17
Africa\shard0_30592.jpg,outdoor,Africa,Africa,6,20
Africa\shard0_33107.jpg,outdoor,Africa,Africa,10,21
Africa\shard0_33829.jpg,outdoor,Africa,Africa,7,22
Africa\shard0_31444.jpg,outdoor,Africa,Africa,5,19
Africa\shard0_33472.jpg,outdoor,Africa,Africa,12,17
Africa\shard0_31223.jpg,outdoor,Africa,Africa,9,16
Africa\shard0_33173.jpg,outdoor,Africa,Africa,5,19
Africa\shard0_33000.jpg,outdoor,Africa,Africa,8,21
Africa\shard0_33408.jpg,outdoor,Africa,Africa,6,22
Africa\shard0_31920.jpg,outdoor,Africa,Africa,12,17
Africa\shard0_14835.jpg,outdoor,Africa,Africa,6,20
Africa\shard0_32466.jpg,outdoor,Africa,Africa,8,21
Africa\shard0_31996.jpg,outdoor,Africa,Africa,9,18
Africa\shard0_33083.jpg,outdoor,Africa,Africa,5,19
Africa\shard0_32180.jpg,outdoor,Africa,Africa,8,21
Africa\shard0_32317.jpg,outdoor,Africa,Africa,10,19
Africa\shard0_14082.jpg,outdoor,Africa,Africa,11,21
Africa\shard0_33437.jpg,outdoor,Africa,Africa,7,20
Africa\shard0_30755.jpg,outdoor,Africa,Africa,7,20
Africa\shard0_33029.jpg,outdoor,Africa,Africa,12,21
Africa\shard0_09669.jpg,outdoor,Africa,Africa,12,21
Africa\shard0_31015.jpg,outdoor,Africa,Africa,8,21
Africa\shard0_33288.jpg,outdoor,Africa,Africa,12,19
Africa\shard0_05118.jpg,outdoor,Africa,Africa,5,19
Africa\shard0_13803.jpg,outdoor,Africa,Africa,5,19
Africa\shard0_30300.jpg,outdoor,Africa,Africa,8,21
Africa\shard0_18895.jpg,outdoor,Africa,Africa,9,21
Africa\shard0_33622.jpg,outdoor,Africa,Africa,12,21
Africa\shard0_00879.jpg,outdoor,Africa,Africa,5,19
Africa\shard0_32702.jpg,outdoor,Africa,Africa,5,19
Africa\shard0_32880.jpg,outdoor,Africa,Africa,12,19
Africa\shard0_30499.jpg,outdoor,Africa,Africa,12,17
Africa\shard0_23542.jpg,outdoor,Africa,Africa,8,21
Africa\shard0_32262.jpg,outdoor,Africa,Africa,12,17
Africa\shard0_33239.jpg,outdoor,Africa,Africa,5,19
Africa\shard0_32202.jpg,outdoor,Africa,Africa,8,20
Africa\shard0_33619.jpg,outdoor,Africa,Africa,5,19
Africa\shard0_31141.jpg,outdoor,Africa,Africa,11,21
Africa\shard0_30085.jpg,outdoor,Africa,Africa,12,18
Africa\shard0_33127.jpg,outdoor,Africa,Africa,10,21
Africa\shard0_24247.jpg,outdoor,Africa,Africa,6,21
Africa\shard0_13727.jpg,outdoor,Africa,Africa,8,21
Africa\shard0_30601.jpg,outdoor,Africa,Africa,6,20
Africa\shard0_31233.jpg,outdoor,Africa,Africa,7,20
Africa\shard0_33870.jpg,outdoor,Africa,Africa,8,21
Africa\shard0_33615.jpg,outdoor,Africa,Africa,12,17
Africa\shard0_30884.jpg,outdoor,Africa,Africa,6,20
Africa\shard0_32389.jpg,outdoor,Africa,Africa,10,17
Africa\shard0_30656.jpg,outdoor,Africa,Africa,12,21
Africa\shard0_33388.jpg,outdoor,Africa,Africa,12,21
Africa\shard0_13500.jpg,outdoor,Africa,Africa,9,21
Africa\shard0_30299.jpg,outdoor,Africa,Africa,6,20
Africa\shard0_32459.jpg,outdoor,Africa,Africa,6,20
Africa\shard0_33602.jpg,outdoor,Africa,Africa,10,16
Africa\shard0_31321.jpg,outdoor,Africa,Africa,6,19
Africa\shard0_30558.jpg,outdoor,Africa,Africa,12,18
Africa\shard0_16634.jpg,outdoor,Africa,Africa,11,21
Africa\shard0_31099.jpg,outdoor,Africa,Africa,11,21
Africa\shard0_13323.jpg,outdoor,Africa,Africa,9,16
Africa\shard0_31721.jpg,outdoor,Africa,Africa,7,20
Africa\shard0_32580.jpg,outdoor,Africa,Africa,10,16
Africa\shard0_17544.jpg,outdoor,Africa,Africa,12,17
Africa\shard0_32214.jpg,outdoor,Africa,Africa,8,21
Africa\shard0_25566.jpg,outdoor,Africa,Africa,9,21
Africa\shard0_26776.jpg,outdoor,Africa,Africa,12,18
Africa\shard0_33409.jpg,outdoor,Africa,Africa,6,21
Africa\shard0_30291.jpg,outdoor,Africa,Africa,9,21
Africa\shard0_11485.jpg,outdoor,Africa,Africa,12,17
Africa\shard0_18070.jpg,outdoor,Africa,Africa,9,17
Africa\shard0_32035.jpg,outdoor,Africa,Africa,12,17
Africa\shard0_22872.jpg,outdoor,Africa,Africa,5,20
Africa\shard0_33644.jpg,outdoor,Africa,Africa,5,19
Africa\shard0_33611.jpg,outdoor,Africa,Africa,12,17
Africa\shard0_30216.jpg,outdoor,Africa,Africa,12,17
Africa\shard0_32100.jpg,outdoor,Africa,Africa,9,21
Africa\shard0_19738.jpg,outdoor,Africa,Africa,12,21
Africa\shard0_31237.jpg,outdoor,Africa,Africa,12,18
Africa\shard0_00272.jpg,outdoor,Africa,Africa,12,17
Africa\shard0_10573.jpg,outdoor,Africa,Africa,8,20
Africa\shard0_31499.jpg,outdoor,Africa,Africa,8,21
Africa\shard0_33666.jpg,outdoor,Africa,Africa,11,21
Africa\shard0_32452.jpg,outdoor,Africa,Africa,6,21
Africa\shard0_33273.jpg,outdoor,Africa,Africa,6,21
Africa\shard0_33386.jpg,outdoor,Africa,Africa,12,21
Africa\shard0_30459.jpg,outdoor,Africa,Africa,7,22
Africa\shard0_33219.jpg,outdoor,Africa,Africa,10,16
Africa\shard0_31339.jpg,outdoor,Africa,Africa,9,19
Africa\shard0_33435.jpg,outdoor,Africa,Africa,6,20
Africa\shard0_29046.jpg,outdoor,Africa,Africa,12,19
Africa\shard0_31268.jpg,outdoor,Africa,Africa,9,17
Africa\shard0_31564.jpg,outdoor,Africa,Africa,6,21
Africa\shard0_32543.jpg,outdoor,Africa,Africa,11,21
Africa\shard0_31153.jpg,outdoor,Africa,Africa,8,21
Africa\shard0_31196.jpg,outdoor,Africa,Africa,5,20
Africa\shard0_33784.jpg,outdoor,Africa,Africa,6,20
Africa\shard0_33496.jpg,outdoor,Africa,Africa,8,21
Africa\shard0_31902.jpg,outdoor,Africa,Africa,8,21
Africa\shard0_31253.jpg,outdoor,Africa,Africa,7,22
Africa\shard0_32697.jpg,outdoor,Africa,Africa,6,20
Africa\shard0_30904.jpg,outdoor,Africa,Africa,5,19
Africa\shard0_31416.jpg,outdoor,Africa,Africa,12,17
Africa\shard0_30980.jpg,outdoor,Africa,Africa,11,21
Africa\shard0_33091.jpg,outdoor,Africa,Africa,7,20
Africa\shard0_30796.jpg,outdoor,Africa,Africa,10,18
Africa\shard0_32875.jpg,outdoor,Africa,Africa,7,20
Africa\shard0_30854.jpg,outdoor,Africa,Africa,5,19
Africa\shard0_31701.jpg,outdoor,Africa,Africa,8,21
Africa\shard0_33509.jpg,outdoor,Africa,Africa,9,20
Africa\shard0_30649.jpg,outdoor,Africa,Africa,10,16
Africa\shard0_08979.jpg,outdoor,Africa,Africa,10,17
Africa\shard0_32718.jpg,outdoor,Africa,Africa,5,20
Africa\shard0_30927.jpg,outdoor,Africa,Africa,8,21
Africa\shard0_31673.jpg,outdoor,Africa,Africa,8,19
Africa\shard0_32129.jpg,outdoor,Africa,Africa,8,21
Africa\shard0_32248.jpg,outdoor,Africa,Africa,5,19
Africa\shard0_32790.jpg,outdoor,Africa,Africa,7,20
Africa\shard0_18616.jpg,outdoor,Africa,Africa,11,21
Africa\shard0_30254.jpg,outdoor,Africa,Africa,7,19
Africa\shard0_31898.jpg,outdoor,Africa,Africa,12,17
Africa\shard0_32161.jpg,outdoor,Africa,Africa,8,21
Africa\shard0_30280.jpg,outdoor,Africa,Africa,12,21
Africa\shard0_31772.jpg,outdoor,Africa,Africa,9,17
Africa\shard0_33461.jpg,outdoor,Africa,Africa,12,17
Africa\shard0_32741.jpg,outdoor,Africa,Africa,12,21
Africa\shard0_31247.jpg,outdoor,Africa,Africa,12,17
Africa\shard0_31112.jpg,outdoor,Africa,Africa,12,17
Africa\shard0_32475.jpg,outdoor,Africa,Africa,5,19
Africa\shard0_31610.jpg,outdoor,Africa,Africa,12,18
Africa\shard0_31430.jpg,outdoor,Africa,Africa,12,17
Africa\shard0_09154.jpg,outdoor,Africa,Africa,12,17
Africa\shard0_31937.jpg,outdoor,Africa,Africa,7,20
Africa\shard0_30320.jpg,outdoor,Africa,Africa,12,21
Africa\shard0_30694.jpg,outdoor,Africa,Africa,12,21
Africa\shard0_32915.jpg,outdoor,Africa,Africa,9,21
Africa\shard0_32865.jpg,outdoor,Africa,Africa,5,19
Africa\shard0_32392.jpg,outdoor,Africa,Africa,6,21
Africa\shard0_31829.jpg,outdoor,Africa,Africa,8,21
Africa\shard0_17849.jpg,outdoor,Africa,Africa,8,21
Africa\shard0_12207.jpg,outdoor,Africa,Africa,6,20
Africa\shard0_32845.jpg,outdoor,Africa,Africa,8,20
Africa\shard0_04479.jpg,outdoor,Africa,Africa,6,20
Africa\shard0_32713.jpg,outdoor,Africa,Africa,8,21
Africa\shard0_20691.jpg,outdoor,Africa,Africa,5,19
Africa\shard0_30203.jpg,outdoor,Africa,Africa,8,21
Africa\shard0_26113.jpg,outdoor,Africa,Africa,8,21
Africa\shard0_30361.jpg,outdoor,Africa,Africa,12,17
Africa\shard0_30248.jpg,outdoor,Africa,Africa,9,18
Africa\shard0_31056.jpg,outdoor,Africa,Africa,5,19
Africa\shard0_33342.jpg,outdoor,Africa,Africa,7,20
Africa\shard0_32997.jpg,outdoor,Africa,Africa,5,19
Africa\shard0_31259.jpg,outdoor,Africa,Africa,12,17
Africa\shard0_33287.jpg,outdoor,Africa,Africa,9,17
Africa\shard0_30781.jpg,outdoor,Africa,Africa,10,16
Africa\shard0_06166.jpg,outdoor,Africa,Africa,6,21
Africa\shard0_01606.jpg,outdoor,Africa,Africa,5,19
Africa\shard0_33402.jpg,outdoor,Africa,Africa,10,21
Africa\shard0_32896.jpg,outdoor,Africa,Africa,8,21
Africa\shard0_30664.jpg,outdoor,Africa,Africa,9,21
Africa\shard0_30207.jpg,outdoor,Africa,Africa,12,17
Africa\shard0_16719.jpg,outdoor,Africa,Africa,6,21
Africa\shard0_31761.jpg,outdoor,Africa,Africa,6,20
Africa\shard0_19485.jpg,outdoor,Africa,Africa,12,19
Africa\shard0_31888.jpg,outdoor,Africa,Africa,12,17
Africa\shard0_32950.jpg,outdoor,Africa,Africa,6,19
Africa\shard0_32184.jpg,outdoor,Africa,Africa,6,21
Africa\shard0_30052.jpg,outdoor,Africa,Africa,11,16
Africa\shard0_31588.jpg,outdoor,Africa,Africa,10,17
Africa\shard0_26987.jpg,outdoor,Africa,Africa,8,21
Africa\shard0_32711.jpg,outdoor,Africa,Africa,9,17
Africa\shard0_30517.jpg,outdoor,Africa,Africa,9,17
Africa\shard0_31983.jpg,outdoor,Africa,Africa,8,21
Africa\shard0_24989.jpg,outdoor,Africa,Africa,9,21
Africa\shard0_32633.jpg,outdoor,Africa,Africa,7,21
Africa\shard0_17957.jpg,outdoor,Africa,Africa,12,21
Africa\shard0_15056.jpg,outdoor,Africa,Africa,9,17
Africa\shard0_31630.jpg,outdoor,Africa,Africa,5,20
Africa\shard0_30297.jpg,outdoor,Africa,Africa,10,16
Africa\shard0_31523.jpg,outdoor,Africa,Africa,7,20
Africa\shard0_33185.jpg,outdoor,Africa,Africa,10,21
Africa\shard0_30937.jpg,outdoor,Africa,Africa,9,18
Africa\shard0_32720.jpg,outdoor,Africa,Africa,12,21
Africa\shard0_32732.jpg,outdoor,Africa,Africa,10,16
Africa\shard0_33076.jpg,outdoor,Africa,Africa,9,17
Africa\shard0_18611.jpg,outdoor,Africa,Africa,12,17
Africa\shard0_03948.jpg,outdoor,Africa,Africa,12,21
Africa\shard0_31812.jpg,outdoor,Africa,Africa,6,20
Africa\shard0_30727.jpg,outdoor,Africa,Africa,5,19
Africa\shard0_33837.jpg,outdoor,Africa,Africa,12,17
Africa\shard0_08700.jpg,outdoor,Africa,Africa,7,20
Africa\shard0_32264.jpg,outdoor,Africa,Africa,9,21
Africa\shard0_30935.jpg,outdoor,Africa,Africa,12,17
Africa\shard0_31816.jpg,outdoor,Africa,Africa,7,21
Africa\shard0_22085.jpg,outdoor,Africa,Africa,12,19
Africa\shard0_01516.jpg,outdoor,Africa,Africa,9,16
Africa\shard0_28773.jpg,outdoor,Africa,Africa,6,20
Africa\shard0_31075.jpg,outdoor,Africa,Africa,12,17
Africa\shard0_30224.jpg,outdoor,Africa,Africa,12,21
Africa\shard0_15353.jpg,outdoor,Africa,Africa,5,19
Africa\shard0_32050.jpg,outdoor,Africa,Africa,8,21
Africa\shard0_02019.jpg,outdoor,Africa,Africa,11,21
Africa\shard0_31255.jpg,outdoor,Africa,Africa,6,21
Africa\shard0_33291.jpg,outdoor,Africa,Africa,12,19
Africa\shard0_32025.jpg,outdoor,Africa,Africa,11,21
Africa\shard0_30925.jpg,outdoor,Africa,Africa,12,21
Africa\shard0_33773.jpg,outdoor,Africa,Africa,12,17
Africa\shard0_31441.jpg,outdoor,Africa,Africa,12,19
Africa\shard0_32467.jpg,outdoor,Africa,Africa,5,19
Africa\shard0_16972.jpg,outdoor,Africa,Africa,8,21
Africa\shard0_32556.jpg,outdoor,Africa,Africa,6,21
Africa\shard0_31500.jpg,outdoor,Africa,Africa,6,22
Africa\shard0_30756.jpg,outdoor,Africa,Africa,8,21
Africa\shard0_32979.jpg,outdoor,Africa,Africa,9,18
Africa\shard0_30613.jpg,outdoor,Africa,Africa,12,17
Africa\shard0_32104.jpg,outdoor,Africa,Africa,11,21
Africa\shard0_31700.jpg,outdoor,Africa,Africa,5,19
Africa\shard0_23489.jpg,outdoor,Africa,Africa,6,21
Africa\shard0_02397.jpg,outdoor,Africa,Africa,12,20
Africa\shard0_30527.jpg,outdoor,Africa,Africa,8,21
Africa\shard0_33419.jpg,outdoor,Africa,Africa,8,21
Africa\shard0_25337.jpg,outdoor,Africa,Africa,12,19
Africa\shard0_32461.jpg,outdoor,Africa,Africa,5,19
Africa\shard0_33570.jpg,outdoor,Africa,Africa,12,17
Africa\shard0_30220.jpg,outdoor,Africa,Africa,11,21
Africa\shard0_31956.jpg,outdoor,Africa,Africa,12,17
Africa\shard0_30083.jpg,outdoor,Africa,Africa,6,20
Africa\shard0_31785.jpg,outdoor,Africa,Africa,8,21
Africa\shard0_11842.jpg,outdoor,Africa,Africa,8,22
Africa\shard0_32164.jpg,outdoor,Africa,Africa,9,21
Africa\shard0_33144.jpg,outdoor,Africa,Africa,6,20
Africa\shard0_08058.jpg,outdoor,Africa,Africa,5,19
Africa\shard0_30021.jpg,outdoor,Africa,Africa,6,20
Africa\shard0_33652.jpg,outdoor,Africa,Africa,7,21
Africa\shard0_30581.jpg,outdoor,Africa,Africa,6,22
Africa\shard0_11478.jpg,outdoor,Africa,Africa,12,19
Africa\shard0_32815.jpg,outdoor,Africa,Africa,6,22
Africa\shard0_33040.jpg,outdoor,Africa,Africa,5,19
Africa\shard0_33202.jpg,outdoor,Africa,Africa,7,22
Africa\shard0_33888.jpg,outdoor,Africa,Africa,8,21
Africa\shard0_32123.jpg,outdoor,Africa,Africa,12,19
Africa\shard0_33156.jpg,outdoor,Africa,Africa,12,19
Americas\shard0_03592.jpg,outdoor,Americas,Americas,12,5
Americas\shard0_07283.jpg,outdoor,Americas,Americas,10,9
Americas\shard0_22756.jpg,outdoor,Americas,Americas,10,11
Americas\shard0_28605.jpg,outdoor,Americas,Americas,12,8
Americas\shard0_08493.jpg,outdoor,Americas,Americas,10,2
Americas\shard0_05419.jpg,outdoor,Americas,Americas,12,5
Americas\shard0_05377.jpg,outdoor,Americas,Americas,13,11
Americas\shard0_07010.jpg,outdoor,Americas,Americas,13,9
Americas\shard0_16448.jpg,outdoor,Americas,Americas,13,8
Americas\shard0_23855.jpg,outdoor,Americas,Americas,13,10
Americas\shard0_22845.jpg,outdoor,Americas,Americas,13,10
Americas\shard0_23264.jpg,outdoor,Americas,Americas,12,9
Americas\shard0_28679.jpg,outdoor,Americas,Americas,5,11
Americas\shard0_28554.jpg,outdoor,Americas,Americas,13,10
Americas\shard0_04482.jpg,outdoor,Americas,Americas,13,9
Americas\shard0_13072.jpg,outdoor,Americas,Americas,13,10
Americas\shard0_08739.jpg,outdoor,Americas,Americas,13,10
Americas\shard0_01416.jpg,outdoor,Americas,Americas,13,9
Americas\shard0_22449.jpg,outdoor,Americas,Americas,13,10
Americas\shard0_02849.jpg,outdoor,Americas,Americas,12,5
Americas\shard0_00702.jpg,outdoor,Americas,Americas,13,10
Americas\shard0_17020.jpg,outdoor,Americas,Americas,15,3
Americas\shard0_19200.jpg,outdoor,Americas,Americas,13,9
Americas\shard0_01712.jpg,outdoor,Americas,Americas,12,9
Americas\shard0_26221.jpg,outdoor,Americas,Americas,12,8
Americas\shard0_23029.jpg,outdoor,Americas,Americas,12,9
Americas\shard0_03801.jpg,outdoor,Americas,Americas,12,5
Americas\shard0_09518.jpg,outdoor,Americas,Americas,3,10
Americas\shard0_05509.jpg,outdoor,Americas,Americas,12,6
Americas\shard0_26275.jpg,outdoor,Americas,Americas,11,7
Americas\shard0_08897.jpg,outdoor,Americas,Americas,6,11
Americas\shard0_25667.jpg,outdoor,Americas,Americas,12,6
Americas\shard0_27765.jpg,outdoor,Americas,Americas,13,10
Americas\shard0_07189.jpg,outdoor,Americas,Americas,11,9
Americas\shard0_00406.jpg,outdoor,Americas,Americas,13,5
Americas\shard0_25684.jpg,outdoor,Americas,Americas,12,9
Americas\shard0_18172.jpg,outdoor,Americas,Americas,12,9
Americas\shard0_09629.jpg,outdoor,Americas,Americas,12,7
Americas\shard0_17064.jpg,outdoor,Americas,Americas,12,6
Americas\shard0_29182.jpg,outdoor,Americas,Americas,12,10
Americas\shard0_12741.jpg,outdoor,Americas,Americas,12,10
Americas\shard0_18576.jpg,outdoor,Americas,Americas,12,8
Americas\shard0_21737.jpg,outdoor,Americas,Americas,13,9
Americas\shard0_00566.jpg,outdoor,Americas,Americas,11,8
Americas\shard0_08038.jpg,outdoor,Americas,Americas,12,9
Americas\shard0_27307.jpg,outdoor,Americas,Americas,13,10
Americas\shard0_07891.jpg,outdoor,Americas,Americas,13,9
Americas\shard0_26790.jpg,outdoor,Americas,Americas,13,10
Americas\shard0_19786.jpg,outdoor,Americas,Americas,11,8
Americas\shard0_14422.jpg,outdoor,Americas,Americas,12,7
Americas\shard0_29887.jpg,outdoor,Americas,Americas,12,7
Americas\shard0_06562.jpg,outdoor,Americas,Americas,12,8
Americas\shard0_14467.jpg,outdoor,Americas,Americas,13,5
Americas\shard0_11376.jpg,outdoor,Americas,Americas,12,5
Americas\shard0_26666.jpg,outdoor,Americas,Americas,13,10
Americas\shard0_03464.jpg,outdoor,Americas,Americas,11,8
Americas\shard0_01873.jpg,outdoor,Americas,Americas,13,10
Americas\shard0_03795.jpg,outdoor,Americas,Americas,10,8
Americas\shard0_13573.jpg,outdoor,Americas,Americas,5,10
Americas\shard0_08654.jpg,outdoor,Americas,Americas,12,9
Americas\shard0_22187.jpg,outdoor,Americas,Americas,12,6
Americas\shard0_11767.jpg,outdoor,Americas,Americas,5,10
Americas\shard0_14184.jpg,outdoor,Americas,Americas,13,10
Americas\shard0_03433.jpg,outdoor,Americas,Americas,12,8
Americas\shard0_01444.jpg,outdoor,Americas,Americas,11,2
Americas\shard0_12436.jpg,outdoor,Americas,Americas,13,11
Americas\shard0_04669.jpg,outdoor,Americas,Americas,12,6
Americas\shard0_16903.jpg,outdoor,Americas,Americas,10,9
Americas\shard0_08202.jpg,outdoor,Americas,Americas,12,6
Americas\shard0_00601.jpg,outdoor,Americas,Americas,12,10
Americas\shard0_01540.jpg,outdoor,Americas,Americas,13,9
Americas\shard0_05924.jpg,outdoor,Americas,Americas,13,9
Americas\shard0_23893.jpg,outdoor,Americas,Americas,13,8
Americas\shard0_18379.jpg,outdoor,Americas,Americas,3,10
Americas\shard0_00486.jpg,outdoor,Americas,Americas,13,10
Americas\shard0_15221.jpg,outdoor,Americas,Americas,13,9
Americas\shard0_05985.jpg,outdoor,Americas,Americas,13,5
Americas\shard0_01702.jpg,outdoor,Americas,Americas,12,7
Americas\shard0_14556.jpg,outdoor,Americas,Americas,13,5
Americas\shard0_23365.jpg,outdoor,Americas,Americas,6,13
Americas\shard0_21419.jpg,outdoor,Americas,Americas,13,10
Americas\shard0_10781.jpg,outdoor,Americas,Americas,12,9
Americas\shard0_09788.jpg,outdoor,Americas,Americas,13,5
Americas\shard0_28373.jpg,outdoor,Americas,Americas,14,9
Americas\shard0_02273.jpg,outdoor,Americas,Americas,13,10
Americas\shard0_21584.jpg,outdoor,Americas,Americas,10,9
Americas\shard0_18110.jpg,outdoor,Americas,Americas,12,6
Americas\shard0_16383.jpg,outdoor,Americas,Americas,6,13
Americas\shard0_24914.jpg,outdoor,Americas,Americas,12,6
Americas\shard0_05605.jpg,outdoor,Americas,Americas,12,6
Americas\shard0_27955.jpg,outdoor,Americas,Americas,9,11
Americas\shard0_06270.jpg,outdoor,Americas,Americas,11,8
Americas\shard0_20532.jpg,outdoor,Americas,Americas,13,5
Americas\shard0_27245.jpg,outdoor,Americas,Americas,7,10
Americas\shard0_13276.jpg,outdoor,Americas,Americas,12,6
Americas\shard0_23155.jpg,outdoor,Americas,Americas,12,5
Americas\shard0_14109.jpg,outdoor,Americas,Americas,11,2
Americas\shard0_09278.jpg,outdoor,Americas,Americas,10,9
Americas\shard0_10673.jpg,outdoor,Americas,Americas,13,5
Americas\shard0_20320.jpg,outdoor,Americas,Americas,14,6
Americas\shard0_21304.jpg,outdoor,Americas,Americas,12,5
Americas\shard0_11632.jpg,outdoor,Americas,Americas,13,10
Americas\shard0_16110.jpg,outdoor,Americas,Americas,5,10
Americas\shard0_16924.jpg,outdoor,Americas,Americas,12,6
Americas\shard0_15439.jpg,outdoor,Americas,Americas,15,1
Americas\shard0_08589.jpg,outdoor,Americas,Americas,12,9
Americas\shard0_13137.jpg,outdoor,Americas,Americas,11,9
Americas\shard0_26259.jpg,outdoor,Americas,Americas,12,9
Americas\shard0_05584.jpg,outdoor,Americas,Americas,13,8
Americas\shard0_01686.jpg,outdoor,Americas,Americas,12,10
Americas\shard0_17125.jpg,outdoor,Americas,Americas,13,10
Americas\shard0_02827.jpg,outdoor,Americas,Americas,12,5
Americas\shard0_28881.jpg,outdoor,Americas,Americas,11,7
Americas\shard0_08884.jpg,outdoor,Americas,Americas,12,9
Americas\shard0_29432.jpg,outdoor,Americas,Americas,12,9
Americas\shard0_27406.jpg,outdoor,Americas,Americas,13,8
Americas\shard0_26229.jpg,outdoor,Americas,Americas,5,12
Americas\shard0_10025.jpg,outdoor,Americas,Americas,13,8
Americas\shard0_02433.jpg,outdoor,Americas,Americas,11,9
Americas\shard0_13525.jpg,outdoor,Americas,Americas,6,11
Americas\shard0_13622.jpg,outdoor,Americas,Americas,13,5
Americas\shard0_08528.jpg,outdoor,Americas,Americas,12,9
Americas\shard0_14419.jpg,outdoor,Americas,Americas,5,12
Americas\shard0_17778.jpg,outdoor,Americas,Americas,12,10
Americas\shard0_17589.jpg,outdoor,Americas,Americas,12,10
Americas\shard0_03008.jpg,outdoor,Americas,Americas,13,10
Americas\shard0_12456.jpg,outdoor,Americas,Americas,10,8
Americas\shard0_09494.jpg,outdoor,Americas,Americas,12,6
Americas\shard0_17670.jpg,outdoor,Americas,Americas,10,11
Americas\shard0_02919.jpg,outdoor,Americas,Americas,12,10
Americas\shard0_21273.jpg,outdoor,Americas,Americas,13,10
Americas\shard0_19896.jpg,outdoor,Americas,Americas,12,10
Americas\shard0_21175.jpg,outdoor,Americas,Americas,6,13
Americas\shard0_15588.jpg,outdoor,Americas,Americas,13,10
Americas\shard0_29022.jpg,outdoor,Americas,Americas,10,9
Americas\shard0_02971.jpg,outdoor,Americas,Americas,12,7
Americas\shard0_23496.jpg,outdoor,Americas,Americas,13,5
Americas\shard0_08196.jpg,outdoor,Americas,Americas,13,6
Americas\shard0_26190.jpg,outdoor,Americas,Americas,13,10
Americas\shard0_00453.jpg,outdoor,Americas,Americas,13,9
Americas\shard0_28241.jpg,outdoor,Americas,Americas,6,13
Americas\shard0_14151.jpg,outdoor,Americas,Americas,7,13
Americas\shard0_08183.jpg,outdoor,Americas,Americas,11,9
Americas\shard0_12998.jpg,outdoor,Americas,Americas,12,9
Americas\shard0_03699.jpg,outdoor,Americas,Americas,13,10
Americas\shard0_19465.jpg,outdoor,Americas,Americas,12,5
Americas\shard0_15839.jpg,outdoor,Americas,Americas,13,10
Americas\shard0_10063.jpg,outdoor,Americas,Americas,11,8
Americas\shard0_18532.jpg,outdoor,Americas,Americas,11,7
Americas\shard0_13025.jpg,outdoor,Americas,Americas,12,10
Americas\shard0_24450.jpg,outdoor,Americas,Americas,9,10
Americas\shard0_13240.jpg,outdoor,Americas,Americas,13,10
Americas\shard0_22716.jpg,outdoor,Americas,Americas,13,10
Americas\shard0_24441.jpg,outdoor,Americas,Americas,12,6
Americas\shard0_21366.jpg,outdoor,Americas,Americas,15,3
Americas\shard0_06558.jpg,outdoor,Americas,Americas,6,13
Americas\shard0_17632.jpg,outdoor,Americas,Americas,12,9
Americas\shard0_11940.jpg,outdoor,Americas,Americas,7,11
Americas\shard0_23098.jpg,outdoor,Americas,Americas,9,10
Americas\shard0_11828.jpg,outdoor,Americas,Americas,8,10
Americas\shard0_00437.jpg,outdoor,Americas,Americas,13,10
Americas\shard0_00128.jpg,outdoor,Americas,Americas,12,10
Americas\shard0_18552.jpg,outdoor,Americas,Americas,13,10
Americas\shard0_08620.jpg,outdoor,Americas,Americas,12,7
Americas\shard0_19982.jpg,outdoor,Americas,Americas,12,10
Americas\shard0_03226.jpg,outdoor,Americas,Americas,12,7
Americas\shard0_02415.jpg,outdoor,Americas,Americas,9,10
Americas\shard0_05352.jpg,outdoor,Americas,Americas,10,8
Americas\shard0_10540.jpg,outdoor,Americas,Americas,13,10
Americas\shard0_15215.jpg,outdoor,Americas,Americas,13,10
Americas\shard0_13862.jpg,outdoor,Americas,Americas,12,8
Americas\shard0_08630.jpg,outdoor,Americas,Americas,13,8
Americas\shard0_02243.jpg,outdoor,Americas,Americas,12,6
Americas\shard0_22884.jpg,outdoor,Americas,Americas,12,10
Americas\shard0_11075.jpg,outdoor,Americas,Americas,12,6
Americas\shard0_27716.jpg,outdoor,Americas,Americas,12,10
Americas\shard0_09115.jpg,outdoor,Americas,Americas,13,9
Americas\shard0_13164.jpg,outdoor,Americas,Americas,12,5
Americas\shard0_28860.jpg,outdoor,Americas,Americas,13,10
Americas\shard0_29265.jpg,outdoor,Americas,Americas,12,10
Americas\shard0_20815.jpg,outdoor,Americas,Americas,12,8
Americas\shard0_18319.jpg,outdoor,Americas,Americas,13,8
Americas\shard0_08157.jpg,outdoor,Americas,Americas,6,11
Americas\shard0_18432.jpg,outdoor,Americas,Americas,12,10
Americas\shard0_22034.jpg,outdoor,Americas,Americas,12,6
Americas\shard0_16529.jpg,outdoor,Americas,Americas,13,9
Americas\shard0_12384.jpg,outdoor,Americas,Americas,12,6
Americas\shard0_14458.jpg,outdoor,Americas,Americas,13,9
Americas\shard0_07637.jpg,outdoor,Americas,Americas,13,10
Americas\shard0_12947.jpg,outdoor,Americas,Americas,13,10
Americas\shard0_17549.jpg,outdoor,Americas,Americas,13,10
Americas\shard0_00353.jpg,outdoor,Americas,Americas,12,7
Americas\shard0_07650.jpg,outdoor,Americas,Americas,12,5
Americas\shard0_25243.jpg,outdoor,Americas,Americas,13,10
Americas\shard0_08171.jpg,outdoor,Americas,Americas,6,13
Americas\shard0_08440.jpg,outdoor,Americas,Americas,13,10
Americas\shard0_10381.jpg,outdoor,Americas,Americas,13,10
Americas\shard0_02642.jpg,outdoor,Americas,Americas,12,5
Americas\shard0_00257.jpg,outdoor,Americas,Americas,13,5
Americas\shard0_03833.jpg,outdoor,Americas,Americas,14,6
Americas\shard0_21992.jpg,outdoor,Americas,Americas,12,8
Americas\shard0_29322.jpg,outdoor,Americas,Americas,13,8
Americas\shard0_19581.jpg,outdoor,Americas,Americas,12,5
Americas\shard0_22198.jpg,outdoor,Americas,Americas,11,9
Americas\shard0_08616.jpg,outdoor,Americas,Americas,12,6
Americas\shard0_25646.jpg,outdoor,Americas,Americas,13,10
Americas\shard0_04127.jpg,outdoor,Americas,Americas,13,10
Americas\shard0_03788.jpg,outdoor,Americas,Americas,12,9
Americas\shard0_16901.jpg,outdoor,Americas,Americas,12,6
Americas\shard0_27821.jpg,outdoor,Americas,Americas,13,9
Americas\shard0_01179.jpg,outdoor,Americas,Americas,12,10
Americas\shard0_13119.jpg,outdoor,Americas,Americas,13,8
Americas\shard0_07522.jpg,outdoor,Americas,Americas,12,7
Americas\shard0_01807.jpg,outdoor,Americas,Americas,5,12
Americas\shard0_16127.jpg,outdoor,Americas,Americas,13,10
Americas\shard0_10061.jpg,outdoor,Americas,Americas,13,10
Americas\shard0_12709.jpg,outdoor,Americas,Americas,12,6
Americas\shard0_20091.jpg,outdoor,Americas,Americas,12,6
Americas\shard0_21723.jpg,outdoor,Americas,Americas,6,13
Americas\shard0_23378.jpg,outdoor,Americas,Americas,13,5
Americas\shard0_21088.jpg,outdoor,Americas,Americas,12,5
Americas\shard0_23827.jpg,outdoor,Americas,Americas,13,11
Americas\shard0_21139.jpg,outdoor,Americas,Americas,12,6
Americas\shard0_20706.jpg,outdoor,Americas,Americas,13,10
Americas\shard0_01484.jpg,outdoor,Americas,Americas,13,10
Americas\shard0_17410.jpg,outdoor,Americas,Americas,6,12
Americas\shard0_10169.jpg,outdoor,Americas,Americas,13,9
Americas\shard0_18811.jpg,outdoor,Americas,Americas,12,5
Americas\shard0_15024.jpg,outdoor,Americas,Americas,12,8
Americas\shard0_11845.jpg,outdoor,Americas,Americas,13,5
Americas\shard0_27358.jpg,outdoor,Americas,Americas,11,9
Americas\shard0_20672.jpg,outdoor,Americas,Americas,12,5
Americas\shard0_09299.jpg,outdoor,Americas,Americas,12,6
Americas\shard0_20445.jpg,outdoor,Americas,Americas,12,6
Americas\shard0_25017.jpg,outdoor,Americas,Americas,12,8
Americas\shard0_22087.jpg,outdoor,Americas,Americas,13,8
Americas\shard0_12208.jpg,outdoor,Americas,Americas,12,6
Americas\shard0_27394.jpg,outdoor,Americas,Americas,13,10
Americas\shard0_05162.jpg,outdoor,Americas,Americas,12,5
Americas\shard0_15060.jpg,outdoor,Americas,Americas,13,10
Americas\shard0_15459.jpg,outdoor,Americas,Americas,6,13
Americas\shard0_11304.jpg,outdoor,Americas,Americas,5,10
Americas\shard0_19697.jpg,outdoor,Americas,Americas,12,5
Americas\shard0_24324.jpg,outdoor,Americas,Americas,12,5
Americas\shard0_29281.jpg,outdoor,Americas,Americas,12,7
Americas\shard0_00618.jpg,outdoor,Americas,Americas,11,9
Americas\shard0_08216.jpg,outdoor,Americas,Americas,12,8
Americas\shard0_04505.jpg,outdoor,Americas,Americas,6,13
Americas\shard0_06135.jpg,outdoor,Americas,Americas,13,8
Americas\shard0_03983.jpg,outdoor,Americas,Americas,13,10
Americas\shard0_05781.jpg,outdoor,Americas,Americas,13,9
Americas\shard0_08858.jpg,outdoor,Americas,Americas,13,10
Americas\shard0_10005.jpg,outdoor,Americas,Americas,4,10
Americas\shard0_20935.jpg,outdoor,Americas,Americas,12,6
Americas\shard0_02091.jpg,outdoor,Americas,Americas,12,6
Americas\shard0_09264.jpg,outdoor,Americas,Americas,13,6
Americas\shard0_22823.jpg,outdoor,Americas,Americas,13,10
Americas\shard0_16713.jpg,outdoor,Americas,Americas,12,9
Americas\shard0_12131.jpg,outdoor,Americas,Americas,12,5
Americas\shard0_07767.jpg,outdoor,Americas,Americas,12,5
Americas\shard0_19494.jpg,outdoor,Americas,Americas,7,10
Americas\shard0_03204.jpg,outdoor,Americas,Americas,6,13
Americas\shard0_11003.jpg,outdoor,Americas,Americas,13,9
Americas\shard0_17037.jpg,outdoor,Americas,Americas,12,7
Americas\shard0_27369.jpg,outdoor,Americas,Americas,5,11
Americas\shard0_05810.jpg,outdoor,Americas,Americas,13,6
Americas\shard0_07211.jpg,outdoor,Americas,Americas,12,5
Americas\shard0_29106.jpg,outdoor,Americas,Americas,13,6
Americas\shard0_24715.jpg,outdoor,Americas,Americas,13,10
Americas\shard0_21412.jpg,outdoor,Americas,Americas,11,7
Americas\shard0_23005.jpg,outdoor,Americas,Americas,12,10
Americas\shard0_17498.jpg,outdoor,Americas,Americas,12,8
Americas\shard0_15938.jpg,outdoor,Americas,Americas,13,5
Americas\shard0_21399.jpg,outdoor,Americas,Americas,12,5
Americas\shard0_26139.jpg,outdoor,Americas,Americas,13,5
Americas\shard0_01901.jpg,outdoor,Americas,Americas,12,5
Americas\shard0_25352.jpg,outdoor,Americas,Americas,13,10
Americas\shard0_16668.jpg,outdoor,Americas,Americas,12,10
Americas\shard0_08240.jpg,outdoor,Americas,Americas,12,6
Americas\shard0_19377.jpg,outdoor,Americas,Americas,13,10
Americas\shard0_28158.jpg,outdoor,Americas,Americas,13,9
Americas\shard0_15416.jpg,outdoor,Americas,Americas,12,9
Americas\shard0_03881.jpg,outdoor,Americas,Americas,13,9
Americas\shard0_22300.jpg,outdoor,Americas,Americas,12,10
Americas\shard0_18575.jpg,outdoor,Americas,Americas,13,10
Americas\shard0_01018.jpg,outdoor,Americas,Americas,13,5
Americas\shard0_05282.jpg,outdoor,Americas,Americas,12,6
Americas\shard0_24041.jpg,outdoor,Americas,Americas,7,13
Americas\shard0_22618.jpg,outdoor,Americas,Americas,12,6
Americas\shard0_11898.jpg,outdoor,Americas,Americas,12,8
Americas\shard0_10256.jpg,outdoor,Americas,Americas,10,10
Americas\shard0_14954.jpg,outdoor,Americas,Americas,12,5
Americas\shard0_04906.jpg,outdoor,Americas,Americas,13,9
Americas\shard0_12894.jpg,outdoor,Americas,Americas,12,5
Americas\shard0_18902.jpg,outdoor,Americas,Americas,13,10
Americas\shard0_07134.jpg,outdoor,Americas,Americas,13,10
Americas\shard0_21834.jpg,outdoor,Americas,Americas,13,5
Americas\shard0_21428.jpg,outdoor,Americas,Americas,12,9
Americas\shard0_00217.jpg,outdoor,Americas,Americas,12,10
Americas\shard0_05835.jpg,outdoor,Americas,Americas,12,10
Americas\shard0_17838.jpg,outdoor,Americas,Americas,12,7
Americas\shard0_08273.jpg,outdoor,Americas,Americas,12,5
Americas\shard0_13663.jpg,outdoor,Americas,Americas,12,6
Americas\shard0_29738.jpg,outdoor,Americas,Americas,12,5
Americas\shard0_16282.jpg,outdoor,Americas,Americas,13,5
Americas\shard0_01176.jpg,outdoor,Americas,Americas,12,6
Americas\shard0_04973.jpg,outdoor,Americas,Americas,12,6
Americas\shard0_09346.jpg,outdoor,Americas,Americas,12,6
Americas\shard0_13226.jpg,outdoor,Americas,Americas,13,8
Americas\shard0_08376.jpg,outdoor,Americas,Americas,7,14
Americas\shard0_05108.jpg,outdoor,Americas,Americas,10,8
Americas\shard0_24137.jpg,outdoor,Americas,Americas,12,10
Americas\shard0_08066.jpg,outdoor,Americas,Americas,13,5
Americas\shard0_13712.jpg,outdoor,Americas,Americas,12,8
Americas\shard0_11667.jpg,outdoor,Americas,Americas,5,10
Americas\shard0_20518.jpg,outdoor,Americas,Americas,14,5
Americas\shard0_04737.jpg,outdoor,Americas,Americas,6,13
Americas\shard0_12809.jpg,outdoor,Americas,Americas,12,8
Americas\shard0_16627.jpg,outdoor,Americas,Americas,10,8
Americas\shard0_05110.jpg,outdoor,Americas,Americas,13,10
Americas\shard0_11648.jpg,outdoor,Americas,Americas,12,10
Americas\shard0_09958.jpg,outdoor,Americas,Americas,5,12
Americas\shard0_18317.jpg,outdoor,Americas,Americas,12,6
Americas\shard0_17259.jpg,outdoor,Americas,Americas,12,6
Americas\shard0_24121.jpg,outdoor,Americas,Americas,13,9
Americas\shard0_19255.jpg,outdoor,Americas,Americas,12,9
Americas\shard0_22484.jpg,outdoor,Americas,Americas,13,10
Americas\shard0_12408.jpg,outdoor,Americas,Americas,4,10
Americas\shard0_08466.jpg,outdoor,Americas,Americas,13,10
Americas\shard0_17163.jpg,outdoor,Americas,Americas,12,6
Americas\shard0_02598.jpg,outdoor,Americas,Americas,13,10
Americas\shard0_17386.jpg,outdoor,Americas,Americas,12,8
Americas\shard0_15516.jpg,outdoor,Americas,Americas,12,7
Americas\shard0_10511.jpg,outdoor,Americas,Americas,12,5
Americas\shard0_14990.jpg,outdoor,Americas,Americas,10,10
Americas\shard0_06372.jpg,outdoor,Americas,Americas,6,13
Americas\shard0_24258.jpg,outdoor,Americas,Americas,12,5
Americas\shard0_26838.jpg,outdoor,Americas,Americas,13,8
Americas\shard0_02082.jpg,outdoor,Americas,Americas,14,5
Americas\shard0_01693.jpg,outdoor,Americas,Americas,13,10
Americas\shard0_21418.jpg,outdoor,Americas,Americas,6,12
Americas\shard0_01087.jpg,outdoor,Americas,Americas,13,5
Americas\shard0_27830.jpg,outdoor,Americas,Americas,11,9
Americas\shard0_24244.jpg,outdoor,Americas,Americas,12,5
Americas\shard0_22720.jpg,outdoor,Americas,Americas,12,10
Americas\shard0_11340.jpg,outdoor,Americas,Americas,12,7
Americas\shard0_24897.jpg,outdoor,Americas,Americas,12,6
Americas\shard0_29091.jpg,outdoor,Americas,Americas,12,10
Americas\shard0_00433.jpg,outdoor,Americas,Americas,12,10
Americas\shard0_05930.jpg,outdoor,Americas,Americas,11,9
Americas\shard0_26181.jpg,outdoor,Americas,Americas,5,12
Americas\shard0_24009.jpg,outdoor,Americas,Americas,6,13
Americas\shard0_22124.jpg,outdoor,Americas,Americas,13,9
Americas\shard0_10785.jpg,outdoor,Americas,Americas,12,10
Americas\shard0_12170.jpg,outdoor,Americas,Americas,5,11
Americas\shard0_04141.jpg,outdoor,Americas,Americas,13,10
Americas\shard0_14789.jpg,outdoor,Americas,Americas,10,8
Americas\shard0_17121.jpg,outdoor,Americas,Americas,13,10
Americas\shard0_27771.jpg,outdoor,Americas,Americas,11,9
Americas\shard0_06720.jpg,outdoor,Americas,Americas,13,9
Americas\shard0_28117.jpg,outdoor,Americas,Americas,12,8
Americas\shard0_28089.jpg,outdoor,Americas,Americas,11,9
Americas\shard0_24299.jpg,outdoor,Americas,Americas,13,7
Americas\shard0_24083.jpg,outdoor,Americas,Americas,4,10
Americas\shard0_18962.jpg,outdoor,Americas,Americas,7,11
Americas\shard0_04462.jpg,outdoor,Americas,Americas,13,9
Americas\shard0_12006.jpg,outdoor,Americas,Americas,12,5
Americas\shard0_16042.jpg,outdoor,Americas,Americas,12,10
Americas\shard0_15908.jpg,outdoor,Americas,Americas,12,7
Americas\shard0_28678.jpg,outdoor,Americas,Americas,7,13
Americas\shard0_01694.jpg,outdoor,Americas,Americas,13,10
Americas\shard0_08935.jpg,outdoor,Americas,Americas,7,13
Americas\shard0_26779.jpg,outdoor,Americas,Americas,3,11
Americas\shard0_18309.jpg,outdoor,Americas,Americas,12,9
Americas\shard0_13505.jpg,outdoor,Americas,Americas,12,10
Americas\shard0_02329.jpg,outdoor,Americas,Americas,12,7
Americas\shard0_01959.jpg,outdoor,Americas,Americas,13,6
Americas\shard0_23017.jpg,outdoor,Americas,Americas,13,10
Americas\shard0_21533.jpg,outdoor,Americas,Americas,12,5
Americas\shard0_05258.jpg,outdoor,Americas,Americas,13,10
Americas\shard0_05374.jpg,outdoor,Americas,Americas,12,10
Americas\shard0_00586.jpg,outdoor,Americas,Americas,10,11
Americas\shard0_11424.jpg,outdoor,Americas,Americas,6,12
Americas\shard0_15852.jpg,outdoor,Americas,Americas,5,11
Americas\shard0_16028.jpg,outdoor,Americas,Americas,12,8
Americas\shard0_25063.jpg,outdoor,Americas,Americas,13,9
Americas\shard0_09099.jpg,outdoor,Americas,Americas,12,5
Americas\shard0_10155.jpg,outdoor,Americas,Americas,13,5
Americas\shard0_12150.jpg,outdoor,Americas,Americas,13,10
Americas\shard0_02554.jpg,outdoor,Americas,Americas,12,6
Americas\shard0_05213.jpg,outdoor,Americas,Americas,13,9
Americas\shard0_12268.jpg,outdoor,Americas,Americas,10,10
Americas\shard0_08628.jpg,outdoor,Americas,Americas,12,9
Americas\shard0_24690.jpg,outdoor,Americas,Americas,12,6
Americas\shard0_08451.jpg,outdoor,Americas,Americas,12,10
Americas\shard0_02040.jpg,outdoor,Americas,Americas,11,9
Americas\shard0_17044.jpg,outdoor,Americas,Americas,13,8
Americas\shard0_25664.jpg,outdoor,Americas,Americas,12,9
Americas\shard0_29249.jpg,outdoor,Americas,Americas,13,9
Americas\shard0_14033.jpg,outdoor,Americas,Americas,13,8
Americas\shard0_13402.jpg,outdoor,Americas,Americas,12,6
Americas\shard0_18500.jpg,outdoor,Americas,Americas,13,10
Americas\shard0_03095.jpg,outdoor,Americas,Americas,12,9
Americas\shard0_13228.jpg,outdoor,Americas,Americas,13,10
Americas\shard0_04472.jpg,outdoor,Americas,Americas,13,9
Americas\shard0_24812.jpg,outdoor,Americas,Americas,13,10
Americas\shard0_05729.jpg,outdoor,Americas,Americas,13,5
Americas\shard0_14098.jpg,outdoor,Americas,Americas,5,10
Americas\shard0_06671.jpg,outdoor,Americas,Americas,12,5
Americas\shard0_09481.jpg,outdoor,Americas,Americas,11,7
Americas\shard0_06781.jpg,outdoor,Americas,Americas,13,10
Americas\shard0_17638.jpg,outdoor,Americas,Americas,12,9
Americas\shard0_18912.jpg,outdoor,Americas,Americas,12,8
Americas\shard0_13597.jpg,outdoor,Americas,Americas,12,6
Americas\shard0_13581.jpg,outdoor,Americas,Americas,11,2
Americas\shard0_11894.jpg,outdoor,Americas,Americas,13,10
Americas\shard0_15387.jpg,outdoor,Americas,Americas,12,5
Americas\shard0_24021.jpg,outdoor,Americas,Americas,13,8
Americas\shard0_21487.jpg,outdoor,Americas,Americas,14,4
Americas\shard0_05753.jpg,outdoor,Americas,Americas,12,6
Americas\shard0_00442.jpg,outdoor,Americas,Americas,13,10
Americas\shard0_08272.jpg,outdoor,Americas,Americas,12,7
Americas\shard0_05956.jpg,outdoor,Americas,Americas,12,10
Americas\shard0_26639.jpg,outdoor,Americas,Americas,13,10
Americas\shard0_12511.jpg,outdoor,Americas,Americas,13,10
Americas\shard0_26365.jpg,outdoor,Americas,Americas,13,5
Americas\shard0_19442.jpg,outdoor,Americas,Americas,13,11
Americas\shard0_04076.jpg,outdoor,Americas,Americas,14,2
Americas\shard0_01371.jpg,outdoor,Americas,Americas,13,10
Americas\shard0_26129.jpg,outdoor,Americas,Americas,12,10
Americas\shard0_11305.jpg,outdoor,Americas,Americas,13,5
Americas\shard0_09757.jpg,outdoor,Americas,Americas,13,10
Americas\shard0_17265.jpg,outdoor,Americas,Americas,13,5
Americas\shard0_04094.jpg,outdoor,Americas,Americas,13,9
Americas\shard0_25632.jpg,outdoor,Americas,Americas,13,10
Americas\shard0_07070.jpg,outdoor,Americas,Americas,11,8
Americas\shard0_11392.jpg,outdoor,Americas,Americas,13,10
Americas\shard0_01567.jpg,outdoor,Americas,Americas,13,6
Americas\shard0_21345.jpg,outdoor,Americas,Americas,13,5
Americas\shard0_08524.jpg,outdoor,Americas,Americas,13,5
Americas\shard0_28412.jpg,outdoor,Americas,Americas,12,6
Americas\shard0_26184.jpg,outdoor,Americas,Americas,7,13
Americas\shard0_14566.jpg,outdoor,Americas,Americas,12,10
Americas\shard0_03116.jpg,outdoor,Americas,Americas,13,10
Americas\shard0_03285.jpg,outdoor,Americas,Americas,12,8
Americas\shard0_01152.jpg,outdoor,Americas,Americas,5,10
Americas\shard0_28895.jpg,outdoor,Americas,Americas,11,8
Americas\shard0_19284.jpg,outdoor,Americas,Americas,13,9
Americas\shard0_01254.jpg,outdoor,Americas,Americas,12,10
Americas\shard0_19696.jpg,outdoor,Americas,Americas,12,6
Americas\shard0_25168.jpg,outdoor,Americas,Americas,13,10
Americas\shard0_19506.jpg,outdoor,Americas,Americas,13,10
Americas\shard0_26471.jpg,outdoor,Americas,Americas,12,8
Americas\shard0_10199.jpg,outdoor,Americas,Americas,12,9
Americas\shard0_15871.jpg,outdoor,Americas,Americas,13,10
Americas\shard0_26984.jpg,outdoor,Americas,Americas,13,5
Americas\shard0_07882.jpg,outdoor,Americas,Americas,13,10
Americas\shard0_13127.jpg,outdoor,Americas,Americas,13,10
Americas\shard0_17683.jpg,outdoor,Americas,Americas,13,10
Americas\shard0_07297.jpg,outdoor,Americas,Americas,12,5
Americas\shard0_17723.jpg,outdoor,Americas,Americas,13,5
Americas\shard0_25135.jpg,outdoor,Americas,Americas,13,10
Americas\shard0_25251.jpg,outdoor,Americas,Americas,12,10
Americas\shard0_00744.jpg,outdoor,Americas,Americas,13,7
Americas\shard0_00263.jpg,outdoor,Americas,Americas,11,9
Americas\shard0_19052.jpg,outdoor,Americas,Americas,13,9
Americas\shard0_03041.jpg,outdoor,Americas,Americas,13,11
Americas\shard0_01709.jpg,outdoor,Americas,Americas,13,10
Americas\shard0_04442.jpg,outdoor,Americas,Americas,12,5
Americas\shard0_09427.jpg,outdoor,Americas,Americas,12,8
Americas\shard0_25859.jpg,outdoor,Americas,Americas,3,10
Americas\shard0_12988.jpg,outdoor,Americas,Americas,10,8
Americas\shard0_03157.jpg,outdoor,Americas,Americas,13,10
Americas\shard0_11701.jpg,outdoor,Americas,Americas,7,10
Americas\shard0_05555.jpg,outdoor,Americas,Americas,12,6
Americas\shard0_07403.jpg,outdoor,Americas,Americas,10,8
Americas\shard0_26140.jpg,outdoor,Americas,Americas,12,9
Americas\shard0_09315.jpg,outdoor,Americas,Americas,13,9
Americas\shard0_09451.jpg,outdoor,Americas,Americas,13,10
Americas\shard0_13682.jpg,outdoor,Americas,Americas,13,10
Americas\shard0_17134.jpg,outdoor,Americas,Americas,12,6
Americas\shard0_27636.jpg,outdoor,Americas,Americas,13,7
Americas\shard0_28414.jpg,outdoor,Americas,Americas,12,6
Americas\shard0_17468.jpg,outdoor,Americas,Americas,12,7
Americas\shard0_22880.jpg,outdoor,Americas,Americas,13,9
Americas\shard0_05285.jpg,outdoor,Americas,Americas,13,9
Americas\shard0_07525.jpg,outdoor,Americas,Americas,12,5
Americas\shard0_17058.jpg,outdoor,Americas,Americas,12,9
Americas\shard0_28037.jpg,outdoor,Americas,Americas,6,11
Americas\shard0_04780.jpg,outdoor,Americas,Americas,12,5
Americas\shard0_20453.jpg,outdoor,Americas,Americas,12,6
Americas\shard0_26726.jpg,outdoor,Americas,Americas,13,9
Americas\shard0_11759.jpg,outdoor,Americas,Americas,12,8
Americas\shard0_07277.jpg,outdoor,Americas,Americas,12,5
Americas\shard0_16460.jpg,outdoor,Americas,Americas,13,9
Americas\shard0_13905.jpg,outdoor,Americas,Americas,13,8
Americas\shard0_29441.jpg,outdoor,Americas,Americas,13,9
Americas\shard0_07212.jpg,outdoor,Americas,Americas,11,9
Americas\shard0_04260.jpg,outdoor,Americas,Americas,12,5
Americas\shard0_12547.jpg,outdoor,Americas,Americas,13,5
Americas\shard0_29019.jpg,outdoor,Americas,Americas,13,9
Americas\shard0_08297.jpg,outdoor,Americas,Americas,12,10
Americas\shard0_25353.jpg,outdoor,Americas,Americas,5,10
Americas\shard0_02004.jpg,outdoor,Americas,Americas,13,10
Americas\shard0_14805.jpg,outdoor,Americas,Americas,12,6
Americas\shard0_26231.jpg,outdoor,Americas,Americas,12,6
Americas\shard0_01408.jpg,outdoor,Americas,Americas,12,6
Americas\shard0_26527.jpg,outdoor,Americas,Americas,6,13
Americas\shard0_17027.jpg,outdoor,Americas,Americas,12,10
Americas\shard0_25711.jpg,outdoor,Americas,Americas,13,10
Americas\shard0_29567.jpg,outdoor,Americas,Americas,5,12
Americas\shard0_03968.jpg,outdoor,Americas,Americas,12,10
Americas\shard0_04536.jpg,outdoor,Americas,Americas,13,5
Americas\shard0_00186.jpg,outdoor,Americas,Americas,13,5
Americas\shard0_28243.jpg,outdoor,Americas,Americas,12,6
Americas\shard0_25860.jpg,outdoor,Americas,Americas,12,6
Americas\shard0_05954.jpg,outdoor,Americas,Americas,13,9
Americas\shard0_01802.jpg,outdoor,Americas,Americas,13,9
Americas\shard0_09635.jpg,outdoor,Americas,Americas,3,10
Americas\shard0_04606.jpg,outdoor,Americas,Americas,13,5
Americas\shard0_06468.jpg,outdoor,Americas,Americas,12,6
Americas\shard0_08192.jpg,outdoor,Americas,Americas,12,6
Americas\shard0_17534.jpg,outdoor,Americas,Americas,13,5
Americas\shard0_24232.jpg,outdoor,Americas,Americas,6,13
Americas\shard0_07722.jpg,outdoor,Americas,Americas,12,10
Americas\shard0_16640.jpg,outdoor,Americas,Americas,13,10
Americas\shard0_21628.jpg,outdoor,Americas,Americas,13,6
Americas\shard0_23048.jpg,outdoor,Americas,Americas,11,2
Americas\shard0_07766.jpg,outdoor,Americas,Americas,13,10
Americas\shard0_12882.jpg,outdoor,Americas,Americas,12,6
Americas\shard0_13698.jpg,outdoor,Americas,Americas,13,7
Americas\shard0_26396.jpg,outdoor,Americas,Americas,13,10
Americas\shard0_12869.jpg,outdoor,Americas,Americas,10,8
Americas\shard0_04581.jpg,outdoor,Americas,Americas,13,9
Americas\shard0_03642.jpg,outdoor,Americas,Americas,13,10
Americas\shard0_28939.jpg,outdoor,Americas,Americas,12,5
Americas\shard0_15156.jpg,outdoor,Americas,Americas,3,11
Americas\shard0_12677.jpg,outdoor,Americas,Americas,12,8
Americas\shard0_18366.jpg,outdoor,Americas,Americas,12,10
Americas\shard0_05724.jpg,outdoor,Americas,Americas,12,9
Americas\shard0_26692.jpg,outdoor,Americas,Americas,13,10
Americas\shard0_29161.jpg,outdoor,Americas,Americas,12,5
Americas\shard0_22886.jpg,outdoor,Americas,Americas,10,8
Americas\shard0_27835.jpg,outdoor,Americas,Americas,9,10
Americas\shard0_21147.jpg,outdoor,Americas,Americas,9,9
Americas\shard0_21122.jpg,outdoor,Americas,Americas,12,6
Americas\shard0_17214.jpg,outdoor,Americas,Americas,13,8
Americas\shard0_04834.jpg,outdoor,Americas,Americas,11,6
Americas\shard0_25028.jpg,outdoor,Americas,Americas,13,6
Americas\shard0_03320.jpg,outdoor,Americas,Americas,13,9
Americas\shard0_28190.jpg,outdoor,Americas,Americas,13,5
Americas\shard0_00741.jpg,outdoor,Americas,Americas,12,9
Americas\shard0_27836.jpg,outdoor,Americas,Americas,6,13
Americas\shard0_20262.jpg,outdoor,Americas,Americas,11,9
Americas\shard0_20092.jpg,outdoor,Americas,Americas,12,5
Americas\shard0_25970.jpg,outdoor,Americas,Americas,13,10
Americas\shard0_06750.jpg,outdoor,Americas,Americas,12,6
Americas\shard0_26232.jpg,outdoor,Americas,Americas,12,10
Americas\shard0_03151.jpg,outdoor,Americas,Americas,12,6
Americas\shard0_12467.jpg,outdoor,Americas,Americas,10,9
Americas\shard0_10932.jpg,outdoor,Americas,Americas,10,9
Americas\shard0_05098.jpg,outdoor,Americas,Americas,12,9
Americas\shard0_22362.jpg,outdoor,Americas,Americas,11,9
Americas\shard0_21899.jpg,outdoor,Americas,Americas,14,5
Americas\shard0_08110.jpg,outdoor,Americas,Americas,13,9
Americas\shard0_24097.jpg,outdoor,Americas,Americas,14,6
Americas\shard0_21481.jpg,outdoor,Americas,Americas,11,8
Americas\shard0_22108.jpg,outdoor,Americas,Americas,13,5
Americas\shard0_24908.jpg,outdoor,Americas,Americas,12,5
Americas\shard0_15825.jpg,outdoor,Americas,Americas,13,10
Americas\shard0_27174.jpg,outdoor,Americas,Americas,12,9
Americas\shard0_01983.jpg,outdoor,Americas,Americas,13,5
Americas\shard0_08607.jpg,outdoor,Americas,Americas,5,10
Americas\shard0_01821.jpg,outdoor,Americas,Americas,12,10
Americas\shard0_23839.jpg,outdoor,Americas,Americas,5,12
Americas\shard0_00375.jpg,outdoor,Americas,Americas,13,5
Americas\shard0_25460.jpg,outdoor,Americas,Americas,13,10
Americas\shard0_22654.jpg,outdoor,Americas,Americas,5,12
Americas\shard0_22196.jpg,outdoor,Americas,Americas,11,2
Americas\shard0_00131.jpg,outdoor,Americas,Americas,12,6
Americas\shard0_07402.jpg,outdoor,Americas,Americas,12,5
Americas\shard0_03382.jpg,outdoor,Americas,Americas,13,10
Americas\shard0_25778.jpg,outdoor,Americas,Americas,6,13
Americas\shard0_28783.jpg,outdoor,Americas,Americas,13,10
Americas\shard0_08429.jpg,outdoor,Americas,Americas,12,5
Americas\shard0_08253.jpg,outdoor,Americas,Americas,12,10
Americas\shard0_13003.jpg,outdoor,Americas,Americas,13,9
Americas\shard0_09266.jpg,outdoor,Americas,Americas,13,10
Americas\shard0_10558.jpg,outdoor,Americas,Americas,6,13
Americas\shard0_16052.jpg,outdoor,Americas,Americas,12,6
Americas\shard0_06916.jpg,outdoor,Americas,Americas,13,5
Americas\shard0_04826.jpg,outdoor,Americas,Americas,13,10
Americas\shard0_07976.jpg,outdoor,Americas,Americas,6,13
Americas\shard0_00397.jpg,outdoor,Americas,Americas,12,10
Americas\shard0_21235.jpg,outdoor,Americas,Americas,13,8
Americas\shard0_13304.jpg,outdoor,Americas,Americas,12,6
Americas\shard0_17726.jpg,outdoor,Americas,Americas,12,6
Americas\shard0_06435.jpg,outdoor,Americas,Americas,13,5
Americas\shard0_12763.jpg,outdoor,Americas,Americas,12,9
Americas\shard0_15377.jpg,outdoor,Americas,Americas,12,6
Americas\shard0_18818.jpg,outdoor,Americas,Americas,13,10
Americas\shard0_12072.jpg,outdoor,Americas,Americas,12,5
Americas\shard0_04720.jpg,outdoor,Americas,Americas,7,10
Americas\shard0_10491.jpg,outdoor,Americas,Americas,12,10
Americas\shard0_03725.jpg,outdoor,Americas,Americas,14,7
Americas\shard0_28966.jpg,outdoor,Americas,Americas,13,10
Americas\shard0_03917.jpg,outdoor,Americas,Americas,13,5
Americas\shard0_11522.jpg,outdoor,Americas,Americas,13,9
Americas\shard0_00448.jpg,outdoor,Americas,Americas,12,8
Americas\shard0_17166.jpg,outdoor,Americas,Americas,12,5
Americas\shard0_28121.jpg,outdoor,Americas,Americas,13,5
Americas\shard0_23254.jpg,outdoor,Americas,Americas,11,9
Americas\shard0_25625.jpg,outdoor,Americas,Americas,6,13
Americas\shard0_25012.jpg,outdoor,Americas,Americas,12,6
Americas\shard0_25062.jpg,outdoor,Americas,Americas,4,11
Americas\shard0_29723.jpg,outdoor,Americas,Americas,13,10
Americas\shard0_08037.jpg,outdoor,Americas,Americas,12,9
Americas\shard0_18538.jpg,outdoor,Americas,Americas,6,13
Americas\shard0_08850.jpg,outdoor,Americas,Americas,13,10
Americas\shard0_08454.jpg,outdoor,Americas,Americas,13,9
Americas\shard0_11212.jpg,outdoor,Americas,Americas,12,9
Americas\shard0_10125.jpg,outdoor,Americas,Americas,12,5
Americas\shard0_03347.jpg,outdoor,Americas,Americas,13,10
Americas\shard0_29214.jpg,outdoor,Americas,Americas,13,10
Americas\shard0_04055.jpg,outdoor,Americas,Americas,12,6
Americas\shard0_23465.jpg,outdoor,Americas,Americas,13,10
Americas\shard0_18001.jpg,outdoor,Americas,Americas,14,7
Americas\shard0_20338.jpg,outdoor,Americas,Americas,12,5
Americas\shard0_17931.jpg,outdoor,Americas,Americas,12,5
Americas\shard0_15623.jpg,outdoor,Americas,Americas,13,5
Americas\shard0_25760.jpg,outdoor,Americas,Americas,5,10
Americas\shard0_08002.jpg,outdoor,Americas,Americas,11,8
Americas\shard0_28021.jpg,outdoor,Americas,Americas,13,10
Americas\shard0_19765.jpg,outdoor,Americas,Americas,12,7
Americas\shard0_04776.jpg,outdoor,Americas,Americas,12,5
Americas\shard0_20717.jpg,outdoor,Americas,Americas,11,8
Americas\shard0_04875.jpg,outdoor,Americas,Americas,13,10
Americas\shard0_22327.jpg,outdoor,Americas,Americas,13,10
Americas\shard0_17065.jpg,outdoor,Americas,Americas,12,9
Americas\shard0_17985.jpg,outdoor,Americas,Americas,7,13
Americas\shard0_21034.jpg,outdoor,Americas,Americas,13,8
Americas\shard0_06065.jpg,outdoor,Americas,Americas,10,11
Americas\shard0_03476.jpg,outdoor,Americas,Americas,13,10
Americas\shard0_04738.jpg,outdoor,Americas,Americas,10,8
Americas\shard0_20218.jpg,outdoor,Americas,Americas,13,10
Americas\shard0_29705.jpg,outdoor,Americas,Americas,12,8
Americas\shard0_29583.jpg,outdoor,Americas,Americas,13,10
Americas\shard0_07346.jpg,outdoor,Americas,Americas,13,5
Americas\shard0_24401.jpg,outdoor,Americas,Americas,13,10
Americas\shard0_28496.jpg,outdoor,Americas,Americas,12,10
Americas\shard0_29468.jpg,outdoor,Americas,Americas,12,5
Americas\shard0_20790.jpg,outdoor,Americas,Americas,13,10
Americas\shard0_09386.jpg,outdoor,Americas,Americas,12,10
Americas\shard0_16635.jpg,outdoor,Americas,Americas,13,10
Americas\shard0_27623.jpg,outdoor,Americas,Americas,12,8
Americas\shard0_28088.jpg,outdoor,Americas,Americas,12,8
Americas\shard0_18833.jpg,outdoor,Americas,Americas,13,10
Americas\shard0_05693.jpg,outdoor,Americas,Americas,13,10
Americas\shard0_11905.jpg,outdoor,Americas,Americas,13,10
Americas\shard0_12857.jpg,outdoor,Americas,Americas,12,6
Americas\shard0_29121.jpg,outdoor,Americas,Americas,13,8
Americas\shard0_15492.jpg,outdoor,Americas,Americas,13,8
Americas\shard0_22736.jpg,outdoor,Americas,Americas,12,5
Americas\shard0_10055.jpg,outdoor,Americas,Americas,13,8
Americas\shard0_26308.jpg,outdoor,Americas,Americas,13,9
Americas\shard0_29291.jpg,outdoor,Americas,Americas,13,9
Americas\shard0_29350.jpg,outdoor,Americas,Americas,12,10
Americas\shard0_16806.jpg,outdoor,Americas,Americas,13,5
Americas\shard0_09870.jpg,outdoor,Americas,Americas,12,10
Americas\shard0_22397.jpg,outdoor,Americas,Americas,13,10
Americas\shard0_09679.jpg,outdoor,Americas,Americas,11,7
Americas\shard0_00342.jpg,outdoor,Americas,Americas,13,8
Americas\shard0_13792.jpg,outdoor,Americas,Americas,12,9
Americas\shard0_05259.jpg,outdoor,Americas,Americas,12,8
Americas\shard0_27976.jpg,outdoor,Americas,Americas,11,7
Americas\shard0_27344.jpg,outdoor,Americas,Americas,13,10
Americas\shard0_20386.jpg,outdoor,Americas,Americas,14,7
Americas\shard0_27817.jpg,outdoor,Americas,Americas,12,6
Americas\shard0_09555.jpg,outdoor,Americas,Americas,12,8
Americas\shard0_12557.jpg,outdoor,Americas,Americas,10,10
Americas\shard0_29784.jpg,outdoor,Americas,Americas,11,2
Americas\shard0_02128.jpg,outdoor,Americas,Americas,12,6
Americas\shard0_07811.jpg,outdoor,Americas,Americas,7,13
Americas\shard0_03559.jpg,outdoor,Americas,Americas,7,10
Americas\shard0_19211.jpg,outdoor,Americas,Americas,11,8
Americas\shard0_09874.jpg,outdoor,Americas,Americas,13,6
Americas\shard0_01766.jpg,outdoor,Americas,Americas,13,5
Americas\shard0_02655.jpg,outdoor,Americas,Americas,13,10
Americas\shard0_01389.jpg,outdoor,Americas,Americas,12,5
Americas\shard0_22859.jpg,outdoor,Americas,Americas,10,10
Americas\shard0_07723.jpg,outdoor,Americas,Americas,13,9
Americas\shard0_04045.jpg,outdoor,Americas,Americas,7,10
Americas\shard0_16906.jpg,outdoor,Americas,Americas,11,10
Americas\shard0_01189.jpg,outdoor,Americas,Americas,12,8
Americas\shard0_04576.jpg,outdoor,Americas,Americas,12,5
Americas\shard0_20962.jpg,outdoor,Americas,Americas,6,13
Americas\shard0_19096.jpg,outdoor,Americas,Americas,13,10
Americas\shard0_21408.jpg,outdoor,Americas,Americas,12,10
Americas\shard0_04115.jpg,outdoor,Americas,Americas,12,9
Americas\shard0_23639.jpg,outdoor,Americas,Americas,12,6
Americas\shard0_24719.jpg,outdoor,Americas,Americas,12,10
Americas\shard0_00045.jpg,outdoor,Americas,Americas,13,8
Americas\shard0_04858.jpg,outdoor,Americas,Americas,13,9
Americas\shard0_21488.jpg,outdoor,Americas,Americas,13,10
Americas\shard0_09765.jpg,outdoor,Americas,Americas,14,6
Americas\shard0_15045.jpg,outdoor,Americas,Americas,13,10
Americas\shard0_05830.jpg,outdoor,Americas,Americas,13,8
Americas\shard0_15866.jpg,outdoor,Americas,Americas,13,6
Americas\shard0_29246.jpg,outdoor,Americas,Americas,12,9
Americas\shard0_29397.jpg,outdoor,Americas,Americas,12,8
Americas\shard0_11316.jpg,outdoor,Americas,Americas,14,2
Americas\shard0_24658.jpg,outdoor,Americas,Americas,12,7
Americas\shard0_12829.jpg,outdoor,Americas,Americas,11,8
Americas\shard0_02825.jpg,outdoor,Americas,Americas,12,10
Americas\shard0_25917.jpg,outdoor,Americas,Americas,12,6
Americas\shard0_20709.jpg,outdoor,Americas,Americas,11,7
Americas\shard0_16014.jpg,outdoor,Americas,Americas,12,6
Americas\shard0_09566.jpg,outdoor,Americas,Americas,10,8
Americas\shard0_26363.jpg,outdoor,Americas,Americas,12,10
Americas\shard0_14885.jpg,outdoor,Americas,Americas,6,13
Americas\shard0_09751.jpg,outdoor,Americas,Americas,13,10
Americas\shard0_21493.jpg,outdoor,Americas,Americas,13,8
Americas\shard0_18965.jpg,outdoor,Americas,Americas,12,6
Americas\shard0_20524.jpg,outdoor,Americas,Americas,12,5
Americas\shard0_25015.jpg,outdoor,Americas,Americas,8,10
Americas\shard0_06457.jpg,outdoor,Americas,Americas,13,10
Americas\shard0_13222.jpg,outdoor,Americas,Americas,12,9
Americas\shard0_26696.jpg,outdoor,Americas,Americas,13,10
Americas\shard0_07728.jpg,outdoor,Americas,Americas,6,13
Americas\shard0_19844.jpg,outdoor,Americas,Americas,15,3
Americas\shard0_01153.jpg,outdoor,Americas,Americas,13,5
Americas\shard0_07687.jpg,outdoor,Americas,Americas,13,11
Americas\shard0_18548.jpg,outdoor,Americas,Americas,15,2
Americas\shard0_16703.jpg,outdoor,Americas,Americas,13,10
Americas\shard0_15463.jpg,outdoor,Americas,Americas,12,10
Americas\shard0_23384.jpg,outdoor,Americas,Americas,4,10
Americas\shard0_11446.jpg,outdoor,Americas,Americas,13,5
Americas\shard0_24811.jpg,outdoor,Americas,Americas,11,8
Americas\shard0_07473.jpg,outdoor,Americas,Americas,13,9
Americas\shard0_27568.jpg,outdoor,Americas,Americas,13,10
Americas\shard0_05907.jpg,outdoor,Americas,Americas,12,5
Americas\shard0_24831.jpg,outdoor,Americas,Americas,13,9
Americas\shard0_24447.jpg,outdoor,Americas,Americas,12,6
Americas\shard0_17029.jpg,outdoor,Americas,Americas,13,10
Americas\shard0_28216.jpg,outdoor,Americas,Americas,12,10
Americas\shard0_20537.jpg,outdoor,Americas,Americas,11,10
Americas\shard0_24047.jpg,outdoor,Americas,Americas,12,5
Americas\shard0_11554.jpg,outdoor,Americas,Americas,10,10
Americas\shard0_20452.jpg,outdoor,Americas,Americas,12,5
Americas\shard0_06999.jpg,outdoor,Americas,Americas,12,9
Americas\shard0_22505.jpg,outdoor,Americas,Americas,13,10
Americas\shard0_14609.jpg,outdoor,Americas,Americas,12,5
Americas\shard0_09845.jpg,outdoor,Americas,Americas,12,5
Americas\shard0_27793.jpg,outdoor,Americas,Americas,13,10
Americas\shard0_05410.jpg,outdoor,Americas,Americas,12,7
Americas\shard0_18614.jpg,outdoor,Americas,Americas,13,9
Americas\shard0_05547.jpg,outdoor,Americas,Americas,12,10
Americas\shard0_08571.jpg,outdoor,Americas,Americas,13,9
Americas\shard0_27678.jpg,outdoor,Americas,Americas,13,10
Americas\shard0_00464.jpg,outdoor,Americas,Americas,12,6
Americas\shard0_25257.jpg,outdoor,Americas,Americas,12,10
Americas\shard0_21580.jpg,outdoor,Americas,Americas,12,7
Americas\shard0_10584.jpg,outdoor,Americas,Americas,13,9
Americas\shard0_02084.jpg,outdoor,Americas,Americas,13,10
Americas\shard0_28859.jpg,outdoor,Americas,Americas,12,10
Americas\shard0_20288.jpg,outdoor,Americas,Americas,13,9
Americas\shard0_18534.jpg,outdoor,Americas,Americas,12,6
Americas\shard0_12575.jpg,outdoor,Americas,Americas,11,9
Americas\shard0_13684.jpg,outdoor,Americas,Americas,13,10
Americas\shard0_21553.jpg,outdoor,Americas,Americas,10,8
Americas\shard0_01420.jpg,outdoor,Americas,Americas,13,10
Americas\shard0_16877.jpg,outdoor,Americas,Americas,13,10
Americas\shard0_14180.jpg,outdoor,Americas,Americas,14,6
Americas\shard0_21962.jpg,outdoor,Americas,Americas,10,9
Americas\shard0_04848.jpg,outdoor,Americas,Americas,12,8
Americas\shard0_20879.jpg,outdoor,Americas,Americas,12,9
Americas\shard0_01201.jpg,outdoor,Americas,Americas,12,5
Americas\shard0_15545.jpg,outdoor,Americas,Americas,12,9
Americas\shard0_23555.jpg,outdoor,Americas,Americas,13,9
Americas\shard0_20367.jpg,outdoor,Americas,Americas,13,5
Americas\shard0_22444.jpg,outdoor,Americas,Americas,12,6
Americas\shard0_24309.jpg,outdoor,Americas,Americas,10,11
Americas\shard0_11658.jpg,outdoor,Americas,Americas,13,10
Americas\shard0_00938.jpg,outdoor,Americas,Americas,11,9
Americas\shard0_14700.jpg,outdoor,Americas,Americas,12,5
Americas\shard0_11642.jpg,outdoor,Americas,Americas,13,5
Americas\shard0_22078.jpg,outdoor,Americas,Americas,12,6
Americas\shard0_13037.jpg,outdoor,Americas,Americas,12,6
Americas\shard0_21517.jpg,outdoor,Americas,Americas,12,9
Americas\shard0_09190.jpg,outdoor,Americas,Americas,4,11
Americas\shard0_23312.jpg,outdoor,Americas,Americas,12,6
Americas\shard0_22784.jpg,outdoor,Americas,Americas,13,10
Americas\shard0_13795.jpg,outdoor,Americas,Americas,13,5
Americas\shard0_19781.jpg,outdoor,Americas,Americas,13,10
Americas\shard0_07214.jpg,outdoor,Americas,Americas,13,11
Americas\shard0_02566.jpg,outdoor,Americas,Americas,12,10
Americas\shard0_20909.jpg,outdoor,Americas,Americas,13,10
Americas\shard0_04769.jpg,outdoor,Americas,Americas,12,6
Americas\shard0_24096.jpg,outdoor,Americas,Americas,5,12
Americas\shard0_29437.jpg,outdoor,Americas,Americas,12,8
Americas\shard0_28319.jpg,outdoor,Americas,Americas,6,13
Americas\shard0_00834.jpg,outdoor,Americas,Americas,10,9
Americas\shard0_23837.jpg,outdoor,Americas,Americas,13,10
Americas\shard0_18959.jpg,outdoor,Americas,Americas,13,10
Americas\shard0_03598.jpg,outdoor,Americas,Americas,13,9
Americas\shard0_17472.jpg,outdoor,Americas,Americas,12,5
Americas\shard0_05403.jpg,outdoor,Americas,Americas,12,10
Americas\shard0_25554.jpg,outdoor,Americas,Americas,13,10
Americas\shard0_07205.jpg,outdoor,Americas,Americas,10,9
Americas\shard0_18587.jpg,outdoor,Americas,Americas,12,5
Americas\shard0_16771.jpg,outdoor,Americas,Americas,12,8
Americas\shard0_13897.jpg,outdoor,Americas,Americas,9,9
Americas\shard0_19258.jpg,outdoor,Americas,Americas,13,6
Americas\shard0_22708.jpg,outdoor,Americas,Americas,10,8
Americas\shard0_23458.jpg,outdoor,Americas,Americas,13,10
Americas\shard0_16012.jpg,outdoor,Americas,Americas,12,6
Americas\shard0_22469.jpg,outdoor,Americas,Americas,13,9
Americas\shard0_24273.jpg,outdoor,Americas,Americas,3,10
Americas\shard0_22269.jpg,outdoor,Americas,Americas,10,8
Americas\shard0_02833.jpg,outdoor,Americas,Americas,11,9
Americas\shard0_03386.jpg,outdoor,Americas,Americas,13,5
Americas\shard0_09607.jpg,outdoor,Americas,Americas,13,9
Americas\shard0_17983.jpg,outdoor,Americas,Americas,14,5
Americas\shard0_05982.jpg,outdoor,Americas,Americas,12,5
Americas\shard0_21638.jpg,outdoor,Americas,Americas,13,5
Americas\shard0_20053.jpg,outdoor,Americas,Americas,13,10
Americas\shard0_16144.jpg,outdoor,Americas,Americas,5,10
Americas\shard0_22339.jpg,outdoor,Americas,Americas,13,10
Americas\shard0_26064.jpg,outdoor,Americas,Americas,12,9
Americas\shard0_19027.jpg,outdoor,Americas,Americas,5,12
Americas\shard0_21548.jpg,outdoor,Americas,Americas,12,6
Americas\shard0_22540.jpg,outdoor,Americas,Americas,13,6
Americas\shard0_27130.jpg,outdoor,Americas,Americas,12,9
Americas\shard0_25423.jpg,outdoor,Americas,Americas,13,5
Americas\shard0_07842.jpg,outdoor,Americas,Americas,12,10
Americas\shard0_10513.jpg,outdoor,Americas,Americas,12,8
Americas\shard0_03446.jpg,outdoor,Americas,Americas,13,5
Americas\shard0_03702.jpg,outdoor,Americas,Americas,12,8
Americas\shard0_26795.jpg,outdoor,Americas,Americas,12,10
Americas\shard0_22258.jpg,outdoor,Americas,Americas,12,6
Americas\shard0_20885.jpg,outdoor,Americas,Americas,13,9
Americas\shard0_00885.jpg,outdoor,Americas,Americas,12,10
Americas\shard0_05697.jpg,outdoor,Americas,Americas,6,12
Americas\shard0_02405.jpg,outdoor,Americas,Americas,11,9
Americas\shard0_00173.jpg,outdoor,Americas,Americas,13,9
Americas\shard0_05417.jpg,outdoor,Americas,Americas,11,2
Americas\shard0_10689.jpg,outdoor,Americas,Americas,12,7
Americas\shard0_28975.jpg,outdoor,Americas,Americas,13,9
Americas\shard0_08323.jpg,outdoor,Americas,Americas,13,9
Americas\shard0_27014.jpg,outdoor,Americas,Americas,12,8
Americas\shard0_15770.jpg,outdoor,Americas,Americas,13,9
Americas\shard0_28396.jpg,outdoor,Americas,Americas,13,9
Americas\shard0_04661.jpg,outdoor,Americas,Americas,13,10
Americas\shard0_03079.jpg,outdoor,Americas,Americas,11,9
Americas\shard0_06726.jpg,outdoor,Americas,Americas,13,8
Americas\shard0_02892.jpg,outdoor,Americas,Americas,13,10
Americas\shard0_23794.jpg,outdoor,Americas,Americas,13,6
Americas\shard0_19920.jpg,outdoor,Americas,Americas,10,8
Americas\shard0_03885.jpg,outdoor,Americas,Americas,13,10
Americas\shard0_24000.jpg,outdoor,Americas,Americas,10,2
Americas\shard0_13677.jpg,outdoor,Americas,Americas,13,10
Americas\shard0_16486.jpg,outdoor,Americas,Americas,12,6
Americas\shard0_11167.jpg,outdoor,Americas,Americas,13,5
Americas\shard0_23749.jpg,outdoor,Americas,Americas,13,10
Americas\shard0_12003.jpg,outdoor,Americas,Americas,13,6
Americas\shard0_12828.jpg,outdoor,Americas,Americas,10,8
Americas\shard0_19224.jpg,outdoor,Americas,Americas,13,10
Americas\shard0_15972.jpg,outdoor,Americas,Americas,13,10
Americas\shard0_22467.jpg,outdoor,Americas,Americas,13,8
Americas\shard0_08230.jpg,outdoor,Americas,Americas,13,8
Americas\shard0_07806.jpg,outdoor,Americas,Americas,12,8
Americas\shard0_21458.jpg,outdoor,Americas,Americas,11,9
Americas\shard0_17558.jpg,outdoor,Americas,Americas,10,9
Americas\shard0_08688.jpg,outdoor,Americas,Americas,13,9
Americas\shard0_20226.jpg,outdoor,Americas,Americas,12,8
Americas\shard0_19074.jpg,outdoor,Americas,Americas,13,10
Americas\shard0_15086.jpg,outdoor,Americas,Americas,14,6
Americas\shard0_09480.jpg,outdoor,Americas,Americas,11,2
Americas\shard0_03140.jpg,outdoor,Americas,Americas,11,9
Americas\shard0_21467.jpg,outdoor,Americas,Americas,13,9
Americas\shard0_09780.jpg,outdoor,Americas,Americas,8,10
Americas\shard0_21703.jpg,outdoor,Americas,Americas,12,5
Americas\shard0_11849.jpg,outdoor,Americas,Americas,12,6
Americas\shard0_05537.jpg,outdoor,Americas,Americas,6,13
Americas\shard0_09196.jpg,outdoor,Americas,Americas,5,11
Americas\shard0_27645.jpg,outdoor,Americas,Americas,13,5
Americas\shard0_14520.jpg,outdoor,Americas,Americas,13,6
Americas\shard0_03888.jpg,outdoor,Americas,Americas,12,5
Americas\shard0_01732.jpg,outdoor,Americas,Americas,13,6
Americas\shard0_20439.jpg,outdoor,Americas,Americas,7,11
Americas\shard0_11375.jpg,outdoor,Americas,Americas,12,9
Americas\shard0_23182.jpg,outdoor,Americas,Americas,12,6
Americas\shard0_26943.jpg,outdoor,Americas,Americas,13,6
Americas\shard0_05368.jpg,outdoor,Americas,Americas,12,6
Americas\shard0_18743.jpg,outdoor,Americas,Americas,12,5
Americas\shard0_16191.jpg,outdoor,Americas,Americas,13,9
Americas\shard0_15994.jpg,outdoor,Americas,Americas,14,6
Americas\shard0_13628.jpg,outdoor,Americas,Americas,12,6
Americas\shard0_04781.jpg,outdoor,Americas,Americas,13,11
Americas\shard0_09040.jpg,outdoor,Americas,Americas,13,6
Americas\shard0_26880.jpg,outdoor,Americas,Americas,13,10
Americas\shard0_15037.jpg,outdoor,Americas,Americas,5,10
Americas\shard0_25103.jpg,outdoor,Americas,Americas,13,5
Americas\shard0_07875.jpg,outdoor,Americas,Americas,13,10
Americas\shard0_21411.jpg,outdoor,Americas,Americas,3,11
Americas\shard0_12404.jpg,outdoor,Americas,Americas,7,10
Americas\shard0_17832.jpg,outdoor,Americas,Americas,13,9
Americas\shard0_18872.jpg,outdoor,Americas,Americas,13,10
Americas\shard0_00786.jpg,outdoor,Americas,Americas,13,8
Americas\shard0_15585.jpg,outdoor,Americas,Americas,12,9
Americas\shard0_04902.jpg,outdoor,Americas,Americas,6,12
Americas\shard0_12015.jpg,outdoor,Americas,Americas,12,10
Americas\shard0_18915.jpg,outdoor,Americas,Americas,13,11
Americas\shard0_12701.jpg,outdoor,Americas,Americas,10,8
Americas\shard0_01238.jpg,outdoor,Americas,Americas,13,9
Americas\shard0_19508.jpg,outdoor,Americas,Americas,12,7
Americas\shard0_05717.jpg,outdoor,Americas,Americas,12,6
Americas\shard0_00259.jpg,outdoor,Americas,Americas,5,10
Americas\shard0_14760.jpg,outdoor,Americas,Americas,11,7
Americas\shard0_15697.jpg,outdoor,Americas,Americas,13,5
Americas\shard0_25315.jpg,outdoor,Americas,Americas,11,9
Americas\shard0_03570.jpg,outdoor,Americas,Americas,13,10
Americas\shard0_25038.jpg,outdoor,Americas,Americas,12,10
Americas\shard0_06490.jpg,outdoor,Americas,Americas,13,10
Americas\shard0_27877.jpg,outdoor,Americas,Americas,13,10
Americas\shard0_00971.jpg,outdoor,Americas,Americas,13,5
Americas\shard0_00366.jpg,outdoor,Americas,Americas,12,9
Americas\shard0_15319.jpg,outdoor,Americas,Americas,13,8
Americas\shard0_13985.jpg,outdoor,Americas,Americas,11,2
Americas\shard0_25320.jpg,outdoor,Americas,Americas,12,10
Americas\shard0_21668.jpg,outdoor,Americas,Americas,13,10
Americas\shard0_26622.jpg,outdoor,Americas,Americas,12,5
Americas\shard0_20641.jpg,outdoor,Americas,Americas,4,10
Americas\shard0_18605.jpg,outdoor,Americas,Americas,13,10
Americas\shard0_04366.jpg,outdoor,Americas,Americas,12,6
Americas\shard0_24942.jpg,outdoor,Americas,Americas,13,8
Americas\shard0_28709.jpg,outdoor,Americas,Americas,10,8
Americas\shard0_15851.jpg,outdoor,Americas,Americas,12,5
Americas\shard0_19252.jpg,outdoor,Americas,Americas,12,6
Americas\shard0_10190.jpg,outdoor,Americas,Americas,13,8
Americas\shard0_06869.jpg,outdoor,Americas,Americas,13,8
Americas\shard0_28797.jpg,outdoor,Americas,Americas,5,10
Americas\shard0_01666.jpg,outdoor,Americas,Americas,13,10
Americas\shard0_16200.jpg,outdoor,Americas,Americas,11,7
Americas\shard0_28735.jpg,outdoor,Americas,Americas,12,6
Americas\shard0_27518.jpg,outdoor,Americas,Americas,13,10
Americas\shard0_27021.jpg,outdoor,Americas,Americas,13,10
Americas\shard0_21415.jpg,outdoor,Americas,Americas,12,9
Americas\shard0_21741.jpg,outdoor,Americas,Americas,12,5
Americas\shard0_20652.jpg,outdoor,Americas,Americas,10,8
Americas\shard0_27209.jpg,outdoor,Americas,Americas,13,5
Americas\shard0_22432.jpg,outdoor,Americas,Americas,8,14
Americas\shard0_17194.jpg,outdoor,Americas,Americas,11,9
Americas\shard0_02702.jpg,outdoor,Americas,Americas,13,10
Americas\shard0_02041.jpg,outdoor,Americas,Americas,15,3
Americas\shard0_15318.jpg,outdoor,Americas,Americas,12,9
Americas\shard0_02732.jpg,outdoor,Americas,Americas,13,10
Americas\shard0_03093.jpg,outdoor,Americas,Americas,13,10
Americas\shard0_16804.jpg,outdoor,Americas,Americas,6,11
Americas\shard0_03265.jpg,outdoor,Americas,Americas,13,9
Americas\shard0_28201.jpg,outdoor,Americas,Americas,11,8
Americas\shard0_24491.jpg,outdoor,Americas,Americas,10,9
Americas\shard0_16621.jpg,outdoor,Americas,Americas,13,9
Americas\shard0_26091.jpg,outdoor,Americas,Americas,13,5
Americas\shard0_29926.jpg,outdoor,Americas,Americas,13,10
Americas\shard0_02483.jpg,outdoor,Americas,Americas,13,9
Americas\shard0_14420.jpg,outdoor,Americas,Americas,12,6
Americas\shard0_04645.jpg,outdoor,Americas,Americas,6,13
Americas\shard0_08530.jpg,outdoor,Americas,Americas,12,6
Americas\shard0_07336.jpg,outdoor,Americas,Americas,12,6
Americas\shard0_12449.jpg,outdoor,Americas,Americas,13,6
Americas\shard0_07548.jpg,outdoor,Americas,Americas,13,10
Americas\shard0_23858.jpg,outdoor,Americas,Americas,13,9
Americas\shard0_26460.jpg,outdoor,Americas,Americas,7,11
Americas\shard0_00335.jpg,outdoor,Americas,Americas,12,9
Americas\shard0_10083.jpg,outdoor,Americas,Americas,13,5
Americas\shard0_10913.jpg,outdoor,Americas,Americas,13,5
Americas\shard0_11528.jpg,outdoor,Americas,Americas,12,6
Americas\shard0_04493.jpg,outdoor,Americas,Americas,12,8
Americas\shard0_25922.jpg,outdoor,Americas,Americas,13,10
Americas\shard0_15262.jpg,outdoor,Americas,Americas,12,5
Americas\shard0_09389.jpg,outdoor,Americas,Americas,8,12
Americas\shard0_25497.jpg,outdoor,Americas,Americas,5,11
Americas\shard0_05247.jpg,outdoor,Americas,Americas,12,9
Americas\shard0_08864.jpg,outdoor,Americas,Americas,13,9
Americas\shard0_02637.jpg,outdoor,Americas,Americas,12,9
Americas\shard0_27114.jpg,outdoor,Americas,Americas,12,10
Americas\shard0_02345.jpg,outdoor,Americas,Americas,12,10
Americas\shard0_08051.jpg,outdoor,Americas,Americas,12,8
Americas\shard0_05891.jpg,outdoor,Americas,Americas,13,9
Americas\shard0_22018.jpg,outdoor,Americas,Americas,12,6
Americas\shard0_28384.jpg,outdoor,Americas,Americas,12,9
Americas\shard0_09170.jpg,outdoor,Americas,Americas,13,5
Americas\shard0_19128.jpg,outdoor,Americas,Americas,12,5
Americas\shard0_20028.jpg,outdoor,Americas,Americas,5,10
Americas\shard0_28884.jpg,outdoor,Americas,Americas,12,5
Americas\shard0_07506.jpg,outdoor,Americas,Americas,5,11
Americas\shard0_03178.jpg,outdoor,Americas,Americas,5,11
Americas\shard0_26891.jpg,outdoor,Americas,Americas,12,5
Americas\shard0_09575.jpg,outdoor,Americas,Americas,13,6
Americas\shard0_00795.jpg,outdoor,Americas,Americas,12,8
Americas\shard0_17157.jpg,outdoor,Americas,Americas,13,8
Americas\shard0_15719.jpg,outdoor,Americas,Americas,12,6
Americas\shard0_20963.jpg,outdoor,Americas,Americas,12,10
Americas\shard0_03445.jpg,outdoor,Americas,Americas,12,9
Americas\shard0_20003.jpg,outdoor,Americas,Americas,13,10
Americas\shard0_10263.jpg,outdoor,Americas,Americas,13,8
Americas\shard0_19179.jpg,outdoor,Americas,Americas,12,6
Americas\shard0_26085.jpg,outdoor,Americas,Americas,7,10
Americas\shard0_22842.jpg,outdoor,Americas,Americas,11,9
Americas\shard0_02766.jpg,outdoor,Americas,Americas,12,5
Americas\shard0_26337.jpg,outdoor,Americas,Americas,13,9
Americas\shard0_26425.jpg,outdoor,Americas,Americas,13,10
Americas\shard0_14237.jpg,outdoor,Americas,Americas,13,9
Americas\shard0_20530.jpg,outdoor,Americas,Americas,13,9
Americas\shard0_00483.jpg,outdoor,Americas,Americas,13,10
Americas\shard0_07828.jpg,outdoor,Americas,Americas,13,10
Americas\shard0_29122.jpg,outdoor,Americas,Americas,12,6
Americas\shard0_25563.jpg,outdoor,Americas,Americas,12,9
Americas\shard0_09365.jpg,outdoor,Americas,Americas,13,10
Americas\shard0_29049.jpg,outdoor,Americas,Americas,12,7
Americas\shard0_29482.jpg,outdoor,Americas,Americas,12,10
Americas\shard0_00565.jpg,outdoor,Americas,Americas,10,11
Americas\shard0_26297.jpg,outdoor,Americas,Americas,15,3
Americas\shard0_13653.jpg,outdoor,Americas,Americas,12,5
Americas\shard0_12564.jpg,outdoor,Americas,Americas,13,11
Americas\shard0_00237.jpg,outdoor,Americas,Americas,10,9
Americas\shard0_19330.jpg,outdoor,Americas,Americas,12,5
Americas\shard0_25967.jpg,outdoor,Americas,Americas,12,7
Americas\shard0_13988.jpg,outdoor,Americas,Americas,12,5
Americas\shard0_13555.jpg,outdoor,Americas,Americas,12,6
Americas\shard0_02922.jpg,outdoor,Americas,Americas,11,7
Americas\shard0_26599.jpg,outdoor,Americas,Americas,10,8
Americas\shard0_03167.jpg,outdoor,Americas,Americas,6,12
Americas\shard0_05286.jpg,outdoor,Americas,Americas,10,8
Americas\shard0_09507.jpg,outdoor,Americas,Americas,13,7
Americas\shard0_24947.jpg,outdoor,Americas,Americas,12,10
Americas\shard0_20678.jpg,outdoor,Americas,Americas,12,6
Americas\shard0_02352.jpg,outdoor,Americas,Americas,10,8
Americas\shard0_08217.jpg,outdoor,Americas,Americas,5,10
Americas\shard0_13266.jpg,outdoor,Americas,Americas,13,10
Americas\shard0_07630.jpg,outdoor,Americas,Americas,7,11
Americas\shard0_06176.jpg,outdoor,Americas,Americas,12,10
Americas\shard0_27111.jpg,outdoor,Americas,Americas,12,5
Americas\shard0_25288.jpg,outdoor,Americas,Americas,12,6
Americas\shard0_02010.jpg,outdoor,Americas,Americas,12,5
Americas\shard0_16132.jpg,outdoor,Americas,Americas,13,8
Americas\shard0_02962.jpg,outdoor,Americas,Americas,12,9
Americas\shard0_13588.jpg,outdoor,Americas,Americas,13,10
Americas\shard0_02526.jpg,outdoor,Americas,Americas,13,9
Americas\shard0_08392.jpg,outdoor,Americas,Americas,11,9
Americas\shard0_17249.jpg,outdoor,Americas,Americas,13,9
Americas\shard0_18856.jpg,outdoor,Americas,Americas,12,8
Americas\shard0_26219.jpg,outdoor,Americas,Americas,13,7
Americas\shard0_10333.jpg,outdoor,Americas,Americas,13,8
Americas\shard0_05170.jpg,outdoor,Americas,Americas,13,5
Americas\shard0_01091.jpg,outdoor,Americas,Americas,13,10
Americas\shard0_20661.jpg,outdoor,Americas,Americas,12,6
Americas\shard0_05989.jpg,outdoor,Americas,Americas,13,5
Americas\shard0_14383.jpg,outdoor,Americas,Americas,11,2
Americas\shard0_06845.jpg,outdoor,Americas,Americas,13,6
Americas\shard0_29512.jpg,outdoor,Americas,Americas,12,9
Americas\shard0_16800.jpg,outdoor,Americas,Americas,12,10
Americas\shard0_29595.jpg,outdoor,Americas,Americas,11,9
Americas\shard0_14058.jpg,outdoor,Americas,Americas,12,6
Americas\shard0_12951.jpg,outdoor,Americas,Americas,6,13
Americas\shard0_28058.jpg,outdoor,Americas,Americas,12,6
Americas\shard0_16855.jpg,outdoor,Americas,Americas,12,6
Americas\shard0_04117.jpg,outdoor,Americas,Americas,12,10
Americas\shard0_23308.jpg,outdoor,Americas,Americas,13,6
Americas\shard0_09864.jpg,outdoor,Americas,Americas,13,9
Americas\shard0_15325.jpg,outdoor,Americas,Americas,13,5
Americas\shard0_25757.jpg,outdoor,Americas,Americas,13,5
Americas\shard0_12374.jpg,outdoor,Americas,Americas,12,5
Americas\shard0_10250.jpg,outdoor,Americas,Americas,13,9
Americas\shard0_00252.jpg,outdoor,Americas,Americas,12,10
Americas\shard0_21588.jpg,outdoor,Americas,Americas,12,6
Americas\shard0_20977.jpg,outdoor,Americas,Americas,13,9
Americas\shard0_07152.jpg,outdoor,Americas,Americas,12,6
Americas\shard0_13359.jpg,outdoor,Americas,Americas,13,10
Americas\shard0_16767.jpg,outdoor,Americas,Americas,13,10
Americas\shard0_19234.jpg,outdoor,Americas,Americas,13,11
Americas\shard0_06717.jpg,outdoor,Americas,Americas,7,13
Americas\shard0_12303.jpg,outdoor,Americas,Americas,14,6
Americas\shard0_00617.jpg,outdoor,Americas,Americas,12,6
Americas\shard0_11495.jpg,outdoor,Americas,Americas,13,10
Americas\shard0_09112.jpg,outdoor,Americas,Americas,13,9
Americas\shard0_27165.jpg,outdoor,Americas,Americas,12,6
Americas\shard0_09894.jpg,outdoor,Americas,Americas,11,9
Americas\shard0_19944.jpg,outdoor,Americas,Americas,13,10
Americas\shard0_12216.jpg,outdoor,Americas,Americas,13,10
Americas\shard0_22795.jpg,outdoor,Americas,Americas,12,7
Americas\shard0_21511.jpg,outdoor,Americas,Americas,11,7
Americas\shard0_03713.jpg,outdoor,Americas,Americas,13,5
Americas\shard0_19002.jpg,outdoor,Americas,Americas,10,9
Americas\shard0_26121.jpg,outdoor,Americas,Americas,15,2
Americas\shard0_23920.jpg,outdoor,Americas,Americas,13,7
Americas\shard0_12925.jpg,outdoor,Americas,Americas,12,8
Americas\shard0_01482.jpg,outdoor,Americas,Americas,12,6
Americas\shard0_06385.jpg,outdoor,Americas,Americas,13,6
Americas\shard0_20707.jpg,outdoor,Americas,Americas,13,10
Americas\shard0_07838.jpg,outdoor,Americas,Americas,10,8
Americas\shard0_18064.jpg,outdoor,Americas,Americas,13,7
Americas\shard0_13169.jpg,outdoor,Americas,Americas,13,10
Americas\shard0_07981.jpg,outdoor,Americas,Americas,12,9
Americas\shard0_18929.jpg,outdoor,Americas,Americas,12,7
Americas\shard0_03622.jpg,outdoor,Americas,Americas,13,5
Americas\shard0_05187.jpg,outdoor,Americas,Americas,13,9
Americas\shard0_00708.jpg,outdoor,Americas,Americas,13,7
Americas\shard0_22315.jpg,outdoor,Americas,Americas,13,5
Americas\shard0_02617.jpg,outdoor,Americas,Americas,13,10
Americas\shard0_09149.jpg,outdoor,Americas,Americas,7,10
Americas\shard0_24154.jpg,outdoor,Americas,Americas,4,10
Americas\shard0_16431.jpg,outdoor,Americas,Americas,11,6
Americas\shard0_14912.jpg,outdoor,Americas,Americas,8,14
Americas\shard0_04496.jpg,outdoor,Americas,Americas,11,8
Americas\shard0_16465.jpg,outdoor,Americas,Americas,12,6
Americas\shard0_01210.jpg,outdoor,Americas,Americas,13,10
Americas\shard0_06567.jpg,outdoor,Americas,Americas,13,10
Americas\shard0_01143.jpg,outdoor,Americas,Americas,13,6
Americas\shard0_08873.jpg,outdoor,Americas,Americas,13,7
Americas\shard0_13998.jpg,outdoor,Americas,Americas,10,7
Americas\shard0_18171.jpg,outdoor,Americas,Americas,13,10
Americas\shard0_23522.jpg,outdoor,Americas,Americas,12,7
Americas\shard0_07960.jpg,outdoor,Americas,Americas,13,10
Americas\shard0_05600.jpg,outdoor,Americas,Americas,13,9
Americas\shard0_12568.jpg,outdoor,Americas,Americas,12,10
Americas\shard0_18694.jpg,outdoor,Americas,Americas,13,5
Americas\shard0_18122.jpg,outdoor,Americas,Americas,12,9
Americas\shard0_10113.jpg,outdoor,Americas,Americas,13,10
Americas\shard0_08816.jpg,outdoor,Americas,Americas,12,8
Americas\shard0_17618.jpg,outdoor,Americas,Americas,12,8
Americas\shard0_13197.jpg,outdoor,Americas,Americas,13,9
Americas\shard0_27161.jpg,outdoor,Americas,Americas,6,13
Americas\shard0_15324.jpg,outdoor,Americas,Americas,13,10
Americas\shard0_20146.jpg,outdoor,Americas,Americas,12,9
Americas\shard0_00396.jpg,outdoor,Americas,Americas,12,7
Americas\shard0_17922.jpg,outdoor,Americas,Americas,13,5
Americas\shard0_03175.jpg,outdoor,Americas,Americas,13,8
Americas\shard0_27559.jpg,outdoor,Americas,Americas,7,10
Americas\shard0_01975.jpg,outdoor,Americas,Americas,13,10
Americas\shard0_19591.jpg,outdoor,Americas,Americas,13,10
Americas\shard0_29086.jpg,outdoor,Americas,Americas,12,5
Americas\shard0_20886.jpg,outdoor,Americas,Americas,13,5
Americas\shard0_05027.jpg,outdoor,Americas,Americas,9,11
Americas\shard0_06410.jpg,outdoor,Americas,Americas,13,10
Americas\shard0_10565.jpg,outdoor,Americas,Americas,12,10
Americas\shard0_28984.jpg,outdoor,Americas,Americas,13,10
Americas\shard0_01620.jpg,outdoor,Americas,Americas,13,5
Americas\shard0_09625.jpg,outdoor,Americas,Americas,13,5
Americas\shard0_04132.jpg,outdoor,Americas,Americas,4,10
Americas\shard0_09016.jpg,outdoor,Americas,Americas,13,10
Americas\shard0_18711.jpg,outdoor,Americas,Americas,13,5
Americas\shard0_28437.jpg,outdoor,Americas,Americas,13,5
Americas\shard0_02885.jpg,outdoor,Americas,Americas,12,6
Americas\shard0_00867.jpg,outdoor,Americas,Americas,13,9
Americas\shard0_08611.jpg,outdoor,Americas,Americas,12,6
Americas\shard0_12236.jpg,outdoor,Americas,Americas,5,11
Americas\shard0_20547.jpg,outdoor,Americas,Americas,11,8
Americas\shard0_09713.jpg,outdoor,Americas,Americas,12,6
Americas\shard0_16382.jpg,outdoor,Americas,Americas,6,13
Americas\shard0_16009.jpg,outdoor,Americas,Americas,5,10
Americas\shard0_19835.jpg,outdoor,Americas,Americas,12,10
Americas\shard0_19615.jpg,outdoor,Americas,Americas,12,10
Americas\shard0_09409.jpg,outdoor,Americas,Americas,12,5
Americas\shard0_03328.jpg,outdoor,Americas,Americas,13,9
Americas\shard0_17300.jpg,outdoor,Americas,Americas,13,10
Americas\shard0_15796.jpg,outdoor,Americas,Americas,13,10
Americas\shard0_15737.jpg,outdoor,Americas,Americas,13,10
Americas\shard0_27116.jpg,outdoor,Americas,Americas,12,7
Americas\shard0_06652.jpg,outdoor,Americas,Americas,12,5
Americas\shard0_11813.jpg,outdoor,Americas,Americas,6,13
Americas\shard0_20109.jpg,outdoor,Americas,Americas,13,9
Americas\shard0_11261.jpg,outdoor,Americas,Americas,13,7
Americas\shard0_22061.jpg,outdoor,Americas,Americas,11,9
Americas\shard0_20098.jpg,outdoor,Americas,Americas,12,6
Americas\shard0_02121.jpg,outdoor,Americas,Americas,13,10
Americas\shard0_25533.jpg,outdoor,Americas,Americas,12,5
Americas\shard0_26853.jpg,outdoor,Americas,Americas,11,8
Americas\shard0_21816.jpg,outdoor,Americas,Americas,12,6
Americas\shard0_20268.jpg,outdoor,Americas,Americas,12,10
Americas\shard0_29147.jpg,outdoor,Americas,Americas,13,5
Americas\shard0_29607.jpg,outdoor,Americas,Americas,13,5
Americas\shard0_14897.jpg,outdoor,Americas,Americas,14,6
Americas\shard0_02355.jpg,outdoor,Americas,Americas,12,5
Americas\shard0_01460.jpg,outdoor,Americas,Americas,12,6
Americas\shard0_19292.jpg,outdoor,Americas,Americas,12,8
Americas\shard0_16363.jpg,outdoor,Americas,Americas,13,10
Americas\shard0_12291.jpg,outdoor,Americas,Americas,13,5
Americas\shard0_03271.jpg,outdoor,Americas,Americas,10,10
Americas\shard0_14388.jpg,outdoor,Americas,Americas,13,5
Americas\shard0_28044.jpg,outdoor,Americas,Americas,12,5
Americas\shard0_24191.jpg,outdoor,Americas,Americas,12,5
Americas\shard0_19320.jpg,outdoor,Americas,Americas,12,5
Americas\shard0_00854.jpg,outdoor,Americas,Americas,11,9
Americas\shard0_16674.jpg,outdoor,Americas,Americas,13,5
Americas\shard0_15847.jpg,outdoor,Americas,Americas,10,9
Americas\shard0_11582.jpg,outdoor,Americas,Americas,13,10
Americas\shard0_22702.jpg,outdoor,Americas,Americas,13,5
Americas\shard0_11355.jpg,outdoor,Americas,Americas,12,10
Americas\shard0_16973.jpg,outdoor,Americas,Americas,12,5
Americas\shard0_09841.jpg,outdoor,Americas,Americas,12,8
Americas\shard0_03117.jpg,outdoor,Americas,Americas,9,10
Americas\shard0_20988.jpg,outdoor,Americas,Americas,13,9
Americas\shard0_00190.jpg,outdoor,Americas,Americas,7,10
Americas\shard0_26806.jpg,outdoor,Americas,Americas,13,10
Americas\shard0_03819.jpg,outdoor,Americas,Americas,13,10
Americas\shard0_26096.jpg,outdoor,Americas,Americas,11,8
Americas\shard0_20403.jpg,outdoor,Americas,Americas,9,10
Americas\shard0_02120.jpg,outdoor,Americas,Americas,11,9
Americas\shard0_12195.jpg,outdoor,Americas,Americas,13,9
Americas\shard0_00579.jpg,outdoor,Americas,Americas,13,10
Americas\shard0_18263.jpg,outdoor,Americas,Americas,10,11
Americas\shard0_12605.jpg,outdoor,Americas,Americas,13,10
Americas\shard0_14166.jpg,outdoor,Americas,Americas,12,10
Americas\shard0_14013.jpg,outdoor,Americas,Americas,13,5
Americas\shard0_01876.jpg,outdoor,Americas,Americas,13,8
Americas\shard0_29349.jpg,outdoor,Americas,Americas,12,6
Americas\shard0_20870.jpg,outdoor,Americas,Americas,13,9
Americas\shard0_02476.jpg,outdoor,Americas,Americas,12,6
Americas\shard0_01816.jpg,outdoor,Americas,Americas,13,5
Americas\shard0_15172.jpg,outdoor,Americas,Americas,13,5
Americas\shard0_21361.jpg,outdoor,Americas,Americas,13,5
Americas\shard0_29193.jpg,outdoor,Americas,Americas,12,7
Americas\shard0_01274.jpg,outdoor,Americas,Americas,12,6
Americas\shard0_20378.jpg,outdoor,Americas,Americas,13,9
Americas\shard0_27484.jpg,outdoor,Americas,Americas,13,10
Americas\shard0_19948.jpg,outdoor,Americas,Americas,12,6
Americas\shard0_01817.jpg,outdoor,Americas,Americas,13,10
Americas\shard0_24053.jpg,outdoor,Americas,Americas,5,10
Americas\shard0_03836.jpg,outdoor,Americas,Americas,13,9
Americas\shard0_16027.jpg,outdoor,Americas,Americas,6,13
Americas\shard0_06728.jpg,outdoor,Americas,Americas,13,10
Americas\shard0_12573.jpg,outdoor,Americas,Americas,12,7
Americas\shard0_27901.jpg,outdoor,Americas,Americas,12,6
Americas\shard0_04359.jpg,outdoor,Americas,Americas,13,10
Americas\shard0_01570.jpg,outdoor,Americas,Americas,13,10
Americas\shard0_10177.jpg,outdoor,Americas,Americas,13,7
Americas\shard0_06589.jpg,outdoor,Americas,Americas,13,10
Americas\shard0_09825.jpg,outdoor,Americas,Americas,13,9
Americas\shard0_26770.jpg,outdoor,Americas,Americas,12,10
Americas\shard0_26798.jpg,outdoor,Americas,Americas,12,6
Americas\shard0_24844.jpg,outdoor,Americas,Americas,10,10
Americas\shard0_25090.jpg,outdoor,Americas,Americas,13,5
Americas\shard0_08457.jpg,outdoor,Americas,Americas,13,10
Americas\shard0_03269.jpg,outdoor,Americas,Americas,12,6
Americas\shard0_15793.jpg,outdoor,Americas,Americas,12,9
Americas\shard0_26102.jpg,outdoor,Americas,Americas,14,7
Americas\shard0_05719.jpg,outdoor,Americas,Americas,12,10
Americas\shard0_29375.jpg,outdoor,Americas,Americas,13,10
Americas\shard0_24906.jpg,outdoor,Americas,Americas,13,10
Americas\shard0_13218.jpg,outdoor,Americas,Americas,12,6
Americas\shard0_08380.jpg,outdoor,Americas,Americas,13,5
Americas\shard0_20374.jpg,outdoor,Americas,Americas,13,10
Americas\shard0_20522.jpg,outdoor,Americas,Americas,11,8
Americas\shard0_01489.jpg,outdoor,Americas,Americas,12,6
Americas\shard0_08507.jpg,outdoor,Americas,Americas,13,5
Americas\shard0_05008.jpg,outdoor,Americas,Americas,13,10
Americas\shard0_21905.jpg,outdoor,Americas,Americas,13,10
Americas\shard0_14450.jpg,outdoor,Americas,Americas,6,13
Americas\shard0_29457.jpg,outdoor,Americas,Americas,10,9
Americas\shard0_00779.jpg,outdoor,Americas,Americas,12,6
Americas\shard0_20822.jpg,outdoor,Americas,Americas,13,9
Americas\shard0_14629.jpg,outdoor,Americas,Americas,13,6
Americas\shard0_00706.jpg,outdoor,Americas,Americas,4,10
Americas\shard0_19748.jpg,outdoor,Americas,Americas,10,8
Americas\shard0_04792.jpg,outdoor,Americas,Americas,6,13
Americas\shard0_19633.jpg,outdoor,Americas,Americas,12,10
Americas\shard0_11852.jpg,outdoor,Americas,Americas,13,5
Americas\shard0_10026.jpg,outdoor,Americas,Americas,12,8
Americas\shard0_25976.jpg,outdoor,Americas,Americas,13,9
Americas\shard0_29114.jpg,outdoor,Americas,Americas,13,9
Americas\shard0_15865.jpg,outdoor,Americas,Americas,13,7
Americas\shard0_14262.jpg,outdoor,Americas,Americas,13,10
Americas\shard0_05073.jpg,outdoor,Americas,Americas,12,5
Americas\shard0_15168.jpg,outdoor,Americas,Americas,12,8
Americas\shard0_18864.jpg,outdoor,Americas,Americas,3,11
Americas\shard0_25747.jpg,outdoor,Americas,Americas,12,9
Americas\shard0_24355.jpg,outdoor,Americas,Americas,13,8
Americas\shard0_21340.jpg,outdoor,Americas,Americas,13,10
Americas\shard0_07386.jpg,outdoor,Americas,Americas,12,10
Americas\shard0_02085.jpg,outdoor,Americas,Americas,11,9
Americas\shard0_00679.jpg,outdoor,Americas,Americas,11,9
Americas\shard0_17253.jpg,outdoor,Americas,Americas,13,10
Americas\shard0_28155.jpg,outdoor,Americas,Americas,13,6
Americas\shard0_12781.jpg,outdoor,Americas,Americas,13,5
Americas\shard0_19988.jpg,outdoor,Americas,Americas,11,2
Americas\shard0_00409.jpg,outdoor,Americas,Americas,13,10
Americas\shard0_24777.jpg,outdoor,Americas,Americas,12,9
Americas\shard0_17919.jpg,outdoor,Americas,Americas,12,5
Americas\shard0_12740.jpg,outdoor,Americas,Americas,13,5
Americas\shard0_26470.jpg,outdoor,Americas,Americas,7,11
Americas\shard0_18249.jpg,outdoor,Americas,Americas,12,6
Americas\shard0_07754.jpg,outdoor,Americas,Americas,12,10
Americas\shard0_26603.jpg,outdoor,Americas,Americas,12,10
Americas\shard0_15308.jpg,outdoor,Americas,Americas,13,10
Americas\shard0_07361.jpg,outdoor,Americas,Americas,13,8
Americas\shard0_00620.jpg,outdoor,Americas,Americas,13,10
Americas\shard0_24632.jpg,outdoor,Americas,Americas,13,9
Americas\shard0_10916.jpg,outdoor,Americas,Americas,15,3
Americas\shard0_07084.jpg,outdoor,Americas,Americas,13,10
Americas\shard0_11226.jpg,outdoor,Americas,Americas,13,10
Americas\shard0_12333.jpg,outdoor,Americas,Americas,13,5
Americas\shard0_14364.jpg,outdoor,Americas,Americas,13,9
Americas\shard0_21651.jpg,outdoor,Americas,Americas,12,5
Americas\shard0_21722.jpg,outdoor,Americas,Americas,12,6
Americas\shard0_09662.jpg,outdoor,Americas,Americas,13,9
Americas\shard0_14841.jpg,outdoor,Americas,Americas,12,6
Americas\shard0_17630.jpg,outdoor,Americas,Americas,8,13
Americas\shard0_07997.jpg,outdoor,Americas,Americas,13,10
Americas\shard0_22809.jpg,outdoor,Americas,Americas,12,6
Americas\shard0_28289.jpg,outdoor,Americas,Americas,13,10
Americas\shard0_01264.jpg,outdoor,Americas,Americas,13,5
Americas\shard0_00849.jpg,outdoor,Americas,Americas,10,2
Americas\shard0_13673.jpg,outdoor,Americas,Americas,12,8
Americas\shard0_18831.jpg,outdoor,Americas,Americas,12,6
Americas\shard0_28985.jpg,outdoor,Americas,Americas,11,8
Americas\shard0_02034.jpg,outdoor,Americas,Americas,13,9
Americas\shard0_00838.jpg,outdoor,Americas,Americas,6,13
Americas\shard0_06395.jpg,outdoor,Americas,Americas,13,11
Americas\shard0_04930.jpg,outdoor,Americas,Americas,13,10
Americas\shard0_11369.jpg,outdoor,Americas,Americas,13,10
Americas\shard0_03756.jpg,outdoor,Americas,Americas,13,10
Americas\shard0_01245.jpg,outdoor,Americas,Americas,12,6
Americas\shard0_08099.jpg,outdoor,Americas,Americas,14,6
Americas\shard0_12659.jpg,outdoor,Americas,Americas,12,8
Americas\shard0_08718.jpg,outdoor,Americas,Americas,13,9
Americas\shard0_22079.jpg,outdoor,Americas,Americas,13,5
Americas\shard0_06896.jpg,outdoor,Americas,Americas,12,5
Americas\shard0_03627.jpg,outdoor,Americas,Americas,12,6
Americas\shard0_08710.jpg,outdoor,Americas,Americas,11,9
Americas\shard0_19235.jpg,outdoor,Americas,Americas,13,9
Americas\shard0_19919.jpg,outdoor,Americas,Americas,13,5
Americas\shard0_16695.jpg,outdoor,Americas,Americas,12,7
Americas\shard0_25969.jpg,outdoor,Americas,Americas,7,10
Americas\shard0_06913.jpg,outdoor,Americas,Americas,12,10
Americas\shard0_00847.jpg,outdoor,Americas,Americas,13,10
Americas\shard0_08590.jpg,outdoor,Americas,Americas,12,10
Americas\shard0_19374.jpg,outdoor,Americas,Americas,13,9
Americas\shard0_28739.jpg,outdoor,Americas,Americas,12,8
Americas\shard0_13168.jpg,outdoor,Americas,Americas,12,7
Americas\shard0_15263.jpg,outdoor,Americas,Americas,12,5
Americas\shard0_05953.jpg,outdoor,Americas,Americas,12,8
Americas\shard0_19590.jpg,outdoor,Americas,Americas,13,10
Americas\shard0_20787.jpg,outdoor,Americas,Americas,12,6
Americas\shard0_23779.jpg,outdoor,Americas,Americas,11,9
Americas\shard0_02923.jpg,outdoor,Americas,Americas,13,10
Americas\shard0_00737.jpg,outdoor,Americas,Americas,6,13
Americas\shard0_28406.jpg,outdoor,Americas,Americas,14,6
Americas\shard0_12595.jpg,outdoor,Americas,Americas,13,10
Americas\shard0_27523.jpg,outdoor,Americas,Americas,12,9
Americas\shard0_01113.jpg,outdoor,Americas,Americas,12,7
Americas\shard0_12049.jpg,outdoor,Americas,Americas,13,10
Americas\shard0_12883.jpg,outdoor,Americas,Americas,13,11
Americas\shard0_10908.jpg,outdoor,Americas,Americas,15,3
Americas\shard0_01159.jpg,outdoor,Americas,Americas,12,9
Americas\shard0_18446.jpg,outdoor,Americas,Americas,12,8
Americas\shard0_22141.jpg,outdoor,Americas,Americas,13,5
Americas\shard0_04335.jpg,outdoor,Americas,Americas,13,10
Americas\shard0_09809.jpg,outdoor,Americas,Americas,13,5
Americas\shard0_22146.jpg,outdoor,Americas,Americas,10,7
Americas\shard0_17258.jpg,outdoor,Americas,Americas,10,11
Americas\shard0_20887.jpg,outdoor,Americas,Americas,13,10
Americas\shard0_23852.jpg,outdoor,Americas,Americas,11,8
Americas\shard0_12412.jpg,outdoor,Americas,Americas,13,9
Americas\shard0_01085.jpg,outdoor,Americas,Americas,12,6
Americas\shard0_17447.jpg,outdoor,Americas,Americas,13,6
Americas\shard0_24470.jpg,outdoor,Americas,Americas,6,13
Americas\shard0_17375.jpg,outdoor,Americas,Americas,12,10
Americas\shard0_22959.jpg,outdoor,Americas,Americas,12,10
Americas\shard0_00454.jpg,outdoor,Americas,Americas,11,7
Americas\shard0_06172.jpg,outdoor,Americas,Americas,13,6
Americas\shard0_11452.jpg,outdoor,Americas,Americas,13,9
Americas\shard0_00886.jpg,outdoor,Americas,Americas,14,6
Americas\shard0_17579.jpg,outdoor,Americas,Americas,6,11
Americas\shard0_18058.jpg,outdoor,Americas,Americas,12,9
Americas\shard0_00320.jpg,outdoor,Americas,Americas,13,10
Americas\shard0_03778.jpg,outdoor,Americas,Americas,12,5
Americas\shard0_18934.jpg,outdoor,Americas,Americas,9,10
Americas\shard0_01865.jpg,outdoor,Americas,Americas,12,5
Americas\shard0_26189.jpg,outdoor,Americas,Americas,13,10
Americas\shard0_02253.jpg,outdoor,Americas,Americas,12,6
Americas\shard0_14428.jpg,outdoor,Americas,Americas,13,5
Americas\shard0_17912.jpg,outdoor,Americas,Americas,12,7
Americas\shard0_25030.jpg,outdoor,Americas,Americas,6,12
Americas\shard0_09849.jpg,outdoor,Americas,Americas,13,10
Americas\shard0_28083.jpg,outdoor,Americas,Americas,5,10
Americas\shard0_15625.jpg,outdoor,Americas,Americas,12,5
Americas\shard0_10757.jpg,outdoor,Americas,Americas,12,10
Americas\shard0_10173.jpg,outdoor,Americas,Americas,13,9
Americas\shard0_24968.jpg,outdoor,Americas,Americas,13,9
Americas\shard0_09411.jpg,outdoor,Americas,Americas,13,10
Americas\shard0_16118.jpg,outdoor,Americas,Americas,12,10
Americas\shard0_14576.jpg,outdoor,Americas,Americas,12,5
Americas\shard0_02800.jpg,outdoor,Americas,Americas,6,13
Americas\shard0_03031.jpg,outdoor,Americas,Americas,13,5
Americas\shard0_25453.jpg,outdoor,Americas,Americas,12,10
Americas\shard0_13584.jpg,outdoor,Americas,Americas,12,6
Americas\shard0_13236.jpg,outdoor,Americas,Americas,13,9
Americas\shard0_29857.jpg,outdoor,Americas,Americas,13,5
Americas\shard0_06351.jpg,outdoor,Americas,Americas,12,9
Americas\shard0_05324.jpg,outdoor,Americas,Americas,13,10
Americas\shard0_22507.jpg,outdoor,Americas,Americas,13,10
Americas\shard0_08460.jpg,outdoor,Americas,Americas,12,6
Americas\shard0_26491.jpg,outdoor,Americas,Americas,14,6
Americas\shard0_16305.jpg,outdoor,Americas,Americas,12,7
Americas\shard0_01283.jpg,outdoor,Americas,Americas,12,10
Americas\shard0_22870.jpg,outdoor,Americas,Americas,13,10
Americas\shard0_06368.jpg,outdoor,Americas,Americas,13,8
Americas\shard0_22600.jpg,outdoor,Americas,Americas,12,9
Americas\shard0_16459.jpg,outdoor,Americas,Americas,12,7
Americas\shard0_26573.jpg,outdoor,Americas,Americas,12,5
Americas\shard0_24932.jpg,outdoor,Americas,Americas,13,6
Americas\shard0_24682.jpg,outdoor,Americas,Americas,13,10
Americas\shard0_18016.jpg,outdoor,Americas,Americas,12,7
Americas\shard0_21686.jpg,outdoor,Americas,Americas,12,10
Americas\shard0_18235.jpg,outdoor,Americas,Americas,9,10
Americas\shard0_29993.jpg,outdoor,Americas,Americas,11,9
Americas\shard0_16848.jpg,outdoor,Americas,Americas,10,11
Americas\shard0_02931.jpg,outdoor,Americas,Americas,13,8
Americas\shard0_21600.jpg,outdoor,Americas,Americas,12,8
Americas\shard0_12237.jpg,outdoor,Americas,Americas,7,10
Americas\shard0_26055.jpg,outdoor,Americas,Americas,13,10
Americas\shard0_15361.jpg,outdoor,Americas,Americas,14,5
Americas\shard0_10762.jpg,outdoor,Americas,Americas,10,11
Americas\shard0_13368.jpg,outdoor,Americas,Americas,13,10
Americas\shard0_01318.jpg,outdoor,Americas,Americas,13,10
Americas\shard0_18012.jpg,outdoor,Americas,Americas,12,8
Americas\shard0_24898.jpg,outdoor,Americas,Americas,11,9
Americas\shard0_09525.jpg,outdoor,Americas,Americas,11,2
Americas\shard0_18216.jpg,outdoor,Americas,Americas,12,5
Americas\shard0_27852.jpg,outdoor,Americas,Americas,7,10
Americas\shard0_25802.jpg,outdoor,Americas,Americas,13,10
Americas\shard0_15635.jpg,outdoor,Americas,Americas,13,10
Americas\shard0_12327.jpg,outdoor,Americas,Americas,6,13
Americas\shard0_21022.jpg,outdoor,Americas,Americas,12,5
Americas\shard0_13238.jpg,outdoor,Americas,Americas,12,6
Americas\shard0_07427.jpg,outdoor,Americas,Americas,12,5
Americas\shard0_01415.jpg,outdoor,Americas,Americas,12,6
Americas\shard0_14412.jpg,outdoor,Americas,Americas,6,13
Americas\shard0_07260.jpg,outdoor,Americas,Americas,12,6
Americas\shard0_18051.jpg,outdoor,Americas,Americas,5,10
Americas\shard0_29824.jpg,outdoor,Americas,Americas,12,6
Americas\shard0_13849.jpg,outdoor,Americas,Americas,12,9
Americas\shard0_03771.jpg,outdoor,Americas,Americas,12,10
Americas\shard0_21636.jpg,outdoor,Americas,Americas,13,5
Americas\shard0_14748.jpg,outdoor,Americas,Americas,10,2
Americas\shard0_13231.jpg,outdoor,Americas,Americas,13,5
Americas\shard0_09732.jpg,outdoor,Americas,Americas,12,10
Americas\shard0_23253.jpg,outdoor,Americas,Americas,11,7
Americas\shard0_09282.jpg,outdoor,Americas,Americas,12,6
Americas\shard0_14997.jpg,outdoor,Americas,Americas,12,9
Americas\shard0_13554.jpg,outdoor,Americas,Americas,12,5
Americas\shard0_00331.jpg,outdoor,Americas,Americas,13,10
Americas\shard0_15840.jpg,outdoor,Americas,Americas,13,10
Americas\shard0_08249.jpg,outdoor,Americas,Americas,12,5
Americas\shard0_12403.jpg,outdoor,Americas,Americas,13,11
Americas\shard0_23408.jpg,outdoor,Americas,Americas,11,9
Americas\shard0_11641.jpg,outdoor,Americas,Americas,6,13
Americas\shard0_25483.jpg,outdoor,Americas,Americas,12,6
Americas\shard0_24095.jpg,outdoor,Americas,Americas,12,9
Americas\shard0_02030.jpg,outdoor,Americas,Americas,13,10
Americas\shard0_16669.jpg,outdoor,Americas,Americas,12,9
Americas\shard0_11081.jpg,outdoor,Americas,Americas,13,9
Americas\shard0_25114.jpg,outdoor,Americas,Americas,11,9
Americas\shard0_12814.jpg,outdoor,Americas,Americas,12,5
Americas\shard0_15578.jpg,outdoor,Americas,Americas,12,5
Americas\shard0_05595.jpg,outdoor,Americas,Americas,13,9
Americas\shard0_14896.jpg,outdoor,Americas,Americas,4,10
Americas\shard0_28861.jpg,outdoor,Americas,Americas,12,5
Americas\shard0_14770.jpg,outdoor,Americas,Americas,13,5
Americas\shard0_24647.jpg,outdoor,Americas,Americas,11,8
Americas\shard0_02618.jpg,outdoor,Americas,Americas,12,5
Americas\shard0_25472.jpg,outdoor,Americas,Americas,12,5
Americas\shard0_14756.jpg,outdoor,Americas,Americas,12,6
Americas\shard0_24496.jpg,outdoor,Americas,Americas,12,6
Americas\shard0_25459.jpg,outdoor,Americas,Americas,13,5
Americas\shard0_12628.jpg,outdoor,Americas,Americas,11,7
Americas\shard0_17119.jpg,outdoor,Americas,Americas,12,6
Americas\shard0_06284.jpg,outdoor,Americas,Americas,13,6
Americas\shard0_09645.jpg,outdoor,Americas,Americas,12,5
Americas\shard0_08773.jpg,outdoor,Americas,Americas,14,4
Americas\shard0_22022.jpg,outdoor,Americas,Americas,9,10
Americas\shard0_03764.jpg,outdoor,Americas,Americas,12,8
Americas\shard0_10301.jpg,outdoor,Americas,Americas,12,6
Americas\shard0_08802.jpg,outdoor,Americas,Americas,13,9
Americas\shard0_13227.jpg,outdoor,Americas,Americas,13,10
Americas\shard0_20507.jpg,outdoor,Americas,Americas,13,10
Americas\shard0_01449.jpg,outdoor,Americas,Americas,12,5
Americas\shard0_05048.jpg,outdoor,Americas,Americas,13,7
Americas\shard0_29244.jpg,outdoor,Americas,Americas,13,10
Americas\shard0_24438.jpg,outdoor,Americas,Americas,13,10
Americas\shard0_13566.jpg,outdoor,Americas,Americas,12,9
Americas\shard0_18680.jpg,outdoor,Americas,Americas,13,8
Americas\shard0_15065.jpg,outdoor,Americas,Americas,13,5
Americas\shard0_29508.jpg,outdoor,Americas,Americas,12,6
Americas\shard0_08313.jpg,outdoor,Americas,Americas,12,5
Americas\shard0_02400.jpg,outdoor,Americas,Americas,12,5
Americas\shard0_16798.jpg,outdoor,Americas,Americas,9,10
Americas\shard0_26531.jpg,outdoor,Americas,Americas,12,5
Americas\shard0_07515.jpg,outdoor,Americas,Americas,13,10
Americas\shard0_03733.jpg,outdoor,Americas,Americas,11,8
Americas\shard0_20054.jpg,outdoor,Americas,Americas,13,10
Americas\shard0_18271.jpg,outdoor,Americas,Americas,12,6
Americas\shard0_10412.jpg,outdoor,Americas,Americas,13,5
Americas\shard0_10394.jpg,outdoor,Americas,Americas,13,10
Americas\shard0_20884.jpg,outdoor,Americas,Americas,13,10
Americas\shard0_26590.jpg,outdoor,Americas,Americas,12,10
Americas\shard0_24014.jpg,outdoor,Americas,Americas,12,10
Americas\shard0_04856.jpg,outdoor,Americas,Americas,6,13
Americas\shard0_06921.jpg,outdoor,Americas,Americas,12,5
Americas\shard0_15518.jpg,outdoor,Americas,Americas,13,9
Americas\shard0_22770.jpg,outdoor,Americas,Americas,12,5
Americas\shard0_27419.jpg,outdoor,Americas,Americas,13,5
Americas\shard0_14590.jpg,outdoor,Americas,Americas,12,7
Americas\shard0_20025.jpg,outdoor,Americas,Americas,12,6
Americas\shard0_25376.jpg,outdoor,Americas,Americas,12,10
Americas\shard0_17991.jpg,outdoor,Americas,Americas,13,9
Americas\shard0_19806.jpg,outdoor,Americas,Americas,9,10
Americas\shard0_24853.jpg,outdoor,Americas,Americas,13,5
Americas\shard0_10988.jpg,outdoor,Americas,Americas,12,9
Americas\shard0_26327.jpg,outdoor,Americas,Americas,6,13
Americas\shard0_21305.jpg,outdoor,Americas,Americas,13,9
Americas\shard0_26402.jpg,outdoor,Americas,Americas,8,14
Americas\shard0_26429.jpg,outdoor,Americas,Americas,11,2
Americas\shard0_29463.jpg,outdoor,Americas,Americas,12,10
Americas\shard0_13551.jpg,outdoor,Americas,Americas,13,10
Americas\shard0_22195.jpg,outdoor,Americas,Americas,12,5
Americas\shard0_28451.jpg,outdoor,Americas,Americas,13,10
Americas\shard0_17751.jpg,outdoor,Americas,Americas,13,10
Americas\shard0_16772.jpg,outdoor,Americas,Americas,11,9
Americas\shard0_21947.jpg,outdoor,Americas,Americas,12,6
Americas\shard0_19706.jpg,outdoor,Americas,Americas,13,9
Americas\shard0_28720.jpg,outdoor,Americas,Americas,12,10
Americas\shard0_08971.jpg,outdoor,Americas,Americas,12,9
Americas\shard0_07824.jpg,outdoor,Americas,Americas,12,9
Americas\shard0_14015.jpg,outdoor,Americas,Americas,12,10
Americas\shard0_27079.jpg,outdoor,Americas,Americas,12,6
Americas\shard0_11143.jpg,outdoor,Americas,Americas,13,5
Americas\shard0_21248.jpg,outdoor,Americas,Americas,13,5
Americas\shard0_17881.jpg,outdoor,Americas,Americas,12,6
Americas\shard0_07125.jpg,outdoor,Americas,Americas,12,9
Americas\shard0_07639.jpg,outdoor,Americas,Americas,10,11
Americas\shard0_23190.jpg,outdoor,Americas,Americas,14,6
Americas\shard0_11505.jpg,outdoor,Americas,Americas,10,11
Americas\shard0_20108.jpg,outdoor,Americas,Americas,12,6
Americas\shard0_02013.jpg,outdoor,Americas,Americas,13,9
Americas\shard0_25037.jpg,outdoor,Americas,Americas,12,6
Americas\shard0_04384.jpg,outdoor,Americas,Americas,12,7
Americas\shard0_17615.jpg,outdoor,Americas,Americas,13,9
Americas\shard0_10999.jpg,outdoor,Americas,Americas,13,11
Americas\shard0_19530.jpg,outdoor,Americas,Americas,13,5
Americas\shard0_10114.jpg,outdoor,Americas,Americas,12,7
Americas\shard0_11229.jpg,outdoor,Americas,Americas,12,5
Americas\shard0_06294.jpg,outdoor,Americas,Americas,13,9
Americas\shard0_00107.jpg,outdoor,Americas,Americas,5,10
Americas\shard0_10550.jpg,outdoor,Americas,Americas,13,9
Americas\shard0_04846.jpg,outdoor,Americas,Americas,13,8
Americas\shard0_17088.jpg,outdoor,Americas,Americas,12,8
Americas\shard0_06964.jpg,outdoor,Americas,Americas,13,10
Americas\shard0_26500.jpg,outdoor,Americas,Americas,11,9
Americas\shard0_27333.jpg,outdoor,Americas,Americas,13,5
Americas\shard0_13360.jpg,outdoor,Americas,Americas,12,9
Americas\shard0_01753.jpg,outdoor,Americas,Americas,12,6
Americas\shard0_16397.jpg,outdoor,Americas,Americas,12,8
Americas\shard0_11705.jpg,outdoor,Americas,Americas,13,10
Americas\shard0_20023.jpg,outdoor,Americas,Americas,13,9
Americas\shard0_20075.jpg,outdoor,Americas,Americas,13,10
Americas\shard0_16662.jpg,outdoor,Americas,Americas,12,5
Americas\shard0_17383.jpg,outdoor,Americas,Americas,9,10
Americas\shard0_18226.jpg,outdoor,Americas,Americas,12,5
Americas\shard0_21898.jpg,outdoor,Americas,Americas,12,6
Americas\shard0_26548.jpg,outdoor,Americas,Americas,11,9
Americas\shard0_11052.jpg,outdoor,Americas,Americas,12,10
Americas\shard0_28801.jpg,outdoor,Americas,Americas,13,9
Americas\shard0_04807.jpg,outdoor,Americas,Americas,12,5
Americas\shard0_13686.jpg,outdoor,Americas,Americas,13,5
Americas\shard0_27999.jpg,outdoor,Americas,Americas,13,10
Americas\shard0_17809.jpg,outdoor,Americas,Americas,12,9
Americas\shard0_21867.jpg,outdoor,Americas,Americas,12,5
Americas\shard0_20542.jpg,outdoor,Americas,Americas,12,5
Americas\shard0_00794.jpg,outdoor,Americas,Americas,13,9
Americas\shard0_02602.jpg,outdoor,Americas,Americas,13,10
Americas\shard0_02764.jpg,outdoor,Americas,Americas,12,10
Americas\shard0_21280.jpg,outdoor,Americas,Americas,13,10
Americas\shard0_19596.jpg,outdoor,Americas,Americas,12,5
Americas\shard0_12287.jpg,outdoor,Americas,Americas,13,7
Americas\shard0_25152.jpg,outdoor,Americas,Americas,13,8
Americas\shard0_13645.jpg,outdoor,Americas,Americas,12,6
Americas\shard0_01341.jpg,outdoor,Americas,Americas,6,12
Americas\shard0_09657.jpg,outdoor,Americas,Americas,13,9
Americas\shard0_19408.jpg,outdoor,Americas,Americas,13,5
Americas\shard0_25769.jpg,outdoor,Americas,Americas,13,10
Americas\shard0_11773.jpg,outdoor,Americas,Americas,13,10
Americas\shard0_04225.jpg,outdoor,Americas,Americas,12,8
Americas\shard0_01980.jpg,outdoor,Americas,Americas,12,6
Americas\shard0_10609.jpg,outdoor,Americas,Americas,12,6
Americas\shard0_11463.jpg,outdoor,Americas,Americas,6,13
Americas\shard0_03088.jpg,outdoor,Americas,Americas,12,5
Americas\shard0_20910.jpg,outdoor,Americas,Americas,12,6
Americas\shard0_08994.jpg,outdoor,Americas,Americas,13,10
Americas\shard0_12407.jpg,outdoor,Americas,Americas,12,8
Americas\shard0_11286.jpg,outdoor,Americas,Americas,13,9
Americas\shard0_19801.jpg,outdoor,Americas,Americas,13,10
Americas\shard0_00138.jpg,outdoor,Americas,Americas,10,11
Americas\shard0_02860.jpg,outdoor,Americas,Americas,12,5
Americas\shard0_23325.jpg,outdoor,Americas,Americas,12,8
Americas\shard0_18764.jpg,outdoor,Americas,Americas,13,11
Americas\shard0_06438.jpg,outdoor,Americas,Americas,12,7
Americas\shard0_19061.jpg,outdoor,Americas,Americas,12,10
Americas\shard0_12353.jpg,outdoor,Americas,Americas,13,10
Americas\shard0_13471.jpg,outdoor,Americas,Americas,10,8
Americas\shard0_29187.jpg,outdoor,Americas,Americas,12,10
Americas\shard0_07573.jpg,outdoor,Americas,Americas,10,8
Americas\shard0_13521.jpg,outdoor,Americas,Americas,13,10
Americas\shard0_22265.jpg,outdoor,Americas,Americas,12,5
Americas\shard0_14449.jpg,outdoor,Americas,Americas,12,6
Americas\shard0_16673.jpg,outdoor,Americas,Americas,13,10
Americas\shard0_29531.jpg,outdoor,Americas,Americas,13,10
Americas\shard0_00478.jpg,outdoor,Americas,Americas,12,8
Americas\shard0_09971.jpg,outdoor,Americas,Americas,12,10
Americas\shard0_12799.jpg,outdoor,Americas,Americas,5,10
Americas\shard0_06220.jpg,outdoor,Americas,Americas,13,6
Americas\shard0_03162.jpg,outdoor,Americas,Americas,7,13
Americas\shard0_10779.jpg,outdoor,Americas,Americas,12,5
Americas\shard0_00691.jpg,outdoor,Americas,Americas,13,10
Americas\shard0_02214.jpg,outdoor,Americas,Americas,13,5
Americas\shard0_17602.jpg,outdoor,Americas,Americas,12,10
Americas\shard0_28614.jpg,outdoor,Americas,Americas,12,10
Americas\shard0_27941.jpg,outdoor,Americas,Americas,11,9
Americas\shard0_13823.jpg,outdoor,Americas,Americas,13,10
Americas\shard0_15330.jpg,outdoor,Americas,Americas,12,5
Americas\shard0_02906.jpg,outdoor,Americas,Americas,13,9
Americas\shard0_16356.jpg,outdoor,Americas,Americas,12,10
Americas\shard0_12827.jpg,outdoor,Americas,Americas,13,9
Americas\shard0_14203.jpg,outdoor,Americas,Americas,12,10
Americas\shard0_07967.jpg,outdoor,Americas,Americas,12,6
Americas\shard0_14311.jpg,outdoor,Americas,Americas,12,6
Americas\shard0_09174.jpg,outdoor,Americas,Americas,13,5
Americas\shard0_18243.jpg,outdoor,Americas,Americas,12,5
Americas\shard0_29681.jpg,outdoor,Americas,Americas,14,6
Americas\shard0_25064.jpg,outdoor,Americas,Americas,12,5
Americas\shard0_09185.jpg,outdoor,Americas,Americas,11,8
Americas\shard0_28639.jpg,outdoor,Americas,Americas,13,10
Americas\shard0_24865.jpg,outdoor,Americas,Americas,13,5
Americas\shard0_06938.jpg,outdoor,Americas,Americas,13,5
Americas\shard0_29716.jpg,outdoor,Americas,Americas,13,11
Americas\shard0_17915.jpg,outdoor,Americas,Americas,7,14
Americas\shard0_01447.jpg,outdoor,Americas,Americas,6,13
Americas\shard0_14004.jpg,outdoor,Americas,Americas,12,6
Americas\shard0_27137.jpg,outdoor,Americas,Americas,13,10
Americas\shard0_28428.jpg,outdoor,Americas,Americas,13,9
Americas\shard0_11142.jpg,outdoor,Americas,Americas,12,10
Americas\shard0_26376.jpg,outdoor,Americas,Americas,13,10
Americas\shard0_25622.jpg,outdoor,Americas,Americas,12,5
Americas\shard0_10377.jpg,outdoor,Americas,Americas,11,8
Americas\shard0_04573.jpg,outdoor,Americas,Americas,7,11
Americas\shard0_10138.jpg,outdoor,Americas,Americas,5,12
Americas\shard0_18956.jpg,outdoor,Americas,Americas,13,5
Americas\shard0_20041.jpg,outdoor,Americas,Americas,13,10
Americas\shard0_07751.jpg,outdoor,Americas,Americas,13,5
Americas\shard0_25026.jpg,outdoor,Americas,Americas,10,8
Americas\shard0_07817.jpg,outdoor,Americas,Americas,5,12
Americas\shard0_05232.jpg,outdoor,Americas,Americas,12,10
Americas\shard0_08252.jpg,outdoor,Americas,Americas,7,11
Americas\shard0_11763.jpg,outdoor,Americas,Americas,12,5
Americas\shard0_08838.jpg,outdoor,Americas,Americas,13,8
Americas\shard0_08798.jpg,outdoor,Americas,Americas,12,6
Americas\shard0_24173.jpg,outdoor,Americas,Americas,13,5
Americas\shard0_06614.jpg,outdoor,Americas,Americas,13,10
Americas\shard0_01323.jpg,outdoor,Americas,Americas,13,5
Americas\shard0_02790.jpg,outdoor,Americas,Americas,13,5
Americas\shard0_12957.jpg,outdoor,Americas,Americas,11,9
Americas\shard0_13720.jpg,outdoor,Americas,Americas,10,8
Americas\shard0_04895.jpg,outdoor,Americas,Americas,12,6
Americas\shard0_15679.jpg,outdoor,Americas,Americas,13,6
Americas\shard0_12328.jpg,outdoor,Americas,Americas,13,9
Americas\shard0_16631.jpg,outdoor,Americas,Americas,13,10
Americas\shard0_13827.jpg,outdoor,Americas,Americas,9,10
Americas\shard0_23147.jpg,outdoor,Americas,Americas,5,10
Americas\shard0_15758.jpg,outdoor,Americas,Americas,12,9
Americas\shard0_24929.jpg,outdoor,Americas,Americas,13,9
Americas\shard0_05548.jpg,outdoor,Americas,Americas,10,2
Americas\shard0_19861.jpg,outdoor,Americas,Americas,12,6
Americas\shard0_24813.jpg,outdoor,Americas,Americas,13,10
Americas\shard0_15197.jpg,outdoor,Americas,Americas,12,8
Americas\shard0_06777.jpg,outdoor,Americas,Americas,12,5
Americas\shard0_06093.jpg,outdoor,Americas,Americas,13,10
Americas\shard0_21552.jpg,outdoor,Americas,Americas,7,11
Americas\shard0_04459.jpg,outdoor,Americas,Americas,13,6
Americas\shard0_23203.jpg,outdoor,Americas,Americas,12,9
Americas\shard0_12838.jpg,outdoor,Americas,Americas,14,6
Americas\shard0_16113.jpg,outdoor,Americas,Americas,10,8
Americas\shard0_21032.jpg,outdoor,Americas,Americas,13,9
Americas\shard0_13450.jpg,outdoor,Americas,Americas,13,9
Americas\shard0_03972.jpg,outdoor,Americas,Americas,5,11
Americas\shard0_12597.jpg,outdoor,Americas,Americas,12,5
Americas\shard0_20106.jpg,outdoor,Americas,Americas,12,5
Americas\shard0_07426.jpg,outdoor,Americas,Americas,5,10
Americas\shard0_07731.jpg,outdoor,Americas,Americas,6,13
Americas\shard0_13272.jpg,outdoor,Americas,Americas,13,5
Americas\shard0_16690.jpg,outdoor,Americas,Americas,12,5
Americas\shard0_07683.jpg,outdoor,Americas,Americas,13,5
Americas\shard0_07275.jpg,outdoor,Americas,Americas,6,13
Americas\shard0_22935.jpg,outdoor,Americas,Americas,12,9
Americas\shard0_01738.jpg,outdoor,Americas,Americas,13,10
Americas\shard0_07947.jpg,outdoor,Americas,Americas,13,10
Americas\shard0_29552.jpg,outdoor,Americas,Americas,12,10
Americas\shard0_17241.jpg,outdoor,Americas,Americas,13,10
Americas\shard0_18533.jpg,outdoor,Americas,Americas,12,8
Americas\shard0_00955.jpg,outdoor,Americas,Americas,12,6
Americas\shard0_18659.jpg,outdoor,Americas,Americas,12,6
Americas\shard0_09738.jpg,outdoor,Americas,Americas,11,7
Americas\shard0_23294.jpg,outdoor,Americas,Americas,13,10
Americas\shard0_23474.jpg,outdoor,Americas,Americas,12,5
Americas\shard0_23751.jpg,outdoor,Americas,Americas,12,6
Americas\shard0_25898.jpg,outdoor,Americas,Americas,12,5
Americas\shard0_26594.jpg,outdoor,Americas,Americas,13,10
Americas\shard0_08556.jpg,outdoor,Americas,Americas,13,8
Americas\shard0_22576.jpg,outdoor,Americas,Americas,11,7
Americas\shard0_26450.jpg,outdoor,Americas,Americas,12,5
Americas\shard0_21622.jpg,outdoor,Americas,Americas,11,7
Americas\shard0_27316.jpg,outdoor,Americas,Americas,12,6
Americas\shard0_08745.jpg,outdoor,Americas,Americas,12,5
Americas\shard0_11776.jpg,outdoor,Americas,Americas,7,10
Americas\shard0_17816.jpg,outdoor,Americas,Americas,12,5
Americas\shard0_09752.jpg,outdoor,Americas,Americas,5,11
Americas\shard0_04818.jpg,outdoor,Americas,Americas,13,11
Americas\shard0_24602.jpg,outdoor,Americas,Americas,13,5
Americas\shard0_03507.jpg,outdoor,Americas,Americas,12,6
Americas\shard0_24629.jpg,outdoor,Americas,Americas,12,10
Americas\shard0_29976.jpg,outdoor,Americas,Americas,12,6
Americas\shard0_20167.jpg,outdoor,Americas,Americas,6,12
Americas\shard0_21468.jpg,outdoor,Americas,Americas,12,8
Americas\shard0_07539.jpg,outdoor,Americas,Americas,13,9
Americas\shard0_23987.jpg,outdoor,Americas,Americas,12,9
Americas\shard0_00572.jpg,outdoor,Americas,Americas,14,5
Americas\shard0_07324.jpg,outdoor,Americas,Americas,12,6
Americas\shard0_22776.jpg,outdoor,Americas,Americas,13,9
Americas\shard0_17046.jpg,outdoor,Americas,Americas,13,10
Americas\shard0_26416.jpg,outdoor,Americas,Americas,8,13
Americas\shard0_05140.jpg,outdoor,Americas,Americas,13,10
Americas\shard0_18604.jpg,outdoor,Americas,Americas,12,10
Americas\shard0_03828.jpg,outdoor,Americas,Americas,12,6
Americas\shard0_13138.jpg,outdoor,Americas,Americas,13,10
Americas\shard0_14899.jpg,outdoor,Americas,Americas,12,9
Americas\shard0_10693.jpg,outdoor,Americas,Americas,13,8
Americas\shard0_26249.jpg,outdoor,Americas,Americas,11,9
Americas\shard0_16212.jpg,outdoor,Americas,Americas,13,10
Americas\shard0_03505.jpg,outdoor,Americas,Americas,13,10
Americas\shard0_04829.jpg,outdoor,Americas,Americas,13,9
Americas\shard0_19490.jpg,outdoor,Americas,Americas,13,10
Americas\shard0_10210.jpg,outdoor,Americas,Americas,12,9
Americas\shard0_21735.jpg,outdoor,Americas,Americas,12,6
Americas\shard0_19436.jpg,outdoor,Americas,Americas,11,8
Americas\shard0_13468.jpg,outdoor,Americas,Americas,13,10
Americas\shard0_05568.jpg,outdoor,Americas,Americas,12,6
Americas\shard0_04298.jpg,outdoor,Americas,Americas,12,9
Americas\shard0_06524.jpg,outdoor,Americas,Americas,13,10
Americas\shard0_07695.jpg,outdoor,Americas,Americas,13,10
Americas\shard0_21281.jpg,outdoor,Americas,Americas,13,5
Americas\shard0_13910.jpg,outdoor,Americas,Americas,13,5
Americas\shard0_01433.jpg,outdoor,Americas,Americas,12,9
Americas\shard0_22470.jpg,outdoor,Americas,Americas,13,5
Americas\shard0_13818.jpg,outdoor,Americas,Americas,12,6
Americas\shard0_28764.jpg,outdoor,Americas,Americas,10,11
Americas\shard0_06644.jpg,outdoor,Americas,Americas,8,13
Americas\shard0_22097.jpg,outdoor,Americas,Americas,10,10
Americas\shard0_19880.jpg,outdoor,Americas,Americas,13,5
Americas\shard0_05391.jpg,outdoor,Americas,Americas,13,5
Americas\shard0_23605.jpg,outdoor,Americas,Americas,10,2
Americas\shard0_13930.jpg,outdoor,Americas,Americas,12,5
Americas\shard0_28957.jpg,outdoor,Americas,Americas,13,5
Americas\shard0_28228.jpg,outdoor,Americas,Americas,12,7
Americas\shard0_22769.jpg,outdoor,Americas,Americas,11,9
Americas\shard0_27902.jpg,outdoor,Americas,Americas,12,10
Americas\shard0_00198.jpg,outdoor,Americas,Americas,13,6
Americas\shard0_19350.jpg,outdoor,Americas,Americas,7,11
Americas\shard0_26665.jpg,outdoor,Americas,Americas,13,10
Americas\shard0_13538.jpg,outdoor,Americas,Americas,10,8
Americas\shard0_00655.jpg,outdoor,Americas,Americas,13,6
Americas\shard0_18325.jpg,outdoor,Americas,Americas,4,10
Americas\shard0_07094.jpg,outdoor,Americas,Americas,12,8
Americas\shard0_07096.jpg,outdoor,Americas,Americas,12,6
Americas\shard0_06607.jpg,outdoor,Americas,Americas,13,8
Americas\shard0_18598.jpg,outdoor,Americas,Americas,12,5
Americas\shard0_06559.jpg,outdoor,Americas,Americas,12,7
Americas\shard0_17184.jpg,outdoor,Americas,Americas,13,5
Americas\shard0_13563.jpg,outdoor,Americas,Americas,13,5
Americas\shard0_15684.jpg,outdoor,Americas,Americas,13,5
Americas\shard0_14145.jpg,outdoor,Americas,Americas,13,10
Americas\shard0_09065.jpg,outdoor,Americas,Americas,6,12
Americas\shard0_29315.jpg,outdoor,Americas,Americas,12,5
Americas\shard0_18651.jpg,outdoor,Americas,Americas,13,11
Americas\shard0_29488.jpg,outdoor,Americas,Americas,8,14
Americas\shard0_14538.jpg,outdoor,Americas,Americas,12,7
Americas\shard0_12515.jpg,outdoor,Americas,Americas,12,6
Americas\shard0_01761.jpg,outdoor,Americas,Americas,12,8
Americas\shard0_16199.jpg,outdoor,Americas,Americas,13,10
Americas\shard0_13010.jpg,outdoor,Americas,Americas,13,10
Americas\shard0_19755.jpg,outdoor,Americas,Americas,12,5
Americas\shard0_07095.jpg,outdoor,Americas,Americas,13,10
Americas\shard0_12297.jpg,outdoor,Americas,Americas,12,6
Americas\shard0_25559.jpg,outdoor,Americas,Americas,13,10
Americas\shard0_07109.jpg,outdoor,Americas,Americas,12,10
Americas\shard0_18128.jpg,outdoor,Americas,Americas,10,11
Americas\shard0_04227.jpg,outdoor,Americas,Americas,12,10
Americas\shard0_05433.jpg,outdoor,Americas,Americas,12,8
Americas\shard0_12987.jpg,outdoor,Americas,Americas,12,9
Americas\shard0_10219.jpg,outdoor,Americas,Americas,13,10
Americas\shard0_17753.jpg,outdoor,Americas,Americas,5,11
Americas\shard0_17427.jpg,outdoor,Americas,Americas,12,9
Americas\shard0_19048.jpg,outdoor,Americas,Americas,12,7
Americas\shard0_25427.jpg,outdoor,Americas,Americas,12,6
Americas\shard0_09776.jpg,outdoor,Americas,Americas,13,9
Americas\shard0_14107.jpg,outdoor,Americas,Americas,12,6
Americas\shard0_06676.jpg,outdoor,Americas,Americas,13,6
Americas\shard0_01814.jpg,outdoor,Americas,Americas,13,10
Americas\shard0_10360.jpg,outdoor,Americas,Americas,13,6
Americas\shard0_23387.jpg,outdoor,Americas,Americas,13,10
Americas\shard0_10617.jpg,outdoor,Americas,Americas,12,10
Americas\shard0_27618.jpg,outdoor,Americas,Americas,11,8
Americas\shard0_18055.jpg,outdoor,Americas,Americas,8,11
Americas\shard0_16785.jpg,outdoor,Americas,Americas,11,8
Americas\shard0_06948.jpg,outdoor,Americas,Americas,12,5
Americas\shard0_26424.jpg,outdoor,Americas,Americas,12,9
Americas\shard0_04988.jpg,outdoor,Americas,Americas,13,9
Americas\shard0_29949.jpg,outdoor,Americas,Americas,13,9
Americas\shard0_09140.jpg,outdoor,Americas,Americas,13,10
Americas\shard0_05813.jpg,outdoor,Americas,Americas,12,6
Americas\shard0_08837.jpg,outdoor,Americas,Americas,6,13
Americas\shard0_00760.jpg,outdoor,Americas,Americas,12,5
Americas\shard0_15417.jpg,outdoor,Americas,Americas,11,9
Americas\shard0_16854.jpg,outdoor,Americas,Americas,12,6
Americas\shard0_06110.jpg,outdoor,Americas,Americas,10,8
Americas\shard0_29860.jpg,outdoor,Americas,Americas,12,5
Americas\shard0_01678.jpg,outdoor,Americas,Americas,12,5
Americas\shard0_04105.jpg,outdoor,Americas,Americas,12,6
Americas\shard0_03444.jpg,outdoor,Americas,Americas,12,8
Americas\shard0_27951.jpg,outdoor,Americas,Americas,13,10
Americas\shard0_12159.jpg,outdoor,Americas,Americas,5,12
Americas\shard0_14042.jpg,outdoor,Americas,Americas,12,8
Americas\shard0_27368.jpg,outdoor,Americas,Americas,12,6
Americas\shard0_01037.jpg,outdoor,Americas,Americas,12,5
Americas\shard0_29378.jpg,outdoor,Americas,Americas,12,8
Americas\shard0_13968.jpg,outdoor,Americas,Americas,11,8
Americas\shard0_09806.jpg,outdoor,Americas,Americas,12,8
Americas\shard0_02788.jpg,outdoor,Americas,Americas,13,10
Americas\shard0_07801.jpg,outdoor,Americas,Americas,12,7
Americas\shard0_20312.jpg,outdoor,Americas,Americas,13,5
Americas\shard0_13995.jpg,outdoor,Americas,Americas,12,5
Americas\shard0_21101.jpg,outdoor,Americas,Americas,13,5
Americas\shard0_16730.jpg,outdoor,Americas,Americas,13,9
Americas\shard0_14752.jpg,outdoor,Americas,Americas,12,5
Americas\shard0_00101.jpg,outdoor,Americas,Americas,3,11
Americas\shard0_04743.jpg,outdoor,Americas,Americas,13,10
Americas\shard0_26157.jpg,outdoor,Americas,Americas,10,9
Americas\shard0_11875.jpg,outdoor,Americas,Americas,13,10
Americas\shard0_15287.jpg,outdoor,Americas,Americas,12,10
Americas\shard0_00455.jpg,outdoor,Americas,Americas,12,9
Americas\shard0_12560.jpg,outdoor,Americas,Americas,12,7
Americas\shard0_10104.jpg,outdoor,Americas,Americas,13,10
Americas\shard0_15660.jpg,outdoor,Americas,Americas,12,10
Americas\shard0_00213.jpg,outdoor,Americas,Americas,12,6
Americas\shard0_05804.jpg,outdoor,Americas,Americas,12,8
Americas\shard0_02983.jpg,outdoor,Americas,Americas,12,10
Americas\shard0_21489.jpg,outdoor,Americas,Americas,12,7
Americas\shard0_05381.jpg,outdoor,Americas,Americas,12,6
Americas\shard0_08761.jpg,outdoor,Americas,Americas,12,7
Americas\shard0_01102.jpg,outdoor,Americas,Americas,13,10
Americas\shard0_22658.jpg,outdoor,Americas,Americas,13,9
Americas\shard0_16312.jpg,outdoor,Americas,Americas,11,9
Americas\shard0_08040.jpg,outdoor,Americas,Americas,12,5
Americas\shard0_26230.jpg,outdoor,Americas,Americas,11,9
Americas\shard0_02929.jpg,outdoor,Americas,Americas,12,6
Americas\shard0_20498.jpg,outdoor,Americas,Americas,13,10
Americas\shard0_29129.jpg,outdoor,Americas,Americas,13,5
Americas\shard0_27959.jpg,outdoor,Americas,Americas,13,10
Americas\shard0_04945.jpg,outdoor,Americas,Americas,6,13
Americas\shard0_12249.jpg,outdoor,Americas,Americas,6,12
Americas\shard0_19847.jpg,outdoor,Americas,Americas,12,8
Americas\shard0_26125.jpg,outdoor,Americas,Americas,11,9
Americas\shard0_16863.jpg,outdoor,Americas,Americas,12,5
Americas\shard0_04513.jpg,outdoor,Americas,Americas,11,9
Americas\shard0_14862.jpg,outdoor,Americas,Americas,12,10
Americas\shard0_24024.jpg,outdoor,Americas,Americas,12,5
Americas\shard0_05941.jpg,outdoor,Americas,Americas,12,6
Americas\shard0_14293.jpg,outdoor,Americas,Americas,12,10
Americas\shard0_16540.jpg,outdoor,Americas,Americas,12,5
Americas\shard0_12320.jpg,outdoor,Americas,Americas,13,5
Americas\shard0_21365.jpg,outdoor,Americas,Americas,13,5
Americas\shard0_10429.jpg,outdoor,Americas,Americas,13,10
Americas\shard0_13144.jpg,outdoor,Americas,Americas,13,9
Americas\shard0_00470.jpg,outdoor,Americas,Americas,12,5
Americas\shard0_24867.jpg,outdoor,Americas,Americas,5,12
Americas\shard0_29802.jpg,outdoor,Americas,Americas,12,9
Americas\shard0_13637.jpg,outdoor,Americas,Americas,12,10
Americas\shard0_18153.jpg,outdoor,Americas,Americas,11,7
Americas\shard0_20026.jpg,outdoor,Americas,Americas,12,10
Americas\shard0_21254.jpg,outdoor,Americas,Americas,13,10
Americas\shard0_12462.jpg,outdoor,Americas,Americas,6,13
Americas\shard0_14409.jpg,outdoor,Americas,Americas,12,6
Americas\shard0_24503.jpg,outdoor,Americas,Americas,13,9
Americas\shard0_24794.jpg,outdoor,Americas,Americas,12,10
Americas\shard0_24531.jpg,outdoor,Americas,Americas,13,10
Americas\shard0_00315.jpg,outdoor,Americas,Americas,11,9
Americas\shard0_13248.jpg,outdoor,Americas,Americas,12,10
Americas\shard0_08653.jpg,outdoor,Americas,Americas,12,10
Americas\shard0_07615.jpg,outdoor,Americas,Americas,8,10
Americas\shard0_19043.jpg,outdoor,Americas,Americas,12,5
Americas\shard0_22186.jpg,outdoor,Americas,Americas,13,10
Americas\shard0_26464.jpg,outdoor,Americas,Americas,13,5
Americas\shard0_26957.jpg,outdoor,Americas,Americas,12,5
Americas\shard0_08544.jpg,outdoor,Americas,Americas,12,6
Americas\shard0_18321.jpg,outdoor,Americas,Americas,13,10
Americas\shard0_16606.jpg,outdoor,Americas,Americas,14,6
Americas\shard0_20772.jpg,outdoor,Americas,Americas,11,2
Americas\shard0_07208.jpg,outdoor,Americas,Americas,13,6
Americas\shard0_20536.jpg,outdoor,Americas,Americas,12,7
Americas\shard0_05496.jpg,outdoor,Americas,Americas,13,10
Americas\shard0_16169.jpg,outdoor,Americas,Americas,13,10
Americas\shard0_13490.jpg,outdoor,Americas,Americas,13,9
Americas\shard0_20528.jpg,outdoor,Americas,Americas,14,6
Americas\shard0_29231.jpg,outdoor,Americas,Americas,5,10
Americas\shard0_18992.jpg,outdoor,Americas,Americas,6,12
Americas\shard0_22801.jpg,outdoor,Americas,Americas,13,5
Americas\shard0_16816.jpg,outdoor,Americas,Americas,13,10
Americas\shard0_02868.jpg,outdoor,Americas,Americas,12,5
Americas\shard0_09622.jpg,outdoor,Americas,Americas,12,5
Americas\shard0_19379.jpg,outdoor,Americas,Americas,6,13
Americas\shard0_25333.jpg,outdoor,Americas,Americas,13,5
Americas\shard0_04428.jpg,outdoor,Americas,Americas,12,6
Americas\shard0_02276.jpg,outdoor,Americas,Americas,12,10
Americas\shard0_27418.jpg,outdoor,Americas,Americas,12,5
Americas\shard0_28656.jpg,outdoor,Americas,Americas,13,10
Americas\shard0_05277.jpg,outdoor,Americas,Americas,10,9
Americas\shard0_27553.jpg,outdoor,Americas,Americas,5,10
Americas\shard0_16912.jpg,outdoor,Americas,Americas,13,8
Americas\shard0_06740.jpg,outdoor,Americas,Americas,13,8
Americas\shard0_14915.jpg,outdoor,Americas,Americas,12,6
Americas\shard0_19304.jpg,outdoor,Americas,Americas,13,9
Americas\shard0_14006.jpg,outdoor,Americas,Americas,13,9
Americas\shard0_20148.jpg,outdoor,Americas,Americas,12,9
Americas\shard0_20154.jpg,outdoor,Americas,Americas,10,11
Americas\shard0_01065.jpg,outdoor,Americas,Americas,11,9
Americas\shard0_15146.jpg,outdoor,Americas,Americas,7,14
Americas\shard0_04958.jpg,outdoor,Americas,Americas,12,9
Americas\shard0_13794.jpg,outdoor,Americas,Americas,13,5
Americas\shard0_09253.jpg,outdoor,Americas,Americas,12,5
Americas\shard0_16515.jpg,outdoor,Americas,Americas,12,9
Americas\shard0_08383.jpg,outdoor,Americas,Americas,13,10
Americas\shard0_21777.jpg,outdoor,Americas,Americas,12,5
Americas\shard0_25405.jpg,outdoor,Americas,Americas,12,6
Americas\shard0_02830.jpg,outdoor,Americas,Americas,12,10
Americas\shard0_23947.jpg,outdoor,Americas,Americas,10,11
Americas\shard0_20919.jpg,outdoor,Americas,Americas,12,5
Americas\shard0_19013.jpg,outdoor,Americas,Americas,13,10
Americas\shard0_04354.jpg,outdoor,Americas,Americas,12,5
Americas\shard0_23945.jpg,outdoor,Americas,Americas,12,9
Americas\shard0_12551.jpg,outdoor,Americas,Americas,13,10
Americas\shard0_12424.jpg,outdoor,Americas,Americas,13,5
Americas\shard0_07856.jpg,outdoor,Americas,Americas,12,5
Americas\shard0_05432.jpg,outdoor,Americas,Americas,10,9
Americas\shard0_24810.jpg,outdoor,Americas,Americas,13,5
Americas\shard0_22529.jpg,outdoor,Americas,Americas,12,6
Americas\shard0_19240.jpg,outdoor,Americas,Americas,12,6
Americas\shard0_29868.jpg,outdoor,Americas,Americas,12,6
Americas\shard0_26927.jpg,outdoor,Americas,Americas,12,9
Americas\shard0_29532.jpg,outdoor,Americas,Americas,13,7
Americas\shard0_09572.jpg,outdoor,Americas,Americas,12,5
Americas\shard0_12823.jpg,outdoor,Americas,Americas,12,10
Americas\shard0_04925.jpg,outdoor,Americas,Americas,13,10
Americas\shard0_03932.jpg,outdoor,Americas,Americas,12,6
Americas\shard0_19517.jpg,outdoor,Americas,Americas,13,10
Americas\shard0_05761.jpg,outdoor,Americas,Americas,11,8
Americas\shard0_27810.jpg,outdoor,Americas,Americas,12,8
Americas\shard0_07263.jpg,outdoor,Americas,Americas,11,2
Americas\shard0_06826.jpg,outdoor,Americas,Americas,13,9
Americas\shard0_03594.jpg,outdoor,Americas,Americas,12,7
Americas\shard0_01458.jpg,outdoor,Americas,Americas,12,5
Americas\shard0_00575.jpg,outdoor,Americas,Americas,13,8
Americas\shard0_01202.jpg,outdoor,Americas,Americas,13,9
Americas\shard0_06973.jpg,outdoor,Americas,Americas,13,10
Americas\shard0_04372.jpg,outdoor,Americas,Americas,12,6
Americas\shard0_01543.jpg,outdoor,Americas,Americas,13,10
Americas\shard0_20436.jpg,outdoor,Americas,Americas,12,5
Americas\shard0_18465.jpg,outdoor,Americas,Americas,12,5
Americas\shard0_03276.jpg,outdoor,Americas,Americas,12,8
Americas\shard0_17148.jpg,outdoor,Americas,Americas,12,10
Americas\shard0_21426.jpg,outdoor,Americas,Americas,13,10
Americas\shard0_28351.jpg,outdoor,Americas,Americas,11,9
Americas\shard0_17495.jpg,outdoor,Americas,Americas,9,10
Americas\shard0_16414.jpg,outdoor,Americas,Americas,12,6
Americas\shard0_24076.jpg,outdoor,Americas,Americas,14,5
Americas\shard0_20370.jpg,outdoor,Americas,Americas,13,9
Americas\shard0_06235.jpg,outdoor,Americas,Americas,12,6
Americas\shard0_16272.jpg,outdoor,Americas,Americas,7,14
Americas\shard0_25575.jpg,outdoor,Americas,Americas,12,9
Americas\shard0_12024.jpg,outdoor,Americas,Americas,12,6
Americas\shard0_08482.jpg,outdoor,Americas,Americas,13,5
Americas\shard0_17987.jpg,outdoor,Americas,Americas,12,5
Americas\shard0_26788.jpg,outdoor,Americas,Americas,13,5
Americas\shard0_26906.jpg,outdoor,Americas,Americas,13,5
Americas\shard0_16217.jpg,outdoor,Americas,Americas,13,10
Americas\shard0_28017.jpg,outdoor,Americas,Americas,5,12
Americas\shard0_13423.jpg,outdoor,Americas,Americas,13,5
Americas\shard0_25440.jpg,outdoor,Americas,Americas,12,6
Americas\shard0_21102.jpg,outdoor,Americas,Americas,9,10
Americas\shard0_27837.jpg,outdoor,Americas,Americas,13,10
Americas\shard0_11838.jpg,outdoor,Americas,Americas,11,8
Americas\shard0_15538.jpg,outdoor,Americas,Americas,12,10
Americas\shard0_00222.jpg,outdoor,Americas,Americas,12,5
Americas\shard0_00280.jpg,outdoor,Americas,Americas,13,10
Americas\shard0_03423.jpg,outdoor,Americas,Americas,13,8
Americas\shard0_10591.jpg,outdoor,Americas,Americas,13,5
Americas\shard0_16746.jpg,outdoor,Americas,Americas,13,5
Americas\shard0_24261.jpg,outdoor,Americas,Americas,13,8
Americas\shard0_03357.jpg,outdoor,Americas,Americas,9,10
Americas\shard0_26645.jpg,outdoor,Americas,Americas,12,9
Americas\shard0_29139.jpg,outdoor,Americas,Americas,12,7
Americas\shard0_13786.jpg,outdoor,Americas,Americas,12,10
Americas\shard0_13596.jpg,outdoor,Americas,Americas,12,9
Americas\shard0_26296.jpg,outdoor,Americas,Americas,11,7
Americas\shard0_09731.jpg,outdoor,Americas,Americas,13,8
Americas\shard0_19432.jpg,outdoor,Americas,Americas,12,5
Americas\shard0_27412.jpg,outdoor,Americas,Americas,13,9
Americas\shard0_21346.jpg,outdoor,Americas,Americas,13,6
Americas\shard0_15579.jpg,outdoor,Americas,Americas,7,11
Americas\shard0_18396.jpg,outdoor,Americas,Americas,13,10
Americas\shard0_22949.jpg,outdoor,Americas,Americas,13,9
Americas\shard0_03957.jpg,outdoor,Americas,Americas,12,9
Americas\shard0_09512.jpg,outdoor,Americas,Americas,12,6
Americas\shard0_08100.jpg,outdoor,Americas,Americas,7,10
Americas\shard0_10095.jpg,outdoor,Americas,Americas,13,10
Americas\shard0_27908.jpg,outdoor,Americas,Americas,10,2
Americas\shard0_05545.jpg,outdoor,Americas,Americas,6,12
Americas\shard0_10971.jpg,outdoor,Americas,Americas,12,8
Americas\shard0_22209.jpg,outdoor,Americas,Americas,11,9
Americas\shard0_26831.jpg,outdoor,Americas,Americas,9,9
Americas\shard0_05135.jpg,outdoor,Americas,Americas,12,10
Americas\shard0_28078.jpg,outdoor,Americas,Americas,12,6
Americas\shard0_25166.jpg,outdoor,Americas,Americas,13,9
Americas\shard0_01786.jpg,outdoor,Americas,Americas,11,2
Americas\shard0_06208.jpg,outdoor,Americas,Americas,13,6
Americas\shard0_13074.jpg,outdoor,Americas,Americas,4,10
Americas\shard0_16823.jpg,outdoor,Americas,Americas,13,8
Americas\shard0_26128.jpg,outdoor,Americas,Americas,12,10
Americas\shard0_18250.jpg,outdoor,Americas,Americas,11,7
Americas\shard0_28427.jpg,outdoor,Americas,Americas,12,6
Americas\shard0_04579.jpg,outdoor,Americas,Americas,13,5
Americas\shard0_21343.jpg,outdoor,Americas,Americas,14,4
Americas\shard0_14259.jpg,outdoor,Americas,Americas,14,5
Americas\shard0_24220.jpg,outdoor,Americas,Americas,6,12
Americas\shard0_25798.jpg,outdoor,Americas,Americas,13,10
Americas\shard0_06288.jpg,outdoor,Americas,Americas,13,10
Americas\shard0_10372.jpg,outdoor,Americas,Americas,12,6
Americas\shard0_29011.jpg,outdoor,Americas,Americas,12,8
Americas\shard0_16697.jpg,outdoor,Americas,Americas,13,9
Americas\shard0_23869.jpg,outdoor,Americas,Americas,12,8
Americas\shard0_15702.jpg,outdoor,Americas,Americas,6,12
Americas\shard0_19264.jpg,outdoor,Americas,Americas,13,8
Americas\shard0_20758.jpg,outdoor,Americas,Americas,13,9
Americas\shard0_06715.jpg,outdoor,Americas,Americas,13,6
Americas\shard0_24780.jpg,outdoor,Americas,Americas,6,13
Americas\shard0_27193.jpg,outdoor,Americas,Americas,13,7
Americas\shard0_19677.jpg,outdoor,Americas,Americas,13,10
Americas\shard0_08821.jpg,outdoor,Americas,Americas,6,12
Americas\shard0_22323.jpg,outdoor,Americas,Americas,12,5
Americas\shard0_20096.jpg,outdoor,Americas,Americas,7,11
Americas\shard0_27662.jpg,outdoor,Americas,Americas,13,5
Americas\shard0_28727.jpg,outdoor,Americas,Americas,13,8
Americas\shard0_16036.jpg,outdoor,Americas,Americas,12,5
Americas\shard0_14223.jpg,outdoor,Americas,Americas,12,9
Americas\shard0_24037.jpg,outdoor,Americas,Americas,12,9
Americas\shard0_22260.jpg,outdoor,Americas,Americas,12,6
Americas\shard0_18691.jpg,outdoor,Americas,Americas,12,6
Americas\shard0_22778.jpg,outdoor,Americas,Americas,13,10
Americas\shard0_00029.jpg,outdoor,Americas,Americas,12,6
Americas\shard0_13115.jpg,outdoor,Americas,Americas,13,10
Americas\shard0_10933.jpg,outdoor,Americas,Americas,12,6
Americas\shard0_14633.jpg,outdoor,Americas,Americas,13,10
Americas\shard0_02921.jpg,outdoor,Americas,Americas,12,5
Americas\shard0_08531.jpg,outdoor,Americas,Americas,12,10
Americas\shard0_19367.jpg,outdoor,Americas,Americas,13,5
Americas\shard0_27422.jpg,outdoor,Americas,Americas,13,10
Americas\shard0_25163.jpg,outdoor,Americas,Americas,12,5
Americas\shard0_22713.jpg,outdoor,Americas,Americas,12,6
Americas\shard0_19662.jpg,outdoor,Americas,Americas,13,9
Americas\shard0_11484.jpg,outdoor,Americas,Americas,13,9
Americas\shard0_27163.jpg,outdoor,Americas,Americas,12,6
Americas\shard0_27748.jpg,outdoor,Americas,Americas,11,7
Americas\shard0_27415.jpg,outdoor,Americas,Americas,12,6
Americas\shard0_16390.jpg,outdoor,Americas,Americas,11,8
Americas\shard0_04627.jpg,outdoor,Americas,Americas,11,8
Americas\shard0_12748.jpg,outdoor,Americas,Americas,13,6
Americas\shard0_18842.jpg,outdoor,Americas,Americas,12,6
Americas\shard0_19390.jpg,outdoor,Americas,Americas,13,10
Americas\shard0_09836.jpg,outdoor,Americas,Americas,13,10
Americas\shard0_06575.jpg,outdoor,Americas,Americas,12,8
Americas\shard0_21851.jpg,outdoor,Americas,Americas,13,5
Americas\shard0_08302.jpg,outdoor,Americas,Americas,7,10
Americas\shard0_15028.jpg,outdoor,Americas,Americas,13,10
Americas\shard0_29209.jpg,outdoor,Americas,Americas,13,10
Americas\shard0_04578.jpg,outdoor,Americas,Americas,11,8
Americas\shard0_08853.jpg,outdoor,Americas,Americas,13,11
Americas\shard0_26360.jpg,outdoor,Americas,Americas,12,6
Americas\shard0_21069.jpg,outdoor,Americas,Americas,12,5
Americas\shard0_11709.jpg,outdoor,Americas,Americas,11,9
Americas\shard0_10831.jpg,outdoor,Americas,Americas,14,5
Americas\shard0_20207.jpg,outdoor,Americas,Americas,12,5
Americas\shard0_04911.jpg,outdoor,Americas,Americas,13,5
Americas\shard0_06507.jpg,outdoor,Americas,Americas,12,7
Americas\shard0_17624.jpg,outdoor,Americas,Americas,13,5
Americas\shard0_26948.jpg,outdoor,Americas,Americas,9,10
Americas\shard0_14699.jpg,outdoor,Americas,Americas,13,10
Americas\shard0_29735.jpg,outdoor,Americas,Americas,5,11
Americas\shard0_21269.jpg,outdoor,Americas,Americas,13,9
Americas\shard0_14584.jpg,outdoor,Americas,Americas,7,10
Americas\shard0_13040.jpg,outdoor,Americas,Americas,7,13
Americas\shard0_00903.jpg,outdoor,Americas,Americas,13,10
Americas\shard0_29965.jpg,outdoor,Americas,Americas,12,6
Americas\shard0_00187.jpg,outdoor,Americas,Americas,13,10
Americas\shard0_02379.jpg,outdoor,Americas,Americas,7,10
Americas\shard0_05429.jpg,outdoor,Americas,Americas,13,9
Americas\shard0_22415.jpg,outdoor,Americas,Americas,14,6
Americas\shard0_13306.jpg,outdoor,Americas,Americas,13,8
Americas\shard0_28998.jpg,outdoor,Americas,Americas,12,5
Americas\shard0_14769.jpg,outdoor,Americas,Americas,13,5
Americas\shard0_26751.jpg,outdoor,Americas,Americas,12,6
Americas\shard0_09984.jpg,outdoor,Americas,Americas,12,5
Americas\shard0_20057.jpg,outdoor,Americas,Americas,13,5
Americas\shard0_01077.jpg,outdoor,Americas,Americas,13,10
Americas\shard0_04812.jpg,outdoor,Americas,Americas,13,5
Americas\shard0_10069.jpg,outdoor,Americas,Americas,9,9
Americas\shard0_23320.jpg,outdoor,Americas,Americas,13,10
Americas\shard0_25490.jpg,outdoor,Americas,Americas,13,8
Americas\shard0_08494.jpg,outdoor,Americas,Americas,13,10
Americas\shard0_01566.jpg,outdoor,Americas,Americas,13,10
Americas\shard0_07549.jpg,outdoor,Americas,Americas,12,9
Americas\shard0_07272.jpg,outdoor,Americas,Americas,5,12
Americas\shard0_17924.jpg,outdoor,Americas,Americas,7,13
Americas\shard0_12001.jpg,outdoor,Americas,Americas,13,10
Americas\shard0_16760.jpg,outdoor,Americas,Americas,13,5
Americas\shard0_23124.jpg,outdoor,Americas,Americas,13,10
Americas\shard0_26094.jpg,outdoor,Americas,Americas,12,5
Americas\shard0_06992.jpg,outdoor,Americas,Americas,12,8
Americas\shard0_16978.jpg,outdoor,Americas,Americas,12,5
Americas\shard0_12222.jpg,outdoor,Americas,Americas,13,10
Americas\shard0_13915.jpg,outdoor,Americas,Americas,10,11
Americas\shard0_19038.jpg,outdoor,Americas,Americas,12,6
Americas\shard0_00843.jpg,outdoor,Americas,Americas,10,8
Americas\shard0_03941.jpg,outdoor,Americas,Americas,13,10
Americas\shard0_05700.jpg,outdoor,Americas,Americas,12,8
Americas\shard0_27109.jpg,outdoor,Americas,Americas,13,9
Americas\shard0_08185.jpg,outdoor,Americas,Americas,12,5
Americas\shard0_08072.jpg,outdoor,Americas,Americas,13,10
Americas\shard0_10979.jpg,outdoor,Americas,Americas,13,5
Americas\shard0_27292.jpg,outdoor,Americas,Americas,13,10
Americas\shard0_00410.jpg,outdoor,Americas,Americas,13,5
Americas\shard0_04161.jpg,outdoor,Americas,Americas,12,5
Americas\shard0_07888.jpg,outdoor,Americas,Americas,7,14
Americas\shard0_09118.jpg,outdoor,Americas,Americas,11,9
Americas\shard0_11911.jpg,outdoor,Americas,Americas,13,5
Americas\shard0_25210.jpg,outdoor,Americas,Americas,12,9
Americas\shard0_01345.jpg,outdoor,Americas,Americas,11,2
Americas\shard0_18354.jpg,outdoor,Americas,Americas,13,5
Americas\shard0_21414.jpg,outdoor,Americas,Americas,12,10
Americas\shard0_16777.jpg,outdoor,Americas,Americas,13,9
Americas\shard0_10786.jpg,outdoor,Americas,Americas,13,10
Americas\shard0_07822.jpg,outdoor,Americas,Americas,13,9
Americas\shard0_27642.jpg,outdoor,Americas,Americas,13,10
Americas\shard0_18444.jpg,outdoor,Americas,Americas,13,5
Americas\shard0_19352.jpg,outdoor,Americas,Americas,13,9
Americas\shard0_11840.jpg,outdoor,Americas,Americas,13,5
Americas\shard0_24198.jpg,outdoor,Americas,Americas,12,8
Americas\shard0_23450.jpg,outdoor,Americas,Americas,12,5
Americas\shard0_20259.jpg,outdoor,Americas,Americas,9,10
Americas\shard0_12760.jpg,outdoor,Americas,Americas,13,5
Americas\shard0_20646.jpg,outdoor,Americas,Americas,13,8
Americas\shard0_07599.jpg,outdoor,Americas,Americas,6,13
Americas\shard0_22538.jpg,outdoor,Americas,Americas,13,10
Americas\shard0_10903.jpg,outdoor,Americas,Americas,14,6
Americas\shard0_21046.jpg,outdoor,Americas,Americas,12,6
Americas\shard0_06028.jpg,outdoor,Americas,Americas,13,6
Americas\shard0_00704.jpg,outdoor,Americas,Americas,12,6
Americas\shard0_03703.jpg,outdoor,Americas,Americas,7,10
Americas\shard0_21673.jpg,outdoor,Americas,Americas,5,11
Americas\shard0_26909.jpg,outdoor,Americas,Americas,13,6
Americas\shard0_15496.jpg,outdoor,Americas,Americas,13,8
Americas\shard0_14461.jpg,outdoor,Americas,Americas,12,7
Americas\shard0_16216.jpg,outdoor,Americas,Americas,12,8
Americas\shard0_26009.jpg,outdoor,Americas,Americas,12,10
Americas\shard0_24900.jpg,outdoor,Americas,Americas,11,9
Americas\shard0_16058.jpg,outdoor,Americas,Americas,12,8
Americas\shard0_08578.jpg,outdoor,Americas,Americas,12,6
Americas\shard0_14424.jpg,outdoor,Americas,Americas,13,10
Americas\shard0_17948.jpg,outdoor,Americas,Americas,13,10
Americas\shard0_17346.jpg,outdoor,Americas,Americas,11,8
Americas\shard0_27133.jpg,outdoor,Americas,Americas,12,6
Americas\shard0_08906.jpg,outdoor,Americas,Americas,12,6
Americas\shard0_24297.jpg,outdoor,Americas,Americas,12,5
Americas\shard0_26630.jpg,outdoor,Americas,Americas,12,6
Americas\shard0_21640.jpg,outdoor,Americas,Americas,11,7
Americas\shard0_14882.jpg,outdoor,Americas,Americas,10,9
Americas\shard0_00080.jpg,outdoor,Americas,Americas,14,6
Americas\shard0_22239.jpg,outdoor,Americas,Americas,11,9
Americas\shard0_00004.jpg,outdoor,Americas,Americas,6,13
Americas\shard0_09521.jpg,outdoor,Americas,Americas,12,9
Americas\shard0_05975.jpg,outdoor,Americas,Americas,12,7
Americas\shard0_21964.jpg,outdoor,Americas,Americas,5,12
Americas\shard0_23558.jpg,outdoor,Americas,Americas,13,9
Americas\shard0_12505.jpg,outdoor,Americas,Americas,12,10
Americas\shard0_17665.jpg,outdoor,Americas,Americas,10,8
Americas\shard0_01587.jpg,outdoor,Americas,Americas,12,8
Americas\shard0_22165.jpg,outdoor,Americas,Americas,12,7
Americas\shard0_13620.jpg,outdoor,Americas,Americas,6,13
Americas\shard0_00740.jpg,outdoor,Americas,Americas,13,9
Americas\shard0_23452.jpg,outdoor,Americas,Americas,13,10
Americas\shard0_07956.jpg,outdoor,Americas,Americas,13,10
Americas\shard0_19108.jpg,outdoor,Americas,Americas,13,5
Americas\shard0_21425.jpg,outdoor,Americas,Americas,12,10
Americas\shard0_03500.jpg,outdoor,Americas,Americas,12,5
Americas\shard0_07040.jpg,outdoor,Americas,Americas,13,10
Americas\shard0_20650.jpg,outdoor,Americas,Americas,14,6
Americas\shard0_07902.jpg,outdoor,Americas,Americas,13,11
Americas\shard0_09981.jpg,outdoor,Americas,Americas,12,10
Americas\shard0_10643.jpg,outdoor,Americas,Americas,15,3
Americas\shard0_26522.jpg,outdoor,Americas,Americas,15,8
Americas\shard0_19807.jpg,outdoor,Americas,Americas,13,9
Americas\shard0_22271.jpg,outdoor,Americas,Americas,5,10
Americas\shard0_27677.jpg,outdoor,Americas,Americas,13,5
Americas\shard0_25726.jpg,outdoor,Americas,Americas,13,5
Americas\shard0_19702.jpg,outdoor,Americas,Americas,13,9
Americas\shard0_08035.jpg,outdoor,Americas,Americas,12,8
Americas\shard0_02523.jpg,outdoor,Americas,Americas,13,8
Americas\shard0_24711.jpg,outdoor,Americas,Americas,6,11
Americas\shard0_20712.jpg,outdoor,Americas,Americas,10,10
Americas\shard0_21242.jpg,outdoor,Americas,Americas,12,8
Americas\shard0_02269.jpg,outdoor,Americas,Americas,12,10
Americas\shard0_05035.jpg,outdoor,Americas,Americas,13,8
Americas\shard0_05295.jpg,outdoor,Americas,Americas,12,10
Americas\shard0_25171.jpg,outdoor,Americas,Americas,12,10
Americas\shard0_05846.jpg,outdoor,Americas,Americas,12,8
Americas\shard0_25683.jpg,outdoor,Americas,Americas,12,8
Americas\shard0_04349.jpg,outdoor,Americas,Americas,13,6
Americas\shard0_03002.jpg,outdoor,Americas,Americas,12,10
Americas\shard0_11908.jpg,outdoor,Americas,Americas,13,10
Americas\shard0_21196.jpg,outdoor,Americas,Americas,12,10
Americas\shard0_08091.jpg,outdoor,Americas,Americas,13,9
Americas\shard0_21660.jpg,outdoor,Americas,Americas,12,9
Americas\shard0_12375.jpg,outdoor,Americas,Americas,11,7
Americas\shard0_06486.jpg,outdoor,Americas,Americas,13,10
Americas\shard0_24917.jpg,outdoor,Americas,Americas,13,5
Americas\shard0_16570.jpg,outdoor,Americas,Americas,6,12
Americas\shard0_23191.jpg,outdoor,Americas,Americas,12,6
Americas\shard0_03754.jpg,outdoor,Americas,Americas,11,6
Americas\shard0_22561.jpg,outdoor,Americas,Americas,11,9
Americas\shard0_07327.jpg,outdoor,Americas,Americas,13,10
Americas\shard0_09382.jpg,outdoor,Americas,Americas,9,10
Americas\shard0_26182.jpg,outdoor,Americas,Americas,11,9
Americas\shard0_15464.jpg,outdoor,Americas,Americas,13,8
Americas\shard0_19394.jpg,outdoor,Americas,Americas,10,8
Americas\shard0_24051.jpg,outdoor,Americas,Americas,8,14
Americas\shard0_06650.jpg,outdoor,Americas,Americas,13,11
Americas\shard0_17280.jpg,outdoor,Americas,Americas,10,10
Americas\shard0_03133.jpg,outdoor,Americas,Americas,12,6
Americas\shard0_19687.jpg,outdoor,Americas,Americas,6,13
Americas\shard0_03337.jpg,outdoor,Americas,Americas,12,5
Americas\shard0_11544.jpg,outdoor,Americas,Americas,13,9
Americas\shard0_08497.jpg,outdoor,Americas,Americas,5,11
Americas\shard0_17599.jpg,outdoor,Americas,Americas,13,11
Americas\shard0_14516.jpg,outdoor,Americas,Americas,13,10
Americas\shard0_04827.jpg,outdoor,Americas,Americas,13,9
Americas\shard0_24207.jpg,outdoor,Americas,Americas,13,10
Americas\shard0_26620.jpg,outdoor,Americas,Americas,10,11
Americas\shard0_13174.jpg,outdoor,Americas,Americas,12,5
Americas\shard0_10494.jpg,outdoor,Americas,Americas,6,10
Americas\shard0_05161.jpg,outdoor,Americas,Americas,12,5
Americas\shard0_08807.jpg,outdoor,Americas,Americas,12,10
Americas\shard0_00792.jpg,outdoor,Americas,Americas,13,5
Americas\shard0_06766.jpg,outdoor,Americas,Americas,12,9
Americas\shard0_23777.jpg,outdoor,Americas,Americas,13,10
Americas\shard0_02399.jpg,outdoor,Americas,Americas,13,10
Americas\shard0_09290.jpg,outdoor,Americas,Americas,13,9
Americas\shard0_06371.jpg,outdoor,Americas,Americas,13,6
Americas\shard0_03306.jpg,outdoor,Americas,Americas,13,5
Americas\shard0_11386.jpg,outdoor,Americas,Americas,13,10
Americas\shard0_10504.jpg,outdoor,Americas,Americas,12,7
Americas\shard0_29660.jpg,outdoor,Americas,Americas,11,8
Americas\shard0_08090.jpg,outdoor,Americas,Americas,13,9
Americas\shard0_00541.jpg,outdoor,Americas,Americas,13,10
Americas\shard0_00726.jpg,outdoor,Americas,Americas,13,9
Americas\shard0_26605.jpg,outdoor,Americas,Americas,12,5
Americas\shard0_07955.jpg,outdoor,Americas,Americas,12,8
Americas\shard0_19053.jpg,outdoor,Americas,Americas,13,10
Americas\shard0_11346.jpg,outdoor,Americas,Americas,11,7
Americas\shard0_19170.jpg,outdoor,Americas,Americas,12,5
Americas\shard0_19671.jpg,outdoor,Americas,Americas,13,10
Americas\shard0_11695.jpg,outdoor,Americas,Americas,12,9
Americas\shard0_19354.jpg,outdoor,Americas,Americas,13,9
Americas\shard0_09044.jpg,outdoor,Americas,Americas,12,6
Americas\shard0_02838.jpg,outdoor,Americas,Americas,13,9
Americas\shard0_08340.jpg,outdoor,Americas,Americas,12,6
Americas\shard0_21674.jpg,outdoor,Americas,Americas,13,10
Americas\shard0_11482.jpg,outdoor,Americas,Americas,12,5
Americas\shard0_09737.jpg,outdoor,Americas,Americas,12,5
Americas\shard0_16039.jpg,outdoor,Americas,Americas,12,5
Americas\shard0_28544.jpg,outdoor,Americas,Americas,12,5
Americas\shard0_10395.jpg,outdoor,Americas,Americas,12,8
Americas\shard0_06454.jpg,outdoor,Americas,Americas,12,5
Americas\shard0_24403.jpg,outdoor,Americas,Americas,11,9
Americas\shard0_01397.jpg,outdoor,Americas,Americas,12,9
Americas\shard0_14725.jpg,outdoor,Americas,Americas,13,10
Americas\shard0_19098.jpg,outdoor,Americas,Americas,12,5
Americas\shard0_26244.jpg,outdoor,Americas,Americas,12,8
Americas\shard0_11089.jpg,outdoor,Americas,Americas,13,10
Americas\shard0_03121.jpg,outdoor,Americas,Americas,13,9
Americas\shard0_27452.jpg,outdoor,Americas,Americas,10,7
Americas\shard0_04246.jpg,outdoor,Americas,Americas,12,5
Americas\shard0_16141.jpg,outdoor,Americas,Americas,13,10
Americas\shard0_20540.jpg,outdoor,Americas,Americas,12,6
Americas\shard0_08468.jpg,outdoor,Americas,Americas,6,13
Americas\shard0_15460.jpg,outdoor,Americas,Americas,13,5
Americas\shard0_28816.jpg,outdoor,Americas,Americas,13,10
Americas\shard0_19337.jpg,outdoor,Americas,Americas,7,10
Americas\shard0_29145.jpg,outdoor,Americas,Americas,13,10
Americas\shard0_28741.jpg,outdoor,Americas,Americas,12,8
Americas\shard0_05744.jpg,outdoor,Americas,Americas,12,6
Americas\shard0_20617.jpg,outdoor,Americas,Americas,13,10
Americas\shard0_27383.jpg,outdoor,Americas,Americas,14,5
Americas\shard0_02844.jpg,outdoor,Americas,Americas,13,9
Americas\shard0_07878.jpg,outdoor,Americas,Americas,12,6
Americas\shard0_06660.jpg,outdoor,Americas,Americas,13,9
Americas\shard0_19937.jpg,outdoor,Americas,Americas,12,6
Americas\shard0_02028.jpg,outdoor,Americas,Americas,13,9
Americas\shard0_15998.jpg,outdoor,Americas,Americas,12,9
Americas\shard0_17443.jpg,outdoor,Americas,Americas,10,8
Americas\shard0_28157.jpg,outdoor,Americas,Americas,12,8
Americas\shard0_27258.jpg,outdoor,Americas,Americas,12,9
Americas\shard0_27644.jpg,outdoor,Americas,Americas,10,8
Americas\shard0_27431.jpg,outdoor,Americas,Americas,12,6
Americas\shard0_25220.jpg,outdoor,Americas,Americas,13,8
Americas\shard0_04736.jpg,outdoor,Americas,Americas,12,9
Americas\shard0_28128.jpg,outdoor,Americas,Americas,12,6
Americas\shard0_27282.jpg,outdoor,Americas,Americas,10,8
Americas\shard0_02972.jpg,outdoor,Americas,Americas,12,10
Americas\shard0_05643.jpg,outdoor,Americas,Americas,13,5
Americas\shard0_13963.jpg,outdoor,Americas,Americas,12,8
Americas\shard0_20900.jpg,outdoor,Americas,Americas,12,5
Americas\shard0_07241.jpg,outdoor,Americas,Americas,4,10
Americas\shard0_16429.jpg,outdoor,Americas,Americas,13,5
Americas\shard0_11274.jpg,outdoor,Americas,Americas,12,5
Americas\shard0_20682.jpg,outdoor,Americas,Americas,13,6
Americas\shard0_20055.jpg,outdoor,Americas,Americas,12,5
Americas\shard0_00249.jpg,outdoor,Americas,Americas,13,10
Americas\shard0_07666.jpg,outdoor,Americas,Americas,12,7
Americas\shard0_16871.jpg,outdoor,Americas,Americas,13,10
Americas\shard0_09950.jpg,outdoor,Americas,Americas,10,11
Americas\shard0_20868.jpg,outdoor,Americas,Americas,12,6
Americas\shard0_22160.jpg,outdoor,Americas,Americas,13,10
Americas\shard0_23353.jpg,outdoor,Americas,Americas,12,5
Americas\shard0_03512.jpg,outdoor,Americas,Americas,5,11
Americas\shard0_05380.jpg,outdoor,Americas,Americas,13,5
Americas\shard0_07428.jpg,outdoor,Americas,Americas,13,10
Americas\shard0_24892.jpg,outdoor,Americas,Americas,13,10
Americas\shard0_12658.jpg,outdoor,Americas,Americas,13,5
Americas\shard0_15106.jpg,outdoor,Americas,Americas,13,10
Americas\shard0_27750.jpg,outdoor,Americas,Americas,12,6
Americas\shard0_10344.jpg,outdoor,Americas,Americas,10,10
Americas\shard0_17021.jpg,outdoor,Americas,Americas,13,9
Americas\shard0_19754.jpg,outdoor,Americas,Americas,12,8
Americas\shard0_11038.jpg,outdoor,Americas,Americas,13,9
Americas\shard0_22944.jpg,outdoor,Americas,Americas,13,5
Americas\shard0_12028.jpg,outdoor,Americas,Americas,12,10
Americas\shard0_26552.jpg,outdoor,Americas,Americas,14,6
Americas\shard0_28897.jpg,outdoor,Americas,Americas,13,10
Americas\shard0_21776.jpg,outdoor,Americas,Americas,9,11
Americas\shard0_04981.jpg,outdoor,Americas,Americas,12,9
Americas\shard0_01597.jpg,outdoor,Americas,Americas,12,7
Americas\shard0_27458.jpg,outdoor,Americas,Americas,12,5
Americas\shard0_16968.jpg,outdoor,Americas,Americas,10,8
Americas\shard0_03359.jpg,outdoor,Americas,Americas,5,12
Americas\shard0_25530.jpg,outdoor,Americas,Americas,13,10
Americas\shard0_19803.jpg,outdoor,Americas,Americas,13,5
Americas\shard0_06204.jpg,outdoor,Americas,Americas,13,5
Americas\shard0_07373.jpg,outdoor,Americas,Americas,13,10
Americas\shard0_26961.jpg,outdoor,Americas,Americas,12,6
Americas\shard0_21433.jpg,outdoor,Americas,Americas,11,8
Americas\shard0_13688.jpg,outdoor,Americas,Americas,6,10
Americas\shard0_14861.jpg,outdoor,Americas,Americas,13,10
Americas\shard0_09736.jpg,outdoor,Americas,Americas,8,10
Americas\shard0_04271.jpg,outdoor,Americas,Americas,12,5
Americas\shard0_10179.jpg,outdoor,Americas,Americas,13,10
Americas\shard0_05740.jpg,outdoor,Americas,Americas,11,9
Americas\shard0_18033.jpg,outdoor,Americas,Americas,9,10
Americas\shard0_19519.jpg,outdoor,Americas,Americas,13,9
Americas\shard0_21957.jpg,outdoor,Americas,Americas,13,9
Americas\shard0_16146.jpg,outdoor,Americas,Americas,13,10
Americas\shard0_00319.jpg,outdoor,Americas,Americas,12,5
Americas\shard0_17390.jpg,outdoor,Americas,Americas,7,11
Americas\shard0_18752.jpg,outdoor,Americas,Americas,12,7
Americas\shard0_23167.jpg,outdoor,Americas,Americas,13,5
Americas\shard0_29179.jpg,outdoor,Americas,Americas,13,10
Americas\shard0_23330.jpg,outdoor,Americas,Americas,6,13
Americas\shard0_18137.jpg,outdoor,Americas,Americas,12,5
Americas\shard0_12791.jpg,outdoor,Americas,Americas,13,8
Americas\shard0_01716.jpg,outdoor,Americas,Americas,13,5
Americas\shard0_28900.jpg,outdoor,Americas,Americas,12,9
Americas\shard0_08375.jpg,outdoor,Americas,Americas,12,6
Americas\shard0_27002.jpg,outdoor,Americas,Americas,15,3
Americas\shard0_06855.jpg,outdoor,Americas,Americas,12,6
Americas\shard0_22100.jpg,outdoor,Americas,Americas,13,9
Americas\shard0_07005.jpg,outdoor,Americas,Americas,13,10
Americas\shard0_21785.jpg,outdoor,Americas,Americas,13,10
Americas\shard0_15855.jpg,outdoor,Americas,Americas,13,5
Americas\shard0_12155.jpg,outdoor,Americas,Americas,13,10
Americas\shard0_03605.jpg,outdoor,Americas,Americas,12,6
Americas\shard0_02065.jpg,outdoor,Americas,Americas,6,13
Americas\shard0_26446.jpg,outdoor,Americas,Americas,12,9
Americas\shard0_00581.jpg,outdoor,Americas,Americas,12,8
Americas\shard0_25768.jpg,outdoor,Americas,Americas,13,5
Americas\shard0_11477.jpg,outdoor,Americas,Americas,12,6
Americas\shard0_24555.jpg,outdoor,Americas,Americas,13,10
Americas\shard0_06087.jpg,outdoor,Americas,Americas,12,9
Americas\shard0_16080.jpg,outdoor,Americas,Americas,6,13
Americas\shard0_22978.jpg,outdoor,Americas,Americas,11,9
Americas\shard0_29360.jpg,outdoor,Americas,Americas,11,9
Americas\shard0_09929.jpg,outdoor,Americas,Americas,13,10
Americas\shard0_14463.jpg,outdoor,Americas,Americas,12,5
Americas\shard0_17004.jpg,outdoor,Americas,Americas,13,10
Americas\shard0_04950.jpg,outdoor,Americas,Americas,13,10
Americas\shard0_09890.jpg,outdoor,Americas,Americas,10,8
Americas\shard0_26043.jpg,outdoor,Americas,Americas,13,9
Americas\shard0_03631.jpg,outdoor,Americas,Americas,13,5
Americas\shard0_07873.jpg,outdoor,Americas,Americas,12,5
Americas\shard0_19207.jpg,outdoor,Americas,Americas,5,10
Americas\shard0_02250.jpg,outdoor,Americas,Americas,13,10
Americas\shard0_23509.jpg,outdoor,Americas,Americas,13,10
Americas\shard0_01852.jpg,outdoor,Americas,Americas,12,10
Americas\shard0_08851.jpg,outdoor,Americas,Americas,13,10
Americas\shard0_26989.jpg,outdoor,Americas,Americas,12,9
Americas\shard0_27260.jpg,outdoor,Americas,Americas,12,10
Americas\shard0_04131.jpg,outdoor,Americas,Americas,13,10
Americas\shard0_16173.jpg,outdoor,Americas,Americas,12,10
Americas\shard0_05900.jpg,outdoor,Americas,Americas,12,10
Americas\shard0_17481.jpg,outdoor,Americas,Americas,12,5
Americas\shard0_02178.jpg,outdoor,Americas,Americas,6,11
Americas\shard0_14212.jpg,outdoor,Americas,Americas,12,8
Americas\shard0_19667.jpg,outdoor,Americas,Americas,12,9
Americas\shard0_08024.jpg,outdoor,Americas,Americas,13,7
Americas\shard0_20340.jpg,outdoor,Americas,Americas,13,10
Americas\shard0_26286.jpg,outdoor,Americas,Americas,12,8
Americas\shard0_23671.jpg,outdoor,Americas,Americas,9,10
Americas\shard0_19223.jpg,outdoor,Americas,Americas,13,9
Americas\shard0_07166.jpg,outdoor,Americas,Americas,12,5
Americas\shard0_09814.jpg,outdoor,Americas,Americas,6,10
Americas\shard0_02736.jpg,outdoor,Americas,Americas,12,6
Americas\shard0_28901.jpg,outdoor,Americas,Americas,14,6
Americas\shard0_04211.jpg,outdoor,Americas,Americas,12,5
Americas\shard0_25136.jpg,outdoor,Americas,Americas,13,10
Americas\shard0_00491.jpg,outdoor,Americas,Americas,12,6
Americas\shard0_07453.jpg,outdoor,Americas,Americas,13,9
Americas\shard0_09859.jpg,outdoor,Americas,Americas,12,5
Americas\shard0_29747.jpg,outdoor,Americas,Americas,5,12
Americas\shard0_26614.jpg,outdoor,Americas,Americas,12,5
Americas\shard0_04660.jpg,outdoor,Americas,Americas,6,10
Americas\shard0_00642.jpg,outdoor,Americas,Americas,5,10
Americas\shard0_10036.jpg,outdoor,Americas,Americas,13,5
Americas\shard0_18888.jpg,outdoor,Americas,Americas,13,10
Americas\shard0_20793.jpg,outdoor,Americas,Americas,13,9
Americas\shard0_04747.jpg,outdoor,Americas,Americas,5,10
Americas\shard0_20349.jpg,outdoor,Americas,Americas,12,10
Americas\shard0_10135.jpg,outdoor,Americas,Americas,12,10
Americas\shard0_12944.jpg,outdoor,Americas,Americas,13,10
Americas\shard0_25158.jpg,outdoor,Americas,Americas,13,10
Americas\shard0_01156.jpg,outdoor,Americas,Americas,13,5
Americas\shard0_04066.jpg,outdoor,Americas,Americas,12,6
Americas\shard0_12813.jpg,outdoor,Americas,Americas,7,11
Americas\shard0_19045.jpg,outdoor,Americas,Americas,12,10
Americas\shard0_29447.jpg,outdoor,Americas,Americas,13,10
Americas\shard0_12708.jpg,outdoor,Americas,Americas,11,9
Americas\shard0_27533.jpg,outdoor,Americas,Americas,15,13
Americas\shard0_16362.jpg,outdoor,Americas,Americas,13,7
Americas\shard0_27367.jpg,outdoor,Americas,Americas,7,10
Americas\shard0_14154.jpg,outdoor,Americas,Americas,13,10
Americas\shard0_27038.jpg,outdoor,Americas,Americas,12,5
Americas\shard0_13185.jpg,outdoor,Americas,Americas,13,9
Americas\shard0_21855.jpg,outdoor,Americas,Americas,13,10
Americas\shard0_05906.jpg,outdoor,Americas,Americas,13,5
Americas\shard0_29501.jpg,outdoor,Americas,Americas,13,8
Americas\shard0_04107.jpg,outdoor,Americas,Americas,12,5
Americas\shard0_10289.jpg,outdoor,Americas,Americas,13,5
Americas\shard0_23575.jpg,outdoor,Americas,Americas,12,9
Americas\shard0_25729.jpg,outdoor,Americas,Americas,13,10
Americas\shard0_27759.jpg,outdoor,Americas,Americas,13,8
Americas\shard0_07540.jpg,outdoor,Americas,Americas,12,9
Americas\shard0_28067.jpg,outdoor,Americas,Americas,6,13
Americas\shard0_20472.jpg,outdoor,Americas,Americas,4,10
Americas\shard0_29760.jpg,outdoor,Americas,Americas,13,9
Americas\shard0_20019.jpg,outdoor,Americas,Americas,13,10
Americas\shard0_16809.jpg,outdoor,Americas,Americas,13,10
Americas\shard0_20896.jpg,outdoor,Americas,Americas,9,9
Americas\shard0_27144.jpg,outdoor,Americas,Americas,12,5
Americas\shard0_04288.jpg,outdoor,Americas,Americas,13,8
Americas\shard0_07993.jpg,outdoor,Americas,Americas,12,6
Americas\shard0_21664.jpg,outdoor,Americas,Americas,10,10
Americas\shard0_17712.jpg,outdoor,Americas,Americas,10,8
Americas\shard0_28499.jpg,outdoor,Americas,Americas,5,12
Americas\shard0_04274.jpg,outdoor,Americas,Americas,13,10
Americas\shard0_26120.jpg,outdoor,Americas,Americas,12,8
Americas\shard0_16688.jpg,outdoor,Americas,Americas,12,6
Americas\shard0_20503.jpg,outdoor,Americas,Americas,13,9
Americas\shard0_27131.jpg,outdoor,Americas,Americas,13,7
Americas\shard0_29745.jpg,outdoor,Americas,Americas,13,5
Americas\shard0_21207.jpg,outdoor,Americas,Americas,12,9
Americas\shard0_23944.jpg,outdoor,Americas,Americas,12,5
Americas\shard0_06568.jpg,outdoor,Americas,Americas,13,8
Americas\shard0_22340.jpg,outdoor,Americas,Americas,12,6
Americas\shard0_28701.jpg,outdoor,Americas,Americas,13,10
Americas\shard0_24938.jpg,outdoor,Americas,Americas,5,10
Americas\shard0_09892.jpg,outdoor,Americas,Americas,13,10
Americas\shard0_23554.jpg,outdoor,Americas,Americas,7,10
Americas\shard0_06493.jpg,outdoor,Americas,Americas,11,7
Americas\shard0_15656.jpg,outdoor,Americas,Americas,12,9
Americas\shard0_06191.jpg,outdoor,Americas,Americas,12,9
Americas\shard0_01058.jpg,outdoor,Americas,Americas,11,9
Americas\shard0_15602.jpg,outdoor,Americas,Americas,12,5
Americas\shard0_15600.jpg,outdoor,Americas,Americas,6,13
Americas\shard0_12152.jpg,outdoor,Americas,Americas,13,10
Americas\shard0_18511.jpg,outdoor,Americas,Americas,13,10
Americas\shard0_11860.jpg,outdoor,Americas,Americas,13,10
Americas\shard0_27218.jpg,outdoor,Americas,Americas,13,10
Americas\shard0_21200.jpg,outdoor,Americas,Americas,12,6
Americas\shard0_18031.jpg,outdoor,Americas,Americas,13,10
Americas\shard0_04061.jpg,outdoor,Americas,Americas,13,9
Americas\shard0_20875.jpg,outdoor,Americas,Americas,11,7
Americas\shard0_16930.jpg,outdoor,Americas,Americas,13,9
Americas\shard0_24728.jpg,outdoor,Americas,Americas,12,6
Americas\shard0_10516.jpg,outdoor,Americas,Americas,8,14
Americas\shard0_09533.jpg,outdoor,Americas,Americas,16,11
Americas\shard0_21348.jpg,outdoor,Americas,Americas,13,5
Americas\shard0_16951.jpg,outdoor,Americas,Americas,12,10
Americas\shard0_16241.jpg,outdoor,Americas,Americas,10,10
Americas\shard0_01008.jpg,outdoor,Americas,Americas,12,8
Americas\shard0_07136.jpg,outdoor,Americas,Americas,12,8
Americas\shard0_07780.jpg,outdoor,Americas,Americas,12,8
Americas\shard0_29103.jpg,outdoor,Americas,Americas,12,6
Americas\shard0_20018.jpg,outdoor,Americas,Americas,13,10
Americas\shard0_04036.jpg,outdoor,Americas,Americas,12,9
Americas\shard0_18329.jpg,outdoor,Americas,Americas,12,5
Americas\shard0_21750.jpg,outdoor,Americas,Americas,13,10
Americas\shard0_01080.jpg,outdoor,Americas,Americas,13,10
Americas\shard0_02886.jpg,outdoor,Americas,Americas,12,5
Americas\shard0_15808.jpg,outdoor,Americas,Americas,13,7
Americas\shard0_19730.jpg,outdoor,Americas,Americas,12,6
Americas\shard0_08384.jpg,outdoor,Americas,Americas,12,6
Americas\shard0_23662.jpg,outdoor,Americas,Americas,8,10
Americas\shard0_20576.jpg,outdoor,Americas,Americas,4,10
Americas\shard0_05010.jpg,outdoor,Americas,Americas,12,9
Americas\shard0_27380.jpg,outdoor,Americas,Americas,5,12
Americas\shard0_24459.jpg,outdoor,Americas,Americas,13,9
Americas\shard0_28828.jpg,outdoor,Americas,Americas,12,6
Americas\shard0_22132.jpg,outdoor,Americas,Americas,10,8
Americas\shard0_11888.jpg,outdoor,Americas,Americas,13,10
Americas\shard0_11400.jpg,outdoor,Americas,Americas,12,9
Americas\shard0_25161.jpg,outdoor,Americas,Americas,12,5
Americas\shard0_07843.jpg,outdoor,Americas,Americas,13,10
Americas\shard0_10562.jpg,outdoor,Americas,Americas,11,8
Americas\shard0_13229.jpg,outdoor,Americas,Americas,13,8
Americas\shard0_27632.jpg,outdoor,Americas,Americas,12,8
Americas\shard0_10081.jpg,outdoor,Americas,Americas,13,5
Americas\shard0_22252.jpg,outdoor,Americas,Americas,13,6
Americas\shard0_16138.jpg,outdoor,Americas,Americas,10,2
Americas\shard0_02940.jpg,outdoor,Americas,Americas,12,10
Americas\shard0_08405.jpg,outdoor,Americas,Americas,12,10
Americas\shard0_29475.jpg,outdoor,Americas,Americas,13,9
Americas\shard0_02590.jpg,outdoor,Americas,Americas,10,8
Americas\shard0_21091.jpg,outdoor,Americas,Americas,12,8
Americas\shard0_13495.jpg,outdoor,Americas,Americas,13,10
Americas\shard0_20353.jpg,outdoor,Americas,Americas,12,10
Americas\shard0_13969.jpg,outdoor,Americas,Americas,12,6
Americas\shard0_09934.jpg,outdoor,Americas,Americas,9,10
Americas\shard0_28710.jpg,outdoor,Americas,Americas,13,10
Americas\shard0_11132.jpg,outdoor,Americas,Americas,12,8
Americas\shard0_00163.jpg,outdoor,Americas,Americas,12,6
Americas\shard0_08343.jpg,outdoor,Americas,Americas,13,10
Americas\shard0_07338.jpg,outdoor,Americas,Americas,12,10
Americas\shard0_18722.jpg,outdoor,Americas,Americas,13,9
Americas\shard0_01048.jpg,outdoor,Americas,Americas,12,6
Americas\shard0_12874.jpg,outdoor,Americas,Americas,13,9
Americas\shard0_10676.jpg,outdoor,Americas,Americas,11,9
Americas\shard0_03641.jpg,outdoor,Americas,Americas,12,5
Americas\shard0_12470.jpg,outdoor,Americas,Americas,13,11
Americas\shard0_21646.jpg,outdoor,Americas,Americas,13,9
Americas\shard0_14561.jpg,outdoor,Americas,Americas,13,5
Americas\shard0_15499.jpg,outdoor,Americas,Americas,12,10
Americas\shard0_29968.jpg,outdoor,Americas,Americas,13,10
Americas\shard0_20485.jpg,outdoor,Americas,Americas,12,6
Americas\shard0_19226.jpg,outdoor,Americas,Americas,6,13
Americas\shard0_05416.jpg,outdoor,Americas,Americas,13,5
Americas\shard0_04904.jpg,outdoor,Americas,Americas,13,9
Americas\shard0_09997.jpg,outdoor,Americas,Americas,10,9
Americas\shard0_08631.jpg,outdoor,Americas,Americas,13,10
Americas\shard0_02284.jpg,outdoor,Americas,Americas,12,8
Americas\shard0_03919.jpg,outdoor,Americas,Americas,13,10
Americas\shard0_11519.jpg,outdoor,Americas,Americas,12,10
Americas\shard0_13716.jpg,outdoor,Americas,Americas,12,6
Americas\shard0_16060.jpg,outdoor,Americas,Americas,11,9
Americas\shard0_01982.jpg,outdoor,Americas,Americas,8,14
Americas\shard0_09697.jpg,outdoor,Americas,Americas,4,10
Americas\shard0_05831.jpg,outdoor,Americas,Americas,11,9
Americas\shard0_18348.jpg,outdoor,Americas,Americas,6,11
Americas\shard0_11234.jpg,outdoor,Americas,Americas,13,8
Americas\shard0_00032.jpg,outdoor,Americas,Americas,12,7
Americas\shard0_16032.jpg,outdoor,Americas,Americas,13,10
Americas\shard0_10120.jpg,outdoor,Americas,Americas,13,9
Americas\shard0_28991.jpg,outdoor,Americas,Americas,12,9
Americas\shard0_21557.jpg,outdoor,Americas,Americas,12,10
Americas\shard0_21294.jpg,outdoor,Americas,Americas,12,8
Americas\shard0_26173.jpg,outdoor,Americas,Americas,12,9
Americas\shard0_06463.jpg,outdoor,Americas,Americas,13,8
Americas\shard0_05253.jpg,outdoor,Americas,Americas,12,6
Americas\shard0_10634.jpg,outdoor,Americas,Americas,13,5
Americas\shard0_11681.jpg,outdoor,Americas,Americas,12,10
Americas\shard0_07964.jpg,outdoor,Americas,Americas,14,6
Americas\shard0_28867.jpg,outdoor,Americas,Americas,5,11
Americas\shard0_12045.jpg,outdoor,Americas,Americas,13,10
Americas\shard0_03308.jpg,outdoor,Americas,Americas,13,10
Americas\shard0_09962.jpg,outdoor,Americas,Americas,12,5
Americas\shard0_04397.jpg,outdoor,Americas,Americas,12,8
Americas\shard0_25462.jpg,outdoor,Americas,Americas,12,6
Americas\shard0_13826.jpg,outdoor,Americas,Americas,13,5
Americas\shard0_04644.jpg,outdoor,Americas,Americas,6,13
Americas\shard0_08735.jpg,outdoor,Americas,Americas,13,9
Americas\shard0_17442.jpg,outdoor,Americas,Americas,5,12
Americas\shard0_05638.jpg,outdoor,Americas,Americas,9,10
Americas\shard0_07855.jpg,outdoor,Americas,Americas,12,10
Americas\shard0_29588.jpg,outdoor,Americas,Americas,12,10
Americas\shard0_01808.jpg,outdoor,Americas,Americas,13,10
Americas\shard0_03797.jpg,outdoor,Americas,Americas,13,5
Americas\shard0_20120.jpg,outdoor,Americas,Americas,12,8
Americas\shard0_16953.jpg,outdoor,Americas,Americas,12,10
Americas\shard0_26581.jpg,outdoor,Americas,Americas,11,9
Americas\shard0_12046.jpg,outdoor,Americas,Americas,11,8
Americas\shard0_13398.jpg,outdoor,Americas,Americas,6,13
Americas\shard0_28547.jpg,outdoor,Americas,Americas,13,10
Americas\shard0_17546.jpg,outdoor,Americas,Americas,13,8
Americas\shard0_03343.jpg,outdoor,Americas,Americas,12,7
Americas\shard0_11693.jpg,outdoor,Americas,Americas,12,5
Americas\shard0_29079.jpg,outdoor,Americas,Americas,8,10
Americas\shard0_07744.jpg,outdoor,Americas,Americas,10,8
Americas\shard0_09314.jpg,outdoor,Americas,Americas,13,7
Americas\shard0_09900.jpg,outdoor,Americas,Americas,13,9
Americas\shard0_12352.jpg,outdoor,Americas,Americas,12,6
Americas\shard0_10622.jpg,outdoor,Americas,Americas,13,10
Americas\shard0_29199.jpg,outdoor,Americas,Americas,6,13
Americas\shard0_25706.jpg,outdoor,Americas,Americas,12,5
Americas\shard0_03811.jpg,outdoor,Americas,Americas,12,7
Americas\shard0_24052.jpg,outdoor,Americas,Americas,8,14
Americas\shard0_04756.jpg,outdoor,Americas,Americas,13,10
Americas\shard0_21410.jpg,outdoor,Americas,Americas,13,10
Americas\shard0_20402.jpg,outdoor,Americas,Americas,7,10
Americas\shard0_02169.jpg,outdoor,Americas,Americas,12,6
Americas\shard0_25338.jpg,outdoor,Americas,Americas,13,5
Americas\shard0_10695.jpg,outdoor,Americas,Americas,10,9
Americas\shard0_24160.jpg,outdoor,Americas,Americas,15,3
Americas\shard0_21692.jpg,outdoor,Americas,Americas,12,6
Americas\shard0_11492.jpg,outdoor,Americas,Americas,13,8
Americas\shard0_24426.jpg,outdoor,Americas,Americas,13,9
Americas\shard0_10014.jpg,outdoor,Americas,Americas,13,9
Americas\shard0_07646.jpg,outdoor,Americas,Americas,12,6
Americas\shard0_02572.jpg,outdoor,Americas,Americas,12,10
Americas\shard0_16311.jpg,outdoor,Americas,Americas,12,7
Americas\shard0_02365.jpg,outdoor,Americas,Americas,13,8
Americas\shard0_08674.jpg,outdoor,Americas,Americas,8,13
Americas\shard0_05819.jpg,outdoor,Americas,Americas,11,2
Americas\shard0_25418.jpg,outdoor,Americas,Americas,13,9
Americas\shard0_01405.jpg,outdoor,Americas,Americas,6,13
Americas\shard0_02425.jpg,outdoor,Americas,Americas,12,6
Americas\shard0_23090.jpg,outdoor,Americas,Americas,13,10
Americas\shard0_16418.jpg,outdoor,Americas,Americas,10,8
Americas\shard0_02723.jpg,outdoor,Americas,Americas,12,6
Americas\shard0_01756.jpg,outdoor,Americas,Americas,13,10
Americas\shard0_08373.jpg,outdoor,Americas,Americas,3,10
Americas\shard0_14019.jpg,outdoor,Americas,Americas,12,6
Americas\shard0_00377.jpg,outdoor,Americas,Americas,12,10
Americas\shard0_17788.jpg,outdoor,Americas,Americas,8,10
Americas\shard0_23040.jpg,outdoor,Americas,Americas,13,10
Americas\shard0_18494.jpg,outdoor,Americas,Americas,5,11
Americas\shard0_29503.jpg,outdoor,Americas,Americas,13,9
Americas\shard0_09025.jpg,outdoor,Americas,Americas,12,9
Americas\shard0_06901.jpg,outdoor,Americas,Americas,12,8
Americas\shard0_15755.jpg,outdoor,Americas,Americas,12,9
Americas\shard0_24092.jpg,outdoor,Americas,Americas,13,10
Americas\shard0_21778.jpg,outdoor,Americas,Americas,13,10
Americas\shard0_16000.jpg,outdoor,Americas,Americas,11,2
Americas\shard0_23647.jpg,outdoor,Americas,Americas,12,9
Americas\shard0_24793.jpg,outdoor,Americas,Americas,6,13
Americas\shard0_06772.jpg,outdoor,Americas,Americas,13,9
Americas\shard0_04207.jpg,outdoor,Americas,Americas,13,10
Americas\shard0_26205.jpg,outdoor,Americas,Americas,12,10
Americas\shard0_02159.jpg,outdoor,Americas,Americas,13,11
Americas\shard0_00711.jpg,outdoor,Americas,Americas,13,5
Americas\shard0_16062.jpg,outdoor,Americas,Americas,12,9
Americas\shard0_10858.jpg,outdoor,Americas,Americas,13,6
Americas\shard0_22212.jpg,outdoor,Americas,Americas,13,5
Americas\shard0_09136.jpg,outdoor,Americas,Americas,13,8
Americas\shard0_13186.jpg,outdoor,Americas,Americas,11,9
Americas\shard0_25488.jpg,outdoor,Americas,Americas,13,8
Americas\shard0_14978.jpg,outdoor,Americas,Americas,12,6
Americas\shard0_02377.jpg,outdoor,Americas,Americas,11,9
Americas\shard0_25681.jpg,outdoor,Americas,Americas,12,6
Americas\shard0_27090.jpg,outdoor,Americas,Americas,12,5
Americas\shard0_02454.jpg,outdoor,Americas,Americas,13,10
Americas\shard0_24733.jpg,outdoor,Americas,Americas,12,5
Americas\shard0_13448.jpg,outdoor,Americas,Americas,12,6
Americas\shard0_18753.jpg,outdoor,Americas,Americas,13,5
Americas\shard0_10379.jpg,outdoor,Americas,Americas,13,10
Americas\shard0_13459.jpg,outdoor,Americas,Americas,13,5
Americas\shard0_27965.jpg,outdoor,Americas,Americas,13,10
Americas\shard0_23435.jpg,outdoor,Americas,Americas,13,7
Americas\shard0_16596.jpg,outdoor,Americas,Americas,13,9
Americas\shard0_23045.jpg,outdoor,Americas,Americas,12,8
Americas\shard0_28910.jpg,outdoor,Americas,Americas,12,8
Americas\shard0_09659.jpg,outdoor,Americas,Americas,12,9
Americas\shard0_19206.jpg,outdoor,Americas,Americas,13,10
Americas\shard0_10962.jpg,outdoor,Americas,Americas,9,11
Americas\shard0_19795.jpg,outdoor,Americas,Americas,12,6
Americas\shard0_01545.jpg,outdoor,Americas,Americas,10,9
Americas\shard0_03665.jpg,outdoor,Americas,Americas,12,10
Americas\shard0_08254.jpg,outdoor,Americas,Americas,6,12
Americas\shard0_01495.jpg,outdoor,Americas,Americas,10,8
Americas\shard0_08511.jpg,outdoor,Americas,Americas,12,8
Americas\shard0_20902.jpg,outdoor,Americas,Americas,13,10
Americas\shard0_25903.jpg,outdoor,Americas,Americas,13,10
Americas\shard0_17581.jpg,outdoor,Americas,Americas,13,10
Americas\shard0_25718.jpg,outdoor,Americas,Americas,12,8
Americas\shard0_16069.jpg,outdoor,Americas,Americas,13,10
Americas\shard0_29725.jpg,outdoor,Americas,Americas,13,10
Americas\shard0_16015.jpg,outdoor,Americas,Americas,13,10
Americas\shard0_04815.jpg,outdoor,Americas,Americas,12,6
Americas\shard0_09023.jpg,outdoor,Americas,Americas,12,5
Americas\shard0_10311.jpg,outdoor,Americas,Americas,12,9
Americas\shard0_18460.jpg,outdoor,Americas,Americas,13,10
Americas\shard0_26822.jpg,outdoor,Americas,Americas,13,10
Americas\shard0_16372.jpg,outdoor,Americas,Americas,13,6
Americas\shard0_29191.jpg,outdoor,Americas,Americas,13,10
Americas\shard0_21041.jpg,outdoor,Americas,Americas,12,8
Americas\shard0_20502.jpg,outdoor,Americas,Americas,13,6
Americas\shard0_05109.jpg,outdoor,Americas,Americas,12,7
Americas\shard0_21153.jpg,outdoor,Americas,Americas,10,8
Americas\shard0_06343.jpg,outdoor,Americas,Americas,13,9
Americas\shard0_26719.jpg,outdoor,Americas,Americas,14,6
Americas\shard0_26214.jpg,outdoor,Americas,Americas,13,5
Americas\shard0_25005.jpg,outdoor,Americas,Americas,11,8
Americas\shard0_03780.jpg,outdoor,Americas,Americas,9,10
Americas\shard0_10045.jpg,outdoor,Americas,Americas,13,5
Americas\shard0_11647.jpg,outdoor,Americas,Americas,12,7
Americas\shard0_25832.jpg,outdoor,Americas,Americas,13,10
Americas\shard0_03616.jpg,outdoor,Americas,Americas,12,8
Americas\shard0_02404.jpg,outdoor,Americas,Americas,13,9
Americas\shard0_00836.jpg,outdoor,Americas,Americas,12,8
Americas\shard0_07319.jpg,outdoor,Americas,Americas,12,7
Americas\shard0_08831.jpg,outdoor,Americas,Americas,13,10
Americas\shard0_14183.jpg,outdoor,Americas,Americas,4,10
Americas\shard0_24279.jpg,outdoor,Americas,Americas,13,9
Americas\shard0_03920.jpg,outdoor,Americas,Americas,11,8
Americas\shard0_02680.jpg,outdoor,Americas,Americas,12,5
Americas\shard0_20934.jpg,outdoor,Americas,Americas,12,7
Americas\shard0_19001.jpg,outdoor,Americas,Americas,12,6
Americas\shard0_08662.jpg,outdoor,Americas,Americas,13,10
Americas\shard0_00668.jpg,outdoor,Americas,Americas,12,8
Americas\shard0_20141.jpg,outdoor,Americas,Americas,7,13
Americas\shard0_26747.jpg,outdoor,Americas,Americas,12,5
Americas\shard0_18848.jpg,outdoor,Americas,Americas,11,7
Americas\shard0_03781.jpg,outdoor,Americas,Americas,12,5
Americas\shard0_06377.jpg,outdoor,Americas,Americas,13,5
Americas\shard0_25050.jpg,outdoor,Americas,Americas,12,7
Americas\shard0_18930.jpg,outdoor,Americas,Americas,9,9
Americas\shard0_12596.jpg,outdoor,Americas,Americas,13,8
Americas\shard0_08159.jpg,outdoor,Americas,Americas,13,10
Americas\shard0_11716.jpg,outdoor,Americas,Americas,13,9
Americas\shard0_14778.jpg,outdoor,Americas,Americas,13,6
Americas\shard0_27377.jpg,outdoor,Americas,Americas,12,10
Americas\shard0_19586.jpg,outdoor,Americas,Americas,12,10
Americas\shard0_14511.jpg,outdoor,Americas,Americas,12,10
Americas\shard0_29036.jpg,outdoor,Americas,Americas,13,7
Americas\shard0_22147.jpg,outdoor,Americas,Americas,12,10
Americas\shard0_26226.jpg,outdoor,Americas,Americas,12,6
Americas\shard0_09164.jpg,outdoor,Americas,Americas,13,10
Americas\shard0_08784.jpg,outdoor,Americas,Americas,13,10
Americas\shard0_02233.jpg,outdoor,Americas,Americas,13,10
Americas\shard0_06462.jpg,outdoor,Americas,Americas,11,2
Americas\shard0_26030.jpg,outdoor,Americas,Americas,10,9
Americas\shard0_11499.jpg,outdoor,Americas,Americas,12,6
Americas\shard0_08364.jpg,outdoor,Americas,Americas,12,8
Americas\shard0_23352.jpg,outdoor,Americas,Americas,11,9
Americas\shard0_12203.jpg,outdoor,Americas,Americas,12,5
Americas\shard0_08281.jpg,outdoor,Americas,Americas,6,13
Americas\shard0_28943.jpg,outdoor,Americas,Americas,10,8
Americas\shard0_09165.jpg,outdoor,Americas,Americas,13,5
Americas\shard0_25934.jpg,outdoor,Americas,Americas,12,9
Americas\shard0_26746.jpg,outdoor,Americas,Americas,7,13
Americas\shard0_03596.jpg,outdoor,Americas,Americas,12,8
Americas\shard0_15222.jpg,outdoor,Americas,Americas,13,10
Americas\shard0_23626.jpg,outdoor,Americas,Americas,5,10
Americas\shard0_09511.jpg,outdoor,Americas,Americas,14,5
Americas\shard0_25590.jpg,outdoor,Americas,Americas,12,6
Americas\shard0_25334.jpg,outdoor,Americas,Americas,9,10
Americas\shard0_01598.jpg,outdoor,Americas,Americas,13,6
Americas\shard0_08818.jpg,outdoor,Americas,Americas,12,6
Americas\shard0_28766.jpg,outdoor,Americas,Americas,12,5
Americas\shard0_05673.jpg,outdoor,Americas,Americas,13,5
Americas\shard0_21549.jpg,outdoor,Americas,Americas,13,10
Americas\shard0_08050.jpg,outdoor,Americas,Americas,12,9
Americas\shard0_04439.jpg,outdoor,Americas,Americas,13,6
Americas\shard0_05849.jpg,outdoor,Americas,Americas,6,13
Americas\shard0_18351.jpg,outdoor,Americas,Americas,12,5
Americas\shard0_01935.jpg,outdoor,Americas,Americas,12,5
Americas\shard0_12427.jpg,outdoor,Americas,Americas,13,6
Americas\shard0_22113.jpg,outdoor,Americas,Americas,11,9
Americas\shard0_07342.jpg,outdoor,Americas,Americas,13,5
Americas\shard0_27635.jpg,outdoor,Americas,Americas,12,10
Americas\shard0_25433.jpg,outdoor,Americas,Americas,5,12
Americas\shard0_11096.jpg,outdoor,Americas,Americas,13,5
Americas\shard0_05271.jpg,outdoor,Americas,Americas,11,2
Americas\shard0_22732.jpg,outdoor,Americas,Americas,6,12
Americas\shard0_27509.jpg,outdoor,Americas,Americas,7,12
Americas\shard0_03755.jpg,outdoor,Americas,Americas,12,8
Americas\shard0_13083.jpg,outdoor,Americas,Americas,11,7
Americas\shard0_02215.jpg,outdoor,Americas,Americas,13,10
Americas\shard0_04921.jpg,outdoor,Americas,Americas,12,9
Americas\shard0_29001.jpg,outdoor,Americas,Americas,13,9
Americas\shard0_14800.jpg,outdoor,Americas,Americas,12,6
Americas\shard0_21250.jpg,outdoor,Americas,Americas,12,6
Americas\shard0_13024.jpg,outdoor,Americas,Americas,12,6
Americas\shard0_18272.jpg,outdoor,Americas,Americas,13,8
Americas\shard0_14198.jpg,outdoor,Americas,Americas,8,10
Americas\shard0_24280.jpg,outdoor,Americas,Americas,13,10
Americas\shard0_29566.jpg,outdoor,Americas,Americas,12,10
Americas\shard0_11367.jpg,outdoor,Americas,Americas,7,10
Americas\shard0_12438.jpg,outdoor,Americas,Americas,12,9
Americas\shard0_22928.jpg,outdoor,Americas,Americas,12,5
Americas\shard0_25839.jpg,outdoor,Americas,Americas,13,9
Americas\shard0_15743.jpg,outdoor,Americas,Americas,12,5
Americas\shard0_19364.jpg,outdoor,Americas,Americas,11,8
Americas\shard0_25322.jpg,outdoor,Americas,Americas,11,2
Americas\shard0_11592.jpg,outdoor,Americas,Americas,13,5
Americas\shard0_23823.jpg,outdoor,Americas,Americas,12,5
Americas\shard0_18896.jpg,outdoor,Americas,Americas,13,8
Americas\shard0_04715.jpg,outdoor,Americas,Americas,14,6
Americas\shard0_09108.jpg,outdoor,Americas,Americas,12,6
Americas\shard0_10763.jpg,outdoor,Americas,Americas,13,11
Americas\shard0_08862.jpg,outdoor,Americas,Americas,12,9
Americas\shard0_29670.jpg,outdoor,Americas,Americas,13,10
Americas\shard0_00922.jpg,outdoor,Americas,Americas,13,9
Americas\shard0_04410.jpg,outdoor,Americas,Americas,12,5
Americas\shard0_08472.jpg,outdoor,Americas,Americas,13,9
Americas\shard0_24276.jpg,outdoor,Americas,Americas,13,9
Americas\shard0_06242.jpg,outdoor,Americas,Americas,12,5
Americas\shard0_09536.jpg,outdoor,Americas,Americas,14,5
Americas\shard0_02999.jpg,outdoor,Americas,Americas,12,7
Americas\shard0_04897.jpg,outdoor,Americas,Americas,6,13
Americas\shard0_17075.jpg,outdoor,Americas,Americas,12,6
Americas\shard0_07834.jpg,outdoor,Americas,Americas,13,5
Americas\shard0_25886.jpg,outdoor,Americas,Americas,12,6
Americas\shard0_11613.jpg,outdoor,Americas,Americas,10,2
Americas\shard0_15326.jpg,outdoor,Americas,Americas,12,5
Americas\shard0_04520.jpg,outdoor,Americas,Americas,6,13
Americas\shard0_09880.jpg,outdoor,Americas,Americas,13,9
Americas\shard0_19796.jpg,outdoor,Americas,Americas,12,6
Americas\shard0_29599.jpg,outdoor,Americas,Americas,13,10
Americas\shard0_01282.jpg,outdoor,Americas,Americas,12,8
Americas\shard0_11685.jpg,outdoor,Americas,Americas,13,9
Americas\shard0_09982.jpg,outdoor,Americas,Americas,13,5
Americas\shard0_21171.jpg,outdoor,Americas,Americas,13,9
Americas\shard0_11206.jpg,outdoor,Americas,Americas,13,10
Americas\shard0_09456.jpg,outdoor,Americas,Americas,13,5
Americas\shard0_13700.jpg,outdoor,Americas,Americas,12,9
Americas\shard0_24767.jpg,outdoor,Americas,Americas,13,10
Americas\shard0_17428.jpg,outdoor,Americas,Americas,12,5
Americas\shard0_06369.jpg,outdoor,Americas,Americas,13,9
Americas\shard0_20941.jpg,outdoor,Americas,Americas,6,13
Americas\shard0_11074.jpg,outdoor,Americas,Americas,12,8
Americas\shard0_19032.jpg,outdoor,Americas,Americas,12,5
Americas\shard0_21743.jpg,outdoor,Americas,Americas,12,6
Americas\shard0_01811.jpg,outdoor,Americas,Americas,12,8
Americas\shard0_18674.jpg,outdoor,Americas,Americas,9,10
Americas\shard0_05677.jpg,outdoor,Americas,Americas,13,5
Americas\shard0_16345.jpg,outdoor,Americas,Americas,5,12
Americas\shard0_01461.jpg,outdoor,Americas,Americas,13,5
Americas\shard0_24011.jpg,outdoor,Americas,Americas,13,9
Americas\shard0_23705.jpg,outdoor,Americas,Americas,13,10
Americas\shard0_10787.jpg,outdoor,Americas,Americas,7,10
Americas\shard0_00097.jpg,outdoor,Americas,Americas,12,8
Americas\shard0_09012.jpg,outdoor,Americas,Americas,11,9
Americas\shard0_07344.jpg,outdoor,Americas,Americas,13,5
Americas\shard0_03010.jpg,outdoor,Americas,Americas,13,10
Americas\shard0_21371.jpg,outdoor,Americas,Americas,11,9
Americas\shard0_12133.jpg,outdoor,Americas,Americas,12,10
Americas\shard0_06074.jpg,outdoor,Americas,Americas,12,9
Americas\shard0_24219.jpg,outdoor,Americas,Americas,12,10
Americas\shard0_10837.jpg,outdoor,Americas,Americas,12,7
Americas\shard0_16440.jpg,outdoor,Americas,Americas,12,6
Americas\shard0_10158.jpg,outdoor,Americas,Americas,12,10
Americas\shard0_01858.jpg,outdoor,Americas,Americas,13,10
Americas\shard0_18392.jpg,outdoor,Americas,Americas,13,9
Americas\shard0_17973.jpg,outdoor,Americas,Americas,12,6
Americas\shard0_06629.jpg,outdoor,Americas,Americas,12,5
Americas\shard0_16096.jpg,outdoor,Americas,Americas,13,10
Americas\shard0_01136.jpg,outdoor,Americas,Americas,13,6
Americas\shard0_15553.jpg,outdoor,Americas,Americas,12,8
Americas\shard0_20750.jpg,outdoor,Americas,Americas,14,6
Americas\shard0_11348.jpg,outdoor,Americas,Americas,12,10
Americas\shard0_06039.jpg,outdoor,Americas,Americas,10,9
Americas\shard0_19867.jpg,outdoor,Americas,Americas,13,9
Americas\shard0_02489.jpg,outdoor,Americas,Americas,12,10
Americas\shard0_24200.jpg,outdoor,Americas,Americas,13,10
Americas\shard0_29708.jpg,outdoor,Americas,Americas,11,10
Americas\shard0_28092.jpg,outdoor,Americas,Americas,11,7
Americas\shard0_19301.jpg,outdoor,Americas,Americas,13,7
Americas\shard0_15214.jpg,outdoor,Americas,Americas,12,9
Americas\shard0_18924.jpg,outdoor,Americas,Americas,14,6
Americas\shard0_13151.jpg,outdoor,Americas,Americas,13,10
Americas\shard0_26481.jpg,outdoor,Americas,Americas,9,9
Americas\shard0_11176.jpg,outdoor,Americas,Americas,12,8
Americas\shard0_21895.jpg,outdoor,Americas,Americas,13,10
Americas\shard0_26937.jpg,outdoor,Americas,Americas,13,6
Americas\shard0_17893.jpg,outdoor,Americas,Americas,12,8
Americas\shard0_17513.jpg,outdoor,Americas,Americas,13,8
Americas\shard0_28919.jpg,outdoor,Americas,Americas,13,5
Americas\shard0_02934.jpg,outdoor,Americas,Americas,7,14
Americas\shard0_29206.jpg,outdoor,Americas,Americas,13,10
Americas\shard0_14140.jpg,outdoor,Americas,Americas,12,7
Americas\shard0_22874.jpg,outdoor,Americas,Americas,13,5
Americas\shard0_17979.jpg,outdoor,Americas,Americas,13,7
Americas\shard0_12554.jpg,outdoor,Americas,Americas,13,9
Americas\shard0_16165.jpg,outdoor,Americas,Americas,13,9
Americas\shard0_17748.jpg,outdoor,Americas,Americas,12,6
Americas\shard0_09773.jpg,outdoor,Americas,Americas,6,13
Americas\shard0_28862.jpg,outdoor,Americas,Americas,13,10
Americas\shard0_10137.jpg,outdoor,Americas,Americas,12,7
Americas\shard0_02142.jpg,outdoor,Americas,Americas,5,11
Americas\shard0_02146.jpg,outdoor,Americas,Americas,12,7
Americas\shard0_23132.jpg,outdoor,Americas,Americas,12,5
Americas\shard0_23985.jpg,outdoor,Americas,Americas,13,5
Americas\shard0_23964.jpg,outdoor,Americas,Americas,13,10
Americas\shard0_22204.jpg,outdoor,Americas,Americas,12,5
Americas\shard0_03339.jpg,outdoor,Americas,Americas,13,10
Americas\shard0_23162.jpg,outdoor,Americas,Americas,12,9
Americas\shard0_20044.jpg,outdoor,Americas,Americas,12,5
Americas\shard0_02801.jpg,outdoor,Americas,Americas,11,9
Americas\shard0_21991.jpg,outdoor,Americas,Americas,13,7
Americas\shard0_09627.jpg,outdoor,Americas,Americas,13,10
Americas\shard0_01492.jpg,outdoor,Americas,Americas,13,9
Americas\shard0_24211.jpg,outdoor,Americas,Americas,11,6
Americas\shard0_18530.jpg,outdoor,Americas,Americas,12,5
Americas\shard0_01533.jpg,outdoor,Americas,Americas,12,6
Americas\shard0_09721.jpg,outdoor,Americas,Americas,13,9
Americas\shard0_22403.jpg,outdoor,Americas,Americas,13,10
Americas\shard0_07213.jpg,outdoor,Americas,Americas,13,9
Americas\shard0_28668.jpg,outdoor,Americas,Americas,4,10
Americas\shard0_15925.jpg,outdoor,Americas,Americas,12,10
Americas\shard0_04175.jpg,outdoor,Americas,Americas,13,6
Americas\shard0_26794.jpg,outdoor,Americas,Americas,13,10
Americas\shard0_27978.jpg,outdoor,Americas,Americas,13,6
Americas\shard0_22427.jpg,outdoor,Americas,Americas,13,10
Americas\shard0_01459.jpg,outdoor,Americas,Americas,13,5
Americas\shard0_16851.jpg,outdoor,Americas,Americas,13,5
Americas\shard0_19793.jpg,outdoor,Americas,Americas,13,10
Americas\shard0_05470.jpg,outdoor,Americas,Americas,13,5
Americas\shard0_20586.jpg,outdoor,Americas,Americas,12,8
Americas\shard0_16150.jpg,outdoor,Americas,Americas,12,10
Americas\shard0_25124.jpg,outdoor,Americas,Americas,13,10
Americas\shard0_11287.jpg,outdoor,Americas,Americas,10,10
Americas\shard0_14972.jpg,outdoor,Americas,Americas,12,10
Americas\shard0_08916.jpg,outdoor,Americas,Americas,13,9
Americas\shard0_03307.jpg,outdoor,Americas,Americas,12,8
Americas\shard0_27397.jpg,outdoor,Americas,Americas,6,13
Americas\shard0_15667.jpg,outdoor,Americas,Americas,12,6
Americas\shard0_28215.jpg,outdoor,Americas,Americas,11,2
Americas\shard0_27256.jpg,outdoor,Americas,Americas,12,9
Americas\shard0_07423.jpg,outdoor,Americas,Americas,13,10
Americas\shard0_01472.jpg,outdoor,Americas,Americas,13,10
Americas\shard0_19410.jpg,outdoor,Americas,Americas,12,5
Americas\shard0_27669.jpg,outdoor,Americas,Americas,13,10
Americas\shard0_19012.jpg,outdoor,Americas,Americas,13,10
Americas\shard0_00609.jpg,outdoor,Americas,Americas,13,9
Americas\shard0_26170.jpg,outdoor,Americas,Americas,12,7
Americas\shard0_13545.jpg,outdoor,Americas,Americas,12,9
Americas\shard0_23383.jpg,outdoor,Americas,Americas,5,12
Americas\shard0_01643.jpg,outdoor,Americas,Americas,12,6
Americas\shard0_27502.jpg,outdoor,Americas,Americas,12,6
Americas\shard0_15157.jpg,outdoor,Americas,Americas,12,5
Americas\shard0_18388.jpg,outdoor,Americas,Americas,12,10
Americas\shard0_15703.jpg,outdoor,Americas,Americas,5,12
Americas\shard0_14245.jpg,outdoor,Americas,Americas,12,10
Americas\shard0_04497.jpg,outdoor,Americas,Americas,12,6
Americas\shard0_19372.jpg,outdoor,Americas,Americas,12,6
Americas\shard0_03689.jpg,outdoor,Americas,Americas,11,9
Americas\shard0_17213.jpg,outdoor,Americas,Americas,12,6
Americas\shard0_00304.jpg,outdoor,Americas,Americas,12,9
Americas\shard0_09853.jpg,outdoor,Americas,Americas,4,10
Americas\shard0_23792.jpg,outdoor,Americas,Americas,11,2
Americas\shard0_27228.jpg,outdoor,Americas,Americas,12,9
Americas\shard0_27408.jpg,outdoor,Americas,Americas,13,10
Americas\shard0_25963.jpg,outdoor,Americas,Americas,13,10
Americas\shard0_03370.jpg,outdoor,Americas,Americas,12,6
Americas\shard0_09980.jpg,outdoor,Americas,Americas,14,6
Americas\shard0_18020.jpg,outdoor,Americas,Americas,13,5
Americas\shard0_17083.jpg,outdoor,Americas,Americas,12,10
Americas\shard0_19293.jpg,outdoor,Americas,Americas,12,6
Americas\shard0_26758.jpg,outdoor,Americas,Americas,12,7
Americas\shard0_15914.jpg,outdoor,Americas,Americas,13,10
Americas\shard0_29304.jpg,outdoor,Americas,Americas,13,10
Americas\shard0_01720.jpg,outdoor,Americas,Americas,3,11
Americas\shard0_01579.jpg,outdoor,Americas,Americas,13,5
Americas\shard0_22014.jpg,outdoor,Americas,Americas,13,5
Americas\shard0_28148.jpg,outdoor,Americas,Americas,12,9
Americas\shard0_18487.jpg,outdoor,Americas,Americas,12,9
Americas\shard0_11780.jpg,outdoor,Americas,Americas,12,6
Americas\shard0_27269.jpg,outdoor,Americas,Americas,13,8
Americas\shard0_20014.jpg,outdoor,Americas,Americas,12,6
Americas\shard0_15342.jpg,outdoor,Americas,Americas,13,10
Americas\shard0_06496.jpg,outdoor,Americas,Americas,7,10
Americas\shard0_29368.jpg,outdoor,Americas,Americas,11,8
Americas\shard0_19617.jpg,outdoor,Americas,Americas,13,5
Americas\shard0_16845.jpg,outdoor,Americas,Americas,10,9
Americas\shard0_22877.jpg,outdoor,Americas,Americas,10,11
Americas\shard0_28398.jpg,outdoor,Americas,Americas,12,6
Americas\shard0_22937.jpg,outdoor,Americas,Americas,12,5
Americas\shard0_10290.jpg,outdoor,Americas,Americas,12,6
Americas\shard0_10711.jpg,outdoor,Americas,Americas,11,9
Americas\shard0_22994.jpg,outdoor,Americas,Americas,13,6
Americas\shard0_01877.jpg,outdoor,Americas,Americas,12,8
Americas\shard0_00669.jpg,outdoor,Americas,Americas,12,6
Americas\shard0_25794.jpg,outdoor,Americas,Americas,12,10
Americas\shard0_26659.jpg,outdoor,Americas,Americas,13,10
Americas\shard0_28693.jpg,outdoor,Americas,Americas,13,5
Americas\shard0_29689.jpg,outdoor,Americas,Americas,12,10
Americas\shard0_08817.jpg,outdoor,Americas,Americas,11,9
Americas\shard0_13534.jpg,outdoor,Americas,Americas,12,8
Americas\shard0_03904.jpg,outdoor,Americas,Americas,12,5
Americas\shard0_23173.jpg,outdoor,Americas,Americas,13,10
Americas\shard0_10027.jpg,outdoor,Americas,Americas,13,8
Americas\shard0_16279.jpg,outdoor,Americas,Americas,13,8
Americas\shard0_24726.jpg,outdoor,Americas,Americas,13,5
Americas\shard0_07790.jpg,outdoor,Americas,Americas,11,9
Americas\shard0_06944.jpg,outdoor,Americas,Americas,11,8
Americas\shard0_13278.jpg,outdoor,Americas,Americas,13,10
Americas\shard0_24277.jpg,outdoor,Americas,Americas,12,8
Americas\shard0_08934.jpg,outdoor,Americas,Americas,10,9
Americas\shard0_03296.jpg,outdoor,Americas,Americas,12,9
Americas\shard0_06731.jpg,outdoor,Americas,Americas,11,9
Americas\shard0_29094.jpg,outdoor,Americas,Americas,13,10
Americas\shard0_18536.jpg,outdoor,Americas,Americas,6,12
Americas\shard0_29439.jpg,outdoor,Americas,Americas,6,13
Americas\shard0_22832.jpg,outdoor,Americas,Americas,12,6
Americas\shard0_14369.jpg,outdoor,Americas,Americas,12,10
Americas\shard0_03508.jpg,outdoor,Americas,Americas,12,10
Americas\shard0_06237.jpg,outdoor,Americas,Americas,13,9
Americas\shard0_06118.jpg,outdoor,Americas,Americas,12,6
Americas\shard0_09422.jpg,outdoor,Americas,Americas,13,10
Americas\shard0_07309.jpg,outdoor,Americas,Americas,10,8
Americas\shard0_28821.jpg,outdoor,Americas,Americas,8,14
Americas\shard0_01600.jpg,outdoor,Americas,Americas,12,9
Americas\shard0_03803.jpg,outdoor,Americas,Americas,12,6
Americas\shard0_15675.jpg,outdoor,Americas,Americas,13,5
Americas\shard0_26610.jpg,outdoor,Americas,Americas,9,11
Americas\shard0_05137.jpg,outdoor,Americas,Americas,13,10
Americas\shard0_18642.jpg,outdoor,Americas,Americas,13,5
Americas\shard0_20139.jpg,outdoor,Americas,Americas,8,10
Americas\shard0_09331.jpg,outdoor,Americas,Americas,11,7
Americas\shard0_01838.jpg,outdoor,Americas,Americas,13,10
Americas\shard0_08564.jpg,outdoor,Americas,Americas,13,9
Americas\shard0_02961.jpg,outdoor,Americas,Americas,13,10
Americas\shard0_23419.jpg,outdoor,Americas,Americas,14,6
Americas\shard0_08579.jpg,outdoor,Americas,Americas,13,10
Americas\shard0_11963.jpg,outdoor,Americas,Americas,11,10
Americas\shard0_21850.jpg,outdoor,Americas,Americas,12,6
Americas\shard0_19086.jpg,outdoor,Americas,Americas,12,6
Americas\shard0_25873.jpg,outdoor,Americas,Americas,13,6
Americas\shard0_08280.jpg,outdoor,Americas,Americas,13,6
Americas\shard0_22179.jpg,outdoor,Americas,Americas,13,12
Americas\shard0_10969.jpg,outdoor,Americas,Americas,12,10
Americas\shard0_13335.jpg,outdoor,Americas,Americas,13,5
Americas\shard0_15803.jpg,outdoor,Americas,Americas,6,11
Americas\shard0_03633.jpg,outdoor,Americas,Americas,12,9
Americas\shard0_02219.jpg,outdoor,Americas,Americas,13,10
Americas\shard0_16329.jpg,outdoor,Americas,Americas,11,8
Americas\shard0_18413.jpg,outdoor,Americas,Americas,13,10
Americas\shard0_16108.jpg,outdoor,Americas,Americas,13,10
Americas\shard0_23739.jpg,outdoor,Americas,Americas,8,13
Americas\shard0_24380.jpg,outdoor,Americas,Americas,5,12
Americas\shard0_20293.jpg,outdoor,Americas,Americas,13,9
Americas\shard0_13027.jpg,outdoor,Americas,Americas,13,6
Americas\shard0_11102.jpg,outdoor,Americas,Americas,11,8
Americas\shard0_04559.jpg,outdoor,Americas,Americas,13,8
Americas\shard0_08603.jpg,outdoor,Americas,Americas,5,11
Americas\shard0_11110.jpg,outdoor,Americas,Americas,13,10
Americas\shard0_24344.jpg,outdoor,Americas,Americas,12,9
Americas\shard0_00965.jpg,outdoor,Americas,Americas,12,9
Americas\shard0_04922.jpg,outdoor,Americas,Americas,13,5
Americas\shard0_24666.jpg,outdoor,Americas,Americas,13,9
Americas\shard0_18710.jpg,outdoor,Americas,Americas,12,5
Americas\shard0_21738.jpg,outdoor,Americas,Americas,12,6
Americas\shard0_22129.jpg,outdoor,Americas,Americas,11,9
Americas\shard0_22792.jpg,outdoor,Americas,Americas,13,10
Americas\shard0_13108.jpg,outdoor,Americas,Americas,12,6
Americas\shard0_25468.jpg,outdoor,Americas,Americas,13,5
Americas\shard0_19993.jpg,outdoor,Americas,Americas,12,10
Americas\shard0_17192.jpg,outdoor,Americas,Americas,12,9
Americas\shard0_13702.jpg,outdoor,Americas,Americas,13,9
Americas\shard0_26584.jpg,outdoor,Americas,Americas,5,10
Americas\shard0_17917.jpg,outdoor,Americas,Americas,9,10
Americas\shard0_25580.jpg,outdoor,Americas,Americas,12,8
Americas\shard0_14070.jpg,outdoor,Americas,Americas,12,6
Americas\shard0_08010.jpg,outdoor,Americas,Americas,13,11
Americas\shard0_02467.jpg,outdoor,Americas,Americas,13,9
Americas\shard0_12044.jpg,outdoor,Americas,Americas,13,5
Americas\shard0_18214.jpg,outdoor,Americas,Americas,12,9
Americas\shard0_02295.jpg,outdoor,Americas,Americas,9,10
Americas\shard0_23196.jpg,outdoor,Americas,Americas,12,5
Americas\shard0_00995.jpg,outdoor,Americas,Americas,13,10
Americas\shard0_19439.jpg,outdoor,Americas,Americas,12,10
Americas\shard0_25675.jpg,outdoor,Americas,Americas,12,7
Americas\shard0_01638.jpg,outdoor,Americas,Americas,13,10
Americas\shard0_06429.jpg,outdoor,Americas,Americas,6,13
Americas\shard0_01051.jpg,outdoor,Americas,Americas,13,10
Americas\shard0_19836.jpg,outdoor,Americas,Americas,13,9
Americas\shard0_29706.jpg,outdoor,Americas,Americas,13,10
Americas\shard0_07507.jpg,outdoor,Americas,Americas,13,9
Americas\shard0_07642.jpg,outdoor,Americas,Americas,12,7
Americas\shard0_10978.jpg,outdoor,Americas,Americas,13,10
Americas\shard0_19901.jpg,outdoor,Americas,Americas,13,10
Americas\shard0_01392.jpg,outdoor,Americas,Americas,13,5
Americas\shard0_20593.jpg,outdoor,Americas,Americas,12,5
Americas\shard0_07158.jpg,outdoor,Americas,Americas,13,6
Americas\shard0_16330.jpg,outdoor,Americas,Americas,9,10
Americas\shard0_29655.jpg,outdoor,Americas,Americas,14,6
Americas\shard0_12322.jpg,outdoor,Americas,Americas,5,12
Americas\shard0_06829.jpg,outdoor,Americas,Americas,9,10
Americas\shard0_24392.jpg,outdoor,Americas,Americas,12,6
Americas\shard0_26426.jpg,outdoor,Americas,Americas,12,5
Americas\shard0_27585.jpg,outdoor,Americas,Americas,5,10
Americas\shard0_07793.jpg,outdoor,Americas,Americas,12,9
Americas\shard0_17736.jpg,outdoor,Americas,Americas,10,10
Americas\shard0_23425.jpg,outdoor,Americas,Americas,6,13
Americas\shard0_24111.jpg,outdoor,Americas,Americas,12,8
Americas\shard0_27856.jpg,outdoor,Americas,Americas,12,9
Americas\shard0_01467.jpg,outdoor,Americas,Americas,13,10
Americas\shard0_29608.jpg,outdoor,Americas,Americas,13,5
Americas\shard0_26789.jpg,outdoor,Americas,Americas,13,5
Americas\shard0_19472.jpg,outdoor,Americas,Americas,12,6
Americas\shard0_23708.jpg,outdoor,Americas,Americas,12,5
Americas\shard0_28109.jpg,outdoor,Americas,Americas,13,7
Americas\shard0_11278.jpg,outdoor,Americas,Americas,13,5
Americas\shard0_20658.jpg,outdoor,Americas,Americas,6,12
Americas\shard0_28487.jpg,outdoor,Americas,Americas,5,10
Americas\shard0_13532.jpg,outdoor,Americas,Americas,13,9
Americas\shard0_27448.jpg,outdoor,Americas,Americas,9,10
Americas\shard0_09189.jpg,outdoor,Americas,Americas,9,10
Americas\shard0_02695.jpg,outdoor,Americas,Americas,12,9
Americas\shard0_10964.jpg,outdoor,Americas,Americas,10,8
Americas\shard0_11754.jpg,outdoor,Americas,Americas,13,7
Americas\shard0_24055.jpg,outdoor,Americas,Americas,12,10
Americas\shard0_19345.jpg,outdoor,Americas,Americas,5,10
Americas\shard0_21648.jpg,outdoor,Americas,Americas,13,5
Americas\shard0_20953.jpg,outdoor,Americas,Americas,6,12
Americas\shard0_10194.jpg,outdoor,Americas,Americas,13,10
Americas\shard0_22643.jpg,outdoor,Americas,Americas,12,5
Americas\shard0_15864.jpg,outdoor,Americas,Americas,12,7
Americas\shard0_17033.jpg,outdoor,Americas,Americas,12,6
Americas\shard0_20074.jpg,outdoor,Americas,Americas,12,5
Americas\shard0_18526.jpg,outdoor,Americas,Americas,13,9
Americas\shard0_06664.jpg,outdoor,Americas,Americas,13,11
Americas\shard0_10525.jpg,outdoor,Americas,Americas,9,10
Americas\shard0_16999.jpg,outdoor,Americas,Americas,13,10
Americas\shard0_05413.jpg,outdoor,Americas,Americas,7,10
Americas\shard0_11722.jpg,outdoor,Americas,Americas,12,6
Americas\shard0_12455.jpg,outdoor,Americas,Americas,13,10
Americas\shard0_27237.jpg,outdoor,Americas,Americas,12,5
Americas\shard0_23561.jpg,outdoor,Americas,Americas,13,10
Americas\shard0_18265.jpg,outdoor,Americas,Americas,11,8
Americas\shard0_21977.jpg,outdoor,Americas,Americas,13,10
Americas\shard0_13444.jpg,outdoor,Americas,Americas,13,10
Americas\shard0_26634.jpg,outdoor,Americas,Americas,12,9
Americas\shard0_29611.jpg,outdoor,Americas,Americas,11,9
Americas\shard0_07681.jpg,outdoor,Americas,Americas,7,10
Americas\shard0_12479.jpg,outdoor,Americas,Americas,13,8
Americas\shard0_22452.jpg,outdoor,Americas,Americas,12,9
Americas\shard0_25145.jpg,outdoor,Americas,Americas,11,2
Americas\shard0_10877.jpg,outdoor,Americas,Americas,11,9
Americas\shard0_11284.jpg,outdoor,Americas,Americas,12,9
Americas\shard0_25055.jpg,outdoor,Americas,Americas,10,8
Americas\shard0_29978.jpg,outdoor,Americas,Americas,12,9
Americas\shard0_03022.jpg,outdoor,Americas,Americas,12,5
Americas\shard0_13373.jpg,outdoor,Americas,Americas,12,7
Americas\shard0_25413.jpg,outdoor,Americas,Americas,13,10
Americas\shard0_23290.jpg,outdoor,Americas,Americas,13,9
Americas\shard0_00264.jpg,outdoor,Americas,Americas,9,9
Americas\shard0_19498.jpg,outdoor,Americas,Americas,13,10
Americas\shard0_27888.jpg,outdoor,Americas,Americas,13,10
Americas\shard0_05196.jpg,outdoor,Americas,Americas,13,8
Americas\shard0_11453.jpg,outdoor,Americas,Americas,13,10
Americas\shard0_04901.jpg,outdoor,Americas,Americas,11,8
Americas\shard0_05453.jpg,outdoor,Americas,Americas,13,10
Americas\shard0_26670.jpg,outdoor,Americas,Americas,12,8
Americas\shard0_26215.jpg,outdoor,Americas,Americas,12,5
Americas\shard0_14587.jpg,outdoor,Americas,Americas,13,5
Americas\shard0_17595.jpg,outdoor,Americas,Americas,13,6
Americas\shard0_07065.jpg,outdoor,Americas,Americas,12,10
Americas\shard0_17127.jpg,outdoor,Americas,Americas,12,8
Americas\shard0_16352.jpg,outdoor,Americas,Americas,13,10
Americas\shard0_19134.jpg,outdoor,Americas,Americas,12,6
Americas\shard0_05929.jpg,outdoor,Americas,Americas,11,9
Americas\shard0_29902.jpg,outdoor,Americas,Americas,13,10
Americas\shard0_01784.jpg,outdoor,Americas,Americas,12,9
Americas\shard0_04794.jpg,outdoor,Americas,Americas,5,10
Americas\shard0_11621.jpg,outdoor,Americas,Americas,12,6
Americas\shard0_24304.jpg,outdoor,Americas,Americas,13,10
Americas\shard0_02798.jpg,outdoor,Americas,Americas,13,5
Americas\shard0_06935.jpg,outdoor,Americas,Americas,6,13
Americas\shard0_22395.jpg,outdoor,Americas,Americas,12,10
Americas\shard0_22501.jpg,outdoor,Americas,Americas,12,8
Americas\shard0_12586.jpg,outdoor,Americas,Americas,4,10
Americas\shard0_15409.jpg,outdoor,Americas,Americas,14,6
Americas\shard0_22638.jpg,outdoor,Americas,Americas,13,10
Americas\shard0_02672.jpg,outdoor,Americas,Americas,12,7
Americas\shard0_05487.jpg,outdoor,Americas,Americas,13,5
Americas\shard0_20200.jpg,outdoor,Americas,Americas,7,13
Americas\shard0_01979.jpg,outdoor,Americas,Americas,5,12
Americas\shard0_07089.jpg,outdoor,Americas,Americas,13,9
Americas\shard0_06518.jpg,outdoor,Americas,Americas,10,8
Americas\shard0_13352.jpg,outdoor,Americas,Americas,13,10
Americas\shard0_25721.jpg,outdoor,Americas,Americas,13,10
Americas\shard0_14254.jpg,outdoor,Americas,Americas,9,10
Americas\shard0_16115.jpg,outdoor,Americas,Americas,13,5
Americas\shard0_18236.jpg,outdoor,Americas,Americas,5,11
Americas\shard0_20860.jpg,outdoor,Americas,Americas,11,10
Americas\shard0_14051.jpg,outdoor,Americas,Americas,13,8
Americas\shard0_04666.jpg,outdoor,Americas,Americas,12,5
Americas\shard0_11600.jpg,outdoor,Americas,Americas,12,6
Americas\shard0_07381.jpg,outdoor,Americas,Americas,12,9
Americas\shard0_10632.jpg,outdoor,Americas,Americas,12,9
Americas\shard0_28309.jpg,outdoor,Americas,Americas,13,5
Americas\shard0_13571.jpg,outdoor,Americas,Americas,13,5
Americas\shard0_17461.jpg,outdoor,Americas,Americas,5,11
Americas\shard0_26648.jpg,outdoor,Americas,Americas,6,13
Americas\shard0_28306.jpg,outdoor,Americas,Americas,13,6
Americas\shard0_23830.jpg,outdoor,Americas,Americas,12,10
Americas\shard0_23515.jpg,outdoor,Americas,Americas,12,7
Americas\shard0_06264.jpg,outdoor,Americas,Americas,13,9
Americas\shard0_08088.jpg,outdoor,Americas,Americas,12,6
Americas\shard0_07897.jpg,outdoor,Americas,Americas,13,5
Americas\shard0_17392.jpg,outdoor,Americas,Americas,12,10
Americas\shard0_06577.jpg,outdoor,Americas,Americas,8,9
Americas\shard0_00151.jpg,outdoor,Americas,Americas,13,7
Americas\shard0_01805.jpg,outdoor,Americas,Americas,13,10
Americas\shard0_10306.jpg,outdoor,Americas,Americas,12,9
Americas\shard0_16025.jpg,outdoor,Americas,Americas,12,6
Americas\shard0_13873.jpg,outdoor,Americas,Americas,5,10
Americas\shard0_05688.jpg,outdoor,Americas,Americas,13,8
Americas\shard0_21836.jpg,outdoor,Americas,Americas,13,10
Americas\shard0_19488.jpg,outdoor,Americas,Americas,12,5
Americas\shard0_14932.jpg,outdoor,Americas,Americas,12,5
Americas\shard0_09371.jpg,outdoor,Americas,Americas,6,13
Americas\shard0_11620.jpg,outdoor,Americas,Americas,11,2
Americas\shard0_17621.jpg,outdoor,Americas,Americas,14,6
Americas\shard0_28916.jpg,outdoor,Americas,Americas,7,12
Americas\shard0_07443.jpg,outdoor,Americas,Americas,12,5
Americas\shard0_21476.jpg,outdoor,Americas,Americas,13,10
Americas\shard0_07519.jpg,outdoor,Americas,Americas,13,10
Americas\shard0_21729.jpg,outdoor,Americas,Americas,12,9
Americas\shard0_23674.jpg,outdoor,Americas,Americas,14,6
Americas\shard0_15939.jpg,outdoor,Americas,Americas,13,9
Americas\shard0_01505.jpg,outdoor,Americas,Americas,13,11
Americas\shard0_29977.jpg,outdoor,Americas,Americas,13,5
Americas\shard0_28234.jpg,outdoor,Americas,Americas,12,10
Americas\shard0_00580.jpg,outdoor,Americas,Americas,12,10
Americas\shard0_19378.jpg,outdoor,Americas,Americas,13,9
Americas\shard0_27749.jpg,outdoor,Americas,Americas,12,6
Americas\shard0_24513.jpg,outdoor,Americas,Americas,13,10
Americas\shard0_03057.jpg,outdoor,Americas,Americas,12,10
Americas\shard0_13911.jpg,outdoor,Americas,Americas,12,6
Americas\shard0_26293.jpg,outdoor,Americas,Americas,13,10
Americas\shard0_19428.jpg,outdoor,Americas,Americas,11,2
Americas\shard0_20686.jpg,outdoor,Americas,Americas,13,5
Americas\shard0_01639.jpg,outdoor,Americas,Americas,11,8
Americas\shard0_00095.jpg,outdoor,Americas,Americas,11,8
Americas\shard0_04377.jpg,outdoor,Americas,Americas,12,8
Americas\shard0_10557.jpg,outdoor,Americas,Americas,13,10
Americas\shard0_11184.jpg,outdoor,Americas,Americas,13,6
Americas\shard0_10464.jpg,outdoor,Americas,Americas,5,11
Americas\shard0_23929.jpg,outdoor,Americas,Americas,12,10
Americas\shard0_00167.jpg,outdoor,Americas,Americas,6,11
Americas\shard0_12537.jpg,outdoor,Americas,Americas,13,5
Americas\shard0_14719.jpg,outdoor,Americas,Americas,12,6
Americas\shard0_13254.jpg,outdoor,Americas,Americas,12,5
Americas\shard0_14683.jpg,outdoor,Americas,Americas,13,6
Americas\shard0_19311.jpg,outdoor,Americas,Americas,13,10
Americas\shard0_00042.jpg,outdoor,Americas,Americas,13,10
Americas\shard0_05134.jpg,outdoor,Americas,Americas,4,10
Americas\shard0_08551.jpg,outdoor,Americas,Americas,5,10
Americas\shard0_10989.jpg,outdoor,Americas,Americas,13,9
Americas\shard0_12649.jpg,outdoor,Americas,Americas,13,8
Americas\shard0_16941.jpg,outdoor,Americas,Americas,13,5
Americas\shard0_04476.jpg,outdoor,Americas,Americas,13,10
Americas\shard0_16875.jpg,outdoor,Americas,Americas,12,5
Americas\shard0_13148.jpg,outdoor,Americas,Americas,13,9
Americas\shard0_04168.jpg,outdoor,Americas,Americas,8,10
Americas\shard0_12733.jpg,outdoor,Americas,Americas,12,10
Americas\shard0_13233.jpg,outdoor,Americas,Americas,13,10
Americas\shard0_14559.jpg,outdoor,Americas,Americas,13,9
Americas\shard0_20901.jpg,outdoor,Americas,Americas,9,10
Americas\shard0_03152.jpg,outdoor,Americas,Americas,13,10
Americas\shard0_19315.jpg,outdoor,Americas,Americas,12,9
Americas\shard0_06420.jpg,outdoor,Americas,Americas,12,9
Americas\shard0_12679.jpg,outdoor,Americas,Americas,12,6
Americas\shard0_17503.jpg,outdoor,Americas,Americas,13,10
Americas\shard0_03987.jpg,outdoor,Americas,Americas,11,8
Americas\shard0_24847.jpg,outdoor,Americas,Americas,13,10
Americas\shard0_17996.jpg,outdoor,Americas,Americas,13,11
Americas\shard0_27510.jpg,outdoor,Americas,Americas,11,9
Americas\shard0_23149.jpg,outdoor,Americas,Americas,10,9
Americas\shard0_12272.jpg,outdoor,Americas,Americas,13,10
Americas\shard0_07251.jpg,outdoor,Americas,Americas,13,9
Americas\shard0_23521.jpg,outdoor,Americas,Americas,10,8
Americas\shard0_03514.jpg,outdoor,Americas,Americas,12,6
Americas\shard0_06035.jpg,outdoor,Americas,Americas,13,10
Americas\shard0_16245.jpg,outdoor,Americas,Americas,12,9
Americas\shard0_26756.jpg,outdoor,Americas,Americas,12,6
Americas\shard0_03658.jpg,outdoor,Americas,Americas,12,8
Americas\shard0_04362.jpg,outdoor,Americas,Americas,12,6
Americas\shard0_21911.jpg,outdoor,Americas,Americas,14,6
Americas\shard0_18078.jpg,outdoor,Americas,Americas,12,7
Americas\shard0_07306.jpg,outdoor,Americas,Americas,12,10
Americas\shard0_07404.jpg,outdoor,Americas,Americas,12,10
Americas\shard0_20095.jpg,outdoor,Americas,Americas,13,9
Americas\shard0_13852.jpg,outdoor,Americas,Americas,13,10
Americas\shard0_27040.jpg,outdoor,Americas,Americas,12,6
Americas\shard0_05951.jpg,outdoor,Americas,Americas,12,8
Americas\shard0_28523.jpg,outdoor,Americas,Americas,12,5
Americas\shard0_14071.jpg,outdoor,Americas,Americas,12,9
Americas\shard0_20816.jpg,outdoor,Americas,Americas,12,9
Americas\shard0_22723.jpg,outdoor,Americas,Americas,13,5
Americas\shard0_14083.jpg,outdoor,Americas,Americas,13,9
Americas\shard0_24387.jpg,outdoor,Americas,Americas,13,10
Americas\shard0_03011.jpg,outdoor,Americas,Americas,13,5
Americas\shard0_27296.jpg,outdoor,Americas,Americas,13,10
Americas\shard0_14365.jpg,outdoor,Americas,Americas,13,9
Americas\shard0_16079.jpg,outdoor,Americas,Americas,12,6
Americas\shard0_10549.jpg,outdoor,Americas,Americas,12,10
Americas\shard0_05850.jpg,outdoor,Americas,Americas,13,6
Americas\shard0_27761.jpg,outdoor,Americas,Americas,12,5
Americas\shard0_24431.jpg,outdoor,Americas,Americas,13,10
Americas\shard0_19454.jpg,outdoor,Americas,Americas,11,9
Americas\shard0_24877.jpg,outdoor,Americas,Americas,13,10
Americas\shard0_04289.jpg,outdoor,Americas,Americas,12,5
Americas\shard0_23569.jpg,outdoor,Americas,Americas,7,10
Americas\shard0_27007.jpg,outdoor,Americas,Americas,12,9
Americas\shard0_25637.jpg,outdoor,Americas,Americas,12,6
Americas\shard0_28866.jpg,outdoor,Americas,Americas,14,6
Americas\shard0_17806.jpg,outdoor,Americas,Americas,13,10
Americas\shard0_15320.jpg,outdoor,Americas,Americas,12,6
Americas\shard0_10872.jpg,outdoor,Americas,Americas,13,11
Americas\shard0_16998.jpg,outdoor,Americas,Americas,7,14
Americas\shard0_05239.jpg,outdoor,Americas,Americas,13,8
Americas\shard0_18383.jpg,outdoor,Americas,Americas,13,10
Americas\shard0_06774.jpg,outdoor,Americas,Americas,13,9
Americas\shard0_24716.jpg,outdoor,Americas,Americas,13,10
Americas\shard0_07900.jpg,outdoor,Americas,Americas,13,10
Americas\shard0_04411.jpg,outdoor,Americas,Americas,12,6
Americas\shard0_00522.jpg,outdoor,Americas,Americas,12,10
Americas\shard0_06013.jpg,outdoor,Americas,Americas,13,5
Americas\shard0_22755.jpg,outdoor,Americas,Americas,13,10
Americas\shard0_19610.jpg,outdoor,Americas,Americas,11,7
Americas\shard0_03838.jpg,outdoor,Americas,Americas,12,10
Americas\shard0_12364.jpg,outdoor,Americas,Americas,12,9
Americas\shard0_25009.jpg,outdoor,Americas,Americas,14,6
Americas\shard0_19329.jpg,outdoor,Americas,Americas,12,5
Americas\shard0_28408.jpg,outdoor,Americas,Americas,13,10
Americas\shard0_25535.jpg,outdoor,Americas,Americas,12,6
Americas\shard0_14157.jpg,outdoor,Americas,Americas,12,9
Americas\shard0_05278.jpg,outdoor,Americas,Americas,12,9
Americas\shard0_16961.jpg,outdoor,Americas,Americas,13,10
Americas\shard0_26737.jpg,outdoor,Americas,Americas,12,9
Americas\shard0_17891.jpg,outdoor,Americas,Americas,12,7
Americas\shard0_25467.jpg,outdoor,Americas,Americas,13,10
Americas\shard0_05434.jpg,outdoor,Americas,Americas,7,14
Americas\shard0_10011.jpg,outdoor,Americas,Americas,12,8
Americas\shard0_12127.jpg,outdoor,Americas,Americas,13,10
Americas\shard0_01095.jpg,outdoor,Americas,Americas,13,5
Americas\shard0_20090.jpg,outdoor,Americas,Americas,12,6
Americas\shard0_04508.jpg,outdoor,Americas,Americas,13,10
Americas\shard0_05400.jpg,outdoor,Americas,Americas,11,9
Americas\shard0_04389.jpg,outdoor,Americas,Americas,13,10
Americas\shard0_16803.jpg,outdoor,Americas,Americas,6,13
Americas\shard0_11112.jpg,outdoor,Americas,Americas,13,9
Americas\shard0_18883.jpg,outdoor,Americas,Americas,12,5
Americas\shard0_04600.jpg,outdoor,Americas,Americas,13,5
Americas\shard0_21871.jpg,outdoor,Americas,Americas,12,6
Americas\shard0_01132.jpg,outdoor,Americas,Americas,12,8
Americas\shard0_04541.jpg,outdoor,Americas,Americas,12,6
Americas\shard0_05818.jpg,outdoor,Americas,Americas,12,6
Americas\shard0_04212.jpg,outdoor,Americas,Americas,12,5
Americas\shard0_10414.jpg,outdoor,Americas,Americas,12,8
Americas\shard0_29702.jpg,outdoor,Americas,Americas,12,6
Americas\shard0_08514.jpg,outdoor,Americas,Americas,13,9
Americas\shard0_23380.jpg,outdoor,Americas,Americas,13,10
Americas\shard0_05619.jpg,outdoor,Americas,Americas,13,9
Americas\shard0_02619.jpg,outdoor,Americas,Americas,5,10
Americas\shard0_28303.jpg,outdoor,Americas,Americas,12,7
Americas\shard0_07719.jpg,outdoor,Americas,Americas,13,5
Americas\shard0_06170.jpg,outdoor,Americas,Americas,11,2
Americas\shard0_24272.jpg,outdoor,Americas,Americas,12,6
Americas\shard0_07069.jpg,outdoor,Americas,Americas,12,5
Americas\shard0_07348.jpg,outdoor,Americas,Americas,11,9
Americas\shard0_15681.jpg,outdoor,Americas,Americas,12,6
Americas\shard0_10282.jpg,outdoor,Americas,Americas,13,8
Americas\shard0_09712.jpg,outdoor,Americas,Americas,13,10
Americas\shard0_29754.jpg,outdoor,Americas,Americas,12,8
Americas\shard0_13871.jpg,outdoor,Americas,Americas,13,5
Americas\shard0_13919.jpg,outdoor,Americas,Americas,14,6
Americas\shard0_05800.jpg,outdoor,Americas,Americas,12,6
Americas\shard0_02384.jpg,outdoor,Americas,Americas,12,10
Americas\shard0_10310.jpg,outdoor,Americas,Americas,13,10
Americas\shard0_05662.jpg,outdoor,Americas,Americas,13,6
Americas\shard0_24257.jpg,outdoor,Americas,Americas,13,5
Americas\shard0_24681.jpg,outdoor,Americas,Americas,14,5
Americas\shard0_08743.jpg,outdoor,Americas,Americas,13,5
Americas\shard0_11640.jpg,outdoor,Americas,Americas,13,10
Americas\shard0_01081.jpg,outdoor,Americas,Americas,13,9
Americas\shard0_02671.jpg,outdoor,Americas,Americas,8,9
Americas\shard0_21835.jpg,outdoor,Americas,Americas,12,7
Americas\shard0_13529.jpg,outdoor,Americas,Americas,12,10
Americas\shard0_15207.jpg,outdoor,Americas,Americas,13,5
Americas\shard0_26046.jpg,outdoor,Americas,Americas,12,10
Americas\shard0_19299.jpg,outdoor,Americas,Americas,12,5
Americas\shard0_17639.jpg,outdoor,Americas,Americas,13,5
Americas\shard0_28239.jpg,outdoor,Americas,Americas,13,7
Americas\shard0_08937.jpg,outdoor,Americas,Americas,12,8
Americas\shard0_19115.jpg,outdoor,Americas,Americas,12,9
Americas\shard0_23273.jpg,outdoor,Americas,Americas,13,6
Americas\shard0_09262.jpg,outdoor,Americas,Americas,12,9
Americas\shard0_00117.jpg,outdoor,Americas,Americas,12,7
Americas\shard0_08923.jpg,outdoor,Americas,Americas,12,7
Americas\shard0_17217.jpg,outdoor,Americas,Americas,12,9
Americas\shard0_26893.jpg,outdoor,Americas,Americas,13,5
Americas\shard0_14024.jpg,outdoor,Americas,Americas,12,5
Americas\shard0_16732.jpg,outdoor,Americas,Americas,13,10
Americas\shard0_00529.jpg,outdoor,Americas,Americas,12,7
Americas\shard0_21844.jpg,outdoor,Americas,Americas,12,5
Americas\shard0_29398.jpg,outdoor,Americas,Americas,13,10
Americas\shard0_20118.jpg,outdoor,Americas,Americas,12,6
Americas\shard0_00053.jpg,outdoor,Americas,Americas,13,6
Americas\shard0_28327.jpg,outdoor,Americas,Americas,13,10
Americas\shard0_19655.jpg,outdoor,Americas,Americas,11,8
Americas\shard0_06844.jpg,outdoor,Americas,Americas,12,5
Americas\shard0_10321.jpg,outdoor,Americas,Americas,12,9
Americas\shard0_20372.jpg,outdoor,Americas,Americas,12,10
Americas\shard0_13417.jpg,outdoor,Americas,Americas,13,10
Americas\shard0_17583.jpg,outdoor,Americas,Americas,13,5
Americas\shard0_10209.jpg,outdoor,Americas,Americas,13,9
Americas\shard0_01515.jpg,outdoor,Americas,Americas,13,6
Americas\shard0_27813.jpg,outdoor,Americas,Americas,12,5
Americas\shard0_25648.jpg,outdoor,Americas,Americas,10,11
Americas\shard0_04096.jpg,outdoor,Americas,Americas,12,8
Americas\shard0_28642.jpg,outdoor,Americas,Americas,4,10
Americas\shard0_20048.jpg,outdoor,Americas,Americas,13,9
Americas\shard0_09417.jpg,outdoor,Americas,Americas,10,9
Americas\shard0_15762.jpg,outdoor,Americas,Americas,13,6
Americas\shard0_27029.jpg,outdoor,Americas,Americas,12,6
Americas\shard0_28903.jpg,outdoor,Americas,Americas,12,5
Americas\shard0_15874.jpg,outdoor,Americas,Americas,13,9
Americas\shard0_02164.jpg,outdoor,Americas,Americas,12,10
Americas\shard0_16265.jpg,outdoor,Americas,Americas,7,10
Americas\shard0_20714.jpg,outdoor,Americas,Americas,10,11
Americas\shard0_05585.jpg,outdoor,Americas,Americas,12,9
Americas\shard0_18827.jpg,outdoor,Americas,Americas,13,10
Americas\shard0_06178.jpg,outdoor,Americas,Americas,13,10
Americas\shard0_17598.jpg,outdoor,Americas,Americas,12,10
Americas\shard0_19282.jpg,outdoor,Americas,Americas,13,8
Americas\shard0_07895.jpg,outdoor,Americas,Americas,13,10
Americas\shard0_13110.jpg,outdoor,Americas,Americas,12,10
Americas\shard0_06426.jpg,outdoor,Americas,Americas,6,13
Americas\shard0_22048.jpg,outdoor,Americas,Americas,13,10
Americas\shard0_29162.jpg,outdoor,Americas,Americas,7,10
Americas\shard0_16723.jpg,outdoor,Americas,Americas,12,8
Americas\shard0_05607.jpg,outdoor,Americas,Americas,12,5
Americas\shard0_20581.jpg,outdoor,Americas,Americas,12,5
Americas\shard0_07609.jpg,outdoor,Americas,Americas,13,9
Americas\shard0_04152.jpg,outdoor,Americas,Americas,13,9
Americas\shard0_23940.jpg,outdoor,Americas,Americas,12,6
Americas\shard0_23773.jpg,outdoor,Americas,Americas,13,5
Americas\shard0_26352.jpg,outdoor,Americas,Americas,10,8
Americas\shard0_27382.jpg,outdoor,Americas,Americas,13,5
Americas\shard0_01622.jpg,outdoor,Americas,Americas,12,6
Americas\shard0_09039.jpg,outdoor,Americas,Americas,5,10
Americas\shard0_28328.jpg,outdoor,Americas,Americas,13,10
Americas\shard0_08671.jpg,outdoor,Americas,Americas,13,5
Americas\shard0_00652.jpg,outdoor,Americas,Americas,13,5
Americas\shard0_17051.jpg,outdoor,Americas,Americas,12,7
Americas\shard0_03913.jpg,outdoor,Americas,Americas,12,6
Americas\shard0_01426.jpg,outdoor,Americas,Americas,6,13
Americas\shard0_19935.jpg,outdoor,Americas,Americas,13,10
Americas\shard0_18185.jpg,outdoor,Americas,Americas,12,10
Americas\shard0_03249.jpg,outdoor,Americas,Americas,12,6
Americas\shard0_13071.jpg,outdoor,Americas,Americas,12,6
Americas\shard0_29813.jpg,outdoor,Americas,Americas,12,10
Americas\shard0_12854.jpg,outdoor,Americas,Americas,13,10
Americas\shard0_01273.jpg,outdoor,Americas,Americas,12,6
Americas\shard0_20359.jpg,outdoor,Americas,Americas,13,5
Americas\shard0_02848.jpg,outdoor,Americas,Americas,13,10
Americas\shard0_08730.jpg,outdoor,Americas,Americas,13,8
Americas\shard0_16055.jpg,outdoor,Americas,Americas,13,8
Americas\shard0_01252.jpg,outdoor,Americas,Americas,13,10
Americas\shard0_10196.jpg,outdoor,Americas,Americas,12,5
Americas\shard0_20944.jpg,outdoor,Americas,Americas,13,7
Americas\shard0_10295.jpg,outdoor,Americas,Americas,10,8
Americas\shard0_16186.jpg,outdoor,Americas,Americas,12,10
Americas\shard0_16701.jpg,outdoor,Americas,Americas,12,6
Americas\shard0_08467.jpg,outdoor,Americas,Americas,13,9
Americas\shard0_26131.jpg,outdoor,Americas,Americas,13,10
Americas\shard0_14989.jpg,outdoor,Americas,Americas,13,10
Americas\shard0_03205.jpg,outdoor,Americas,Americas,13,11
Americas\shard0_15952.jpg,outdoor,Americas,Americas,12,9
Americas\shard0_21486.jpg,outdoor,Americas,Americas,13,5
Americas\shard0_05578.jpg,outdoor,Americas,Americas,12,5
Americas\shard0_22348.jpg,outdoor,Americas,Americas,5,10
Americas\shard0_26331.jpg,outdoor,Americas,Americas,13,10
Americas\shard0_15779.jpg,outdoor,Americas,Americas,13,10
Americas\shard0_09362.jpg,outdoor,Americas,Americas,13,9
Americas\shard0_18065.jpg,outdoor,Americas,Americas,13,6
Americas\shard0_02115.jpg,outdoor,Americas,Americas,13,9
Americas\shard0_26621.jpg,outdoor,Americas,Americas,13,5
Americas\shard0_01660.jpg,outdoor,Americas,Americas,13,10
Americas\shard0_22017.jpg,outdoor,Americas,Americas,13,10
Americas\shard0_29861.jpg,outdoor,Americas,Americas,13,5
Americas\shard0_29602.jpg,outdoor,Americas,Americas,5,10
Americas\shard0_25852.jpg,outdoor,Americas,Americas,12,5
Americas\shard0_00841.jpg,outdoor,Americas,Americas,15,3
Americas\shard0_01848.jpg,outdoor,Americas,Americas,12,8
Americas\shard0_08980.jpg,outdoor,Americas,Americas,13,5
Americas\shard0_10671.jpg,outdoor,Americas,Americas,13,9
Americas\shard0_01017.jpg,outdoor,Americas,Americas,13,11
Americas\shard0_25424.jpg,outdoor,Americas,Americas,12,6
Americas\shard0_04824.jpg,outdoor,Americas,Americas,12,5
Americas\shard0_24161.jpg,outdoor,Americas,Americas,3,11
Americas\shard0_07611.jpg,outdoor,Americas,Americas,11,9
Americas\shard0_17149.jpg,outdoor,Americas,Americas,13,10
Americas\shard0_03062.jpg,outdoor,Americas,Americas,5,12
Americas\shard0_02258.jpg,outdoor,Americas,Americas,10,9
Americas\shard0_06416.jpg,outdoor,Americas,Americas,11,9
Americas\shard0_09951.jpg,outdoor,Americas,Americas,13,10
Americas\shard0_13719.jpg,outdoor,Americas,Americas,13,10
Americas\shard0_28520.jpg,outdoor,Americas,Americas,13,10
Americas\shard0_08465.jpg,outdoor,Americas,Americas,12,5
Americas\shard0_02703.jpg,outdoor,Americas,Americas,12,9
Americas\shard0_01286.jpg,outdoor,Americas,Americas,12,5
Americas\shard0_29629.jpg,outdoor,Americas,Americas,12,10
Americas\shard0_01731.jpg,outdoor,Americas,Americas,13,5
Americas\shard0_23126.jpg,outdoor,Americas,Americas,13,9
Americas\shard0_00425.jpg,outdoor,Americas,Americas,12,8
Americas\shard0_13355.jpg,outdoor,Americas,Americas,12,10
Americas\shard0_18602.jpg,outdoor,Americas,Americas,13,7
Americas\shard0_09504.jpg,outdoor,Americas,Americas,13,5
Americas\shard0_07598.jpg,outdoor,Americas,Americas,13,10
Americas\shard0_00351.jpg,outdoor,Americas,Americas,12,6
Americas\shard0_09827.jpg,outdoor,Americas,Americas,13,10
Americas\shard0_13858.jpg,outdoor,Americas,Americas,12,5
Americas\shard0_22023.jpg,outdoor,Americas,Americas,13,5
Americas\shard0_08558.jpg,outdoor,Americas,Americas,13,8
Americas\shard0_17759.jpg,outdoor,Americas,Americas,13,10
Americas\shard0_12579.jpg,outdoor,Americas,Americas,12,5
Americas\shard0_00010.jpg,outdoor,Americas,Americas,13,11
Americas\shard0_19047.jpg,outdoor,Americas,Americas,13,5
Americas\shard0_04089.jpg,outdoor,Americas,Americas,13,10
Americas\shard0_25487.jpg,outdoor,Americas,Americas,9,9
Americas\shard0_12020.jpg,outdoor,Americas,Americas,13,10
Americas\shard0_02448.jpg,outdoor,Americas,Americas,13,10
Americas\shard0_22125.jpg,outdoor,Americas,Americas,12,10
Americas\shard0_12923.jpg,outdoor,Americas,Americas,6,13
Americas\shard0_10751.jpg,outdoor,Americas,Americas,12,10
Americas\shard0_07064.jpg,outdoor,Americas,Americas,11,7
Americas\shard0_26477.jpg,outdoor,Americas,Americas,12,6
Americas\shard0_00852.jpg,outdoor,Americas,Americas,12,9
Americas\shard0_03330.jpg,outdoor,Americas,Americas,11,9
Americas\shard0_15371.jpg,outdoor,Americas,Americas,13,9
Americas\shard0_23258.jpg,outdoor,Americas,Americas,7,10
Americas\shard0_08927.jpg,outdoor,Americas,Americas,12,6
Americas\shard0_26994.jpg,outdoor,Americas,Americas,12,10
Americas\shard0_07013.jpg,outdoor,Americas,Americas,12,10
Americas\shard0_00676.jpg,outdoor,Americas,Americas,12,6
Americas\shard0_20578.jpg,outdoor,Americas,Americas,13,10
Americas\shard0_15676.jpg,outdoor,Americas,Americas,13,5
Americas\shard0_25697.jpg,outdoor,Americas,Americas,12,6
Americas\shard0_28352.jpg,outdoor,Americas,Americas,4,10
Americas\shard0_08827.jpg,outdoor,Americas,Americas,12,5
Americas\shard0_01090.jpg,outdoor,Americas,Americas,11,9
Americas\shard0_16913.jpg,outdoor,Americas,Americas,13,10
Americas\shard0_18331.jpg,outdoor,Americas,Americas,13,10
Americas\shard0_23737.jpg,outdoor,Americas,Americas,13,10
Americas\shard0_16641.jpg,outdoor,Americas,Americas,12,6
Americas\shard0_01584.jpg,outdoor,Americas,Americas,12,5
Americas\shard0_02410.jpg,outdoor,Americas,Americas,12,9
Americas\shard0_29884.jpg,outdoor,Americas,Americas,12,7
Americas\shard0_27603.jpg,outdoor,Americas,Americas,13,9
Americas\shard0_28602.jpg,outdoor,Americas,Americas,5,12
Americas\shard0_02141.jpg,outdoor,Americas,Americas,13,10
Americas\shard0_07789.jpg,outdoor,Americas,Americas,12,5
Americas\shard0_08234.jpg,outdoor,Americas,Americas,13,10
Americas\shard0_17421.jpg,outdoor,Americas,Americas,13,10
Americas\shard0_14572.jpg,outdoor,Americas,Americas,11,8
Americas\shard0_09871.jpg,outdoor,Americas,Americas,6,13
Americas\shard0_14049.jpg,outdoor,Americas,Americas,13,6
Americas\shard0_02153.jpg,outdoor,Americas,Americas,3,10
Americas\shard0_12964.jpg,outdoor,Americas,Americas,12,10
Americas\shard0_19619.jpg,outdoor,Americas,Americas,6,13
Americas\shard0_17092.jpg,outdoor,Americas,Americas,7,10
Americas\shard0_02969.jpg,outdoor,Americas,Americas,12,9
Americas\shard0_28184.jpg,outdoor,Americas,Americas,13,6
Americas\shard0_19475.jpg,outdoor,Americas,Americas,13,9
Americas\shard0_15934.jpg,outdoor,Americas,Americas,13,10
Americas\shard0_04570.jpg,outdoor,Americas,Americas,12,7
Americas\shard0_02447.jpg,outdoor,Americas,Americas,13,10
Americas\shard0_02132.jpg,outdoor,Americas,Americas,12,5
Americas\shard0_14758.jpg,outdoor,Americas,Americas,12,8
Americas\shard0_16092.jpg,outdoor,Americas,Americas,13,9
Americas\shard0_24581.jpg,outdoor,Americas,Americas,13,10
Americas\shard0_07192.jpg,outdoor,Americas,Americas,13,10
Americas\shard0_15834.jpg,outdoor,Americas,Americas,13,9
Americas\shard0_28511.jpg,outdoor,Americas,Americas,12,6
Americas\shard0_07948.jpg,outdoor,Americas,Americas,12,5
Americas\shard0_03387.jpg,outdoor,Americas,Americas,13,10
Americas\shard0_03394.jpg,outdoor,Americas,Americas,13,8
Americas\shard0_24532.jpg,outdoor,Americas,Americas,12,10
Americas\shard0_08128.jpg,outdoor,Americas,Americas,12,7
Americas\shard0_08683.jpg,outdoor,Americas,Americas,13,5
Americas\shard0_14084.jpg,outdoor,Americas,Americas,12,5
Americas\shard0_15786.jpg,outdoor,Americas,Americas,12,8
Americas\shard0_04084.jpg,outdoor,Americas,Americas,9,10
Americas\shard0_17416.jpg,outdoor,Americas,Americas,13,10
Americas\shard0_21943.jpg,outdoor,Americas,Americas,13,9
Americas\shard0_29387.jpg,outdoor,Americas,Americas,12,5
Americas\shard0_18377.jpg,outdoor,Americas,Americas,13,5
Americas\shard0_17673.jpg,outdoor,Americas,Americas,12,8
Americas\shard0_26367.jpg,outdoor,Americas,Americas,12,5
Americas\shard0_18091.jpg,outdoor,Americas,Americas,12,5
Americas\shard0_04296.jpg,outdoor,Americas,Americas,13,5
Americas\shard0_22805.jpg,outdoor,Americas,Americas,13,10
Americas\shard0_15132.jpg,outdoor,Americas,Americas,13,8
Americas\shard0_27233.jpg,outdoor,Americas,Americas,3,10
Americas\shard0_16594.jpg,outdoor,Americas,Americas,13,9
Americas\shard0_24980.jpg,outdoor,Americas,Americas,12,5
Americas\shard0_13557.jpg,outdoor,Americas,Americas,13,9
Americas\shard0_13772.jpg,outdoor,Americas,Americas,12,8
Americas\shard0_13971.jpg,outdoor,Americas,Americas,12,5
Americas\shard0_24044.jpg,outdoor,Americas,Americas,13,10
Americas\shard0_04791.jpg,outdoor,Americas,Americas,13,9
Americas\shard0_24759.jpg,outdoor,Americas,Americas,12,5
Americas\shard0_12567.jpg,outdoor,Americas,Americas,12,5
Americas\shard0_03815.jpg,outdoor,Americas,Americas,12,6
Americas\shard0_29518.jpg,outdoor,Americas,Americas,12,9
Americas\shard0_22929.jpg,outdoor,Americas,Americas,12,6
Americas\shard0_02117.jpg,outdoor,Americas,Americas,12,10
Americas\shard0_27491.jpg,outdoor,Americas,Americas,12,5
Americas\shard0_21142.jpg,outdoor,Americas,Americas,12,10
Americas\shard0_06484.jpg,outdoor,Americas,Americas,13,11
Americas\shard0_15631.jpg,outdoor,Americas,Americas,12,10
Americas\shard0_15827.jpg,outdoor,Americas,Americas,14,7
Americas\shard0_20442.jpg,outdoor,Americas,Americas,12,10
Americas\shard0_11005.jpg,outdoor,Americas,Americas,13,5
Americas\shard0_13167.jpg,outdoor,Americas,Americas,13,8
Americas\shard0_17565.jpg,outdoor,Americas,Americas,13,10
Americas\shard0_28242.jpg,outdoor,Americas,Americas,12,6
Americas\shard0_03921.jpg,outdoor,Americas,Americas,12,9
Americas\shard0_00127.jpg,outdoor,Americas,Americas,12,10
Americas\shard0_11018.jpg,outdoor,Americas,Americas,13,5
Americas\shard0_10639.jpg,outdoor,Americas,Americas,13,10
Americas\shard0_03277.jpg,outdoor,Americas,Americas,12,5
Americas\shard0_16407.jpg,outdoor,Americas,Americas,15,3
Americas\shard0_21026.jpg,outdoor,Americas,Americas,12,9
Americas\shard0_01146.jpg,outdoor,Americas,Americas,13,10
Americas\shard0_02935.jpg,outdoor,Americas,Americas,12,8
Americas\shard0_27528.jpg,outdoor,Americas,Americas,13,10
Americas\shard0_10286.jpg,outdoor,Americas,Americas,12,9
Americas\shard0_23984.jpg,outdoor,Americas,Americas,7,13
Americas\shard0_25598.jpg,outdoor,Americas,Americas,13,9
Americas\shard0_00096.jpg,outdoor,Americas,Americas,12,5
Americas\shard0_12171.jpg,outdoor,Americas,Americas,13,10
Americas\shard0_03814.jpg,outdoor,Americas,Americas,10,9
Americas\shard0_04001.jpg,outdoor,Americas,Americas,6,13
Americas\shard0_04534.jpg,outdoor,Americas,Americas,12,10
Americas\shard0_23548.jpg,outdoor,Americas,Americas,5,10
Americas\shard0_05577.jpg,outdoor,Americas,Americas,13,8
Americas\shard0_20062.jpg,outdoor,Americas,Americas,13,9
Americas\shard0_25811.jpg,outdoor,Americas,Americas,13,6
Americas\shard0_01112.jpg,outdoor,Americas,Americas,12,5
Americas\shard0_09100.jpg,outdoor,Americas,Americas,12,5
Americas\shard0_05465.jpg,outdoor,Americas,Americas,7,14
Americas\shard0_10421.jpg,outdoor,Americas,Americas,12,9
Americas\shard0_02376.jpg,outdoor,Americas,Americas,11,2
Americas\shard0_06397.jpg,outdoor,Americas,Americas,12,9
Americas\shard0_17108.jpg,outdoor,Americas,Americas,12,5
Americas\shard0_05483.jpg,outdoor,Americas,Americas,13,5
Americas\shard0_20510.jpg,outdoor,Americas,Americas,6,13
Americas\shard0_15505.jpg,outdoor,Americas,Americas,12,5
Americas\shard0_11040.jpg,outdoor,Americas,Americas,12,6
Americas\shard0_04387.jpg,outdoor,Americas,Americas,13,10
Americas\shard0_20898.jpg,outdoor,Americas,Americas,9,10
Americas\shard0_19940.jpg,outdoor,Americas,Americas,12,10
Americas\shard0_22190.jpg,outdoor,Americas,Americas,7,10
Americas\shard0_25850.jpg,outdoor,Americas,Americas,12,5
Americas\shard0_09009.jpg,outdoor,Americas,Americas,12,8
Americas\shard0_23410.jpg,outdoor,Americas,Americas,10,8
Americas\shard0_07512.jpg,outdoor,Americas,Americas,10,9
Americas\shard0_25733.jpg,outdoor,Americas,Americas,12,5
Americas\shard0_08702.jpg,outdoor,Americas,Americas,13,5
Americas\shard0_01180.jpg,outdoor,Americas,Americas,11,2
Americas\shard0_06936.jpg,outdoor,Americas,Americas,12,7
Americas\shard0_08826.jpg,outdoor,Americas,Americas,13,10
Americas\shard0_02430.jpg,outdoor,Americas,Americas,13,5
Americas\shard0_14500.jpg,outdoor,Americas,Americas,12,6
Americas\shard0_10531.jpg,outdoor,Americas,Americas,12,10
Americas\shard0_09325.jpg,outdoor,Americas,Americas,13,10
Americas\shard0_17559.jpg,outdoor,Americas,Americas,11,8
Americas\shard0_26110.jpg,outdoor,Americas,Americas,13,5
Americas\shard0_16387.jpg,outdoor,Americas,Americas,8,10
Americas\shard0_15438.jpg,outdoor,Americas,Americas,13,10
Americas\shard0_12016.jpg,outdoor,Americas,Americas,13,5
Americas\shard0_19841.jpg,outdoor,Americas,Americas,13,10
Americas\shard0_27143.jpg,outdoor,Americas,Americas,13,10
Americas\shard0_27180.jpg,outdoor,Americas,Americas,12,9
Americas\shard0_02275.jpg,outdoor,Americas,Americas,13,10
Americas\shard0_20969.jpg,outdoor,Americas,Americas,11,9
Americas\shard0_10852.jpg,outdoor,Americas,Americas,12,6
Americas\shard0_16378.jpg,outdoor,Americas,Americas,13,10
Americas\shard0_18840.jpg,outdoor,Americas,Americas,13,9
Americas\shard0_24564.jpg,outdoor,Americas,Americas,13,10
Americas\shard0_07629.jpg,outdoor,Americas,Americas,13,10
Americas\shard0_11467.jpg,outdoor,Americas,Americas,13,5
Americas\shard0_24608.jpg,outdoor,Americas,Americas,13,6
Americas\shard0_07569.jpg,outdoor,Americas,Americas,10,8
Americas\shard0_09380.jpg,outdoor,Americas,Americas,13,10
Americas\shard0_14113.jpg,outdoor,Americas,Americas,14,6
Americas\shard0_10426.jpg,outdoor,Americas,Americas,10,2
Americas\shard0_18942.jpg,outdoor,Americas,Americas,11,9
Americas\shard0_05687.jpg,outdoor,Americas,Americas,12,7
Americas\shard0_25343.jpg,outdoor,Americas,Americas,11,8
Americas\shard0_26612.jpg,outdoor,Americas,Americas,13,6
Americas\shard0_17226.jpg,outdoor,Americas,Americas,9,10
Americas\shard0_22285.jpg,outdoor,Americas,Americas,12,10
Americas\shard0_07118.jpg,outdoor,Americas,Americas,12,6
Americas\shard0_27914.jpg,outdoor,Americas,Americas,12,5
Americas\shard0_09461.jpg,outdoor,Americas,Americas,12,5
Americas\shard0_10506.jpg,outdoor,Americas,Americas,13,5
Americas\shard0_01288.jpg,outdoor,Americas,Americas,13,10
Americas\shard0_26730.jpg,outdoor,Americas,Americas,12,9
Americas\shard0_13619.jpg,outdoor,Americas,Americas,6,13
Americas\shard0_23760.jpg,outdoor,Americas,Americas,13,8
Americas\shard0_29074.jpg,outdoor,Americas,Americas,13,10
Americas\shard0_17735.jpg,outdoor,Americas,Americas,13,10
Americas\shard0_03420.jpg,outdoor,Americas,Americas,11,10
Americas\shard0_13246.jpg,outdoor,Americas,Americas,3,10
Americas\shard0_07605.jpg,outdoor,Americas,Americas,13,9
Americas\shard0_14796.jpg,outdoor,Americas,Americas,12,10
Americas\shard0_00152.jpg,outdoor,Americas,Americas,13,8
Americas\shard0_19965.jpg,outdoor,Americas,Americas,12,10
Americas\shard0_03974.jpg,outdoor,Americas,Americas,12,5
Americas\shard0_17445.jpg,outdoor,Americas,Americas,13,9
Americas\shard0_18194.jpg,outdoor,Americas,Americas,12,9
Americas\shard0_04235.jpg,outdoor,Americas,Americas,12,8
Americas\shard0_04282.jpg,outdoor,Americas,Americas,12,8
Americas\shard0_24354.jpg,outdoor,Americas,Americas,14,4
Americas\shard0_06301.jpg,outdoor,Americas,Americas,12,5
Americas\shard0_06981.jpg,outdoor,Americas,Americas,12,6
Americas\shard0_18204.jpg,outdoor,Americas,Americas,11,9
Americas\shard0_23722.jpg,outdoor,Americas,Americas,10,9
Americas\shard0_18728.jpg,outdoor,Americas,Americas,12,8
Americas\shard0_05968.jpg,outdoor,Americas,Americas,13,10
Americas\shard0_27907.jpg,outdoor,Americas,Americas,13,5
Americas\shard0_28252.jpg,outdoor,Americas,Americas,13,10
Americas\shard0_04290.jpg,outdoor,Americas,Americas,11,9
Americas\shard0_11826.jpg,outdoor,Americas,Americas,12,5
Americas\shard0_22024.jpg,outdoor,Americas,Americas,13,8
Americas\shard0_07318.jpg,outdoor,Americas,Americas,12,5
Americas\shard0_05710.jpg,outdoor,Americas,Americas,13,9
Americas\shard0_16112.jpg,outdoor,Americas,Americas,6,11
Americas\shard0_06105.jpg,outdoor,Americas,Americas,11,8
Americas\shard0_08487.jpg,outdoor,Americas,Americas,12,10
Americas\shard0_20493.jpg,outdoor,Americas,Americas,13,10
Americas\shard0_25043.jpg,outdoor,Americas,Americas,13,10
Americas\shard0_13791.jpg,outdoor,Americas,Americas,13,9
Americas\shard0_08879.jpg,outdoor,Americas,Americas,13,10
Americas\shard0_03840.jpg,outdoor,Americas,Americas,4,10
Americas\shard0_21333.jpg,outdoor,Americas,Americas,12,9
Americas\shard0_17902.jpg,outdoor,Americas,Americas,12,10
Americas\shard0_18689.jpg,outdoor,Americas,Americas,12,10
Americas\shard0_00016.jpg,outdoor,Americas,Americas,12,5
Americas\shard0_09234.jpg,outdoor,Americas,Americas,13,10
Americas\shard0_03650.jpg,outdoor,Americas,Americas,13,10
Americas\shard0_12120.jpg,outdoor,Americas,Americas,13,8
Americas\shard0_10830.jpg,outdoor,Americas,Americas,13,8
Americas\shard0_08403.jpg,outdoor,Americas,Americas,12,5
Americas\shard0_07148.jpg,outdoor,Americas,Americas,13,5
Americas\shard0_08396.jpg,outdoor,Americas,Americas,13,5
Americas\shard0_22398.jpg,outdoor,Americas,Americas,12,10
Americas\shard0_28084.jpg,outdoor,Americas,Americas,12,10
Americas\shard0_12118.jpg,outdoor,Americas,Americas,13,5
Americas\shard0_03120.jpg,outdoor,Americas,Americas,12,5
Americas\shard0_00203.jpg,outdoor,Americas,Americas,6,13
Americas\shard0_07893.jpg,outdoor,Americas,Americas,11,8
Americas\shard0_16870.jpg,outdoor,Americas,Americas,6,13
Americas\shard0_11228.jpg,outdoor,Americas,Americas,13,6
Americas\shard0_12398.jpg,outdoor,Americas,Americas,8,10
Americas\shard0_04090.jpg,outdoor,Americas,Americas,13,10
Americas\shard0_24604.jpg,outdoor,Americas,Americas,7,10
Americas\shard0_03537.jpg,outdoor,Americas,Americas,13,9
Americas\shard0_18971.jpg,outdoor,Americas,Americas,12,8
Americas\shard0_14878.jpg,outdoor,Americas,Americas,12,6
Americas\shard0_06162.jpg,outdoor,Americas,Americas,13,5
Americas\shard0_15674.jpg,outdoor,Americas,Americas,12,6
Americas\shard0_03813.jpg,outdoor,Americas,Americas,12,10
Americas\shard0_21284.jpg,outdoor,Americas,Americas,10,8
Americas\shard0_08195.jpg,outdoor,Americas,Americas,6,12
Americas\shard0_00039.jpg,outdoor,Americas,Americas,13,10
Americas\shard0_14925.jpg,outdoor,Americas,Americas,12,5
Americas\shard0_06523.jpg,outdoor,Americas,Americas,12,5
Americas\shard0_03455.jpg,outdoor,Americas,Americas,12,7
Americas\shard0_24296.jpg,outdoor,Americas,Americas,10,8
Americas\shard0_27708.jpg,outdoor,Americas,Americas,13,10
Americas\shard0_17899.jpg,outdoor,Americas,Americas,13,8
Americas\shard0_09228.jpg,outdoor,Americas,Americas,13,9
Americas\shard0_25122.jpg,outdoor,Americas,Americas,14,5
Americas\shard0_29684.jpg,outdoor,Americas,Americas,13,10
Americas\shard0_09804.jpg,outdoor,Americas,Americas,12,8
Americas\shard0_04192.jpg,outdoor,Americas,Americas,13,10
Americas\shard0_19724.jpg,outdoor,Americas,Americas,5,11
Americas\shard0_11606.jpg,outdoor,Americas,Americas,5,10
Americas\shard0_03013.jpg,outdoor,Americas,Americas,12,5
Americas\shard0_01741.jpg,outdoor,Americas,Americas,10,11
Americas\shard0_19270.jpg,outdoor,Americas,Americas,13,10
Americas\shard0_00603.jpg,outdoor,Americas,Americas,13,10
Americas\shard0_08896.jpg,outdoor,Americas,Americas,11,9
Americas\shard0_25001.jpg,outdoor,Americas,Americas,13,9
Americas\shard0_05091.jpg,outdoor,Americas,Americas,10,10
Americas\shard0_15384.jpg,outdoor,Americas,Americas,13,5
Americas\shard0_08954.jpg,outdoor,Americas,Americas,12,10
Americas\shard0_16472.jpg,outdoor,Americas,Americas,13,10
Americas\shard0_11558.jpg,outdoor,Americas,Americas,12,9
Americas\shard0_19693.jpg,outdoor,Americas,Americas,11,9
Americas\shard0_19435.jpg,outdoor,Americas,Americas,13,9
Americas\shard0_23699.jpg,outdoor,Americas,Americas,12,5
Americas\shard0_22911.jpg,outdoor,Americas,Americas,13,8
Americas\shard0_19164.jpg,outdoor,Americas,Americas,12,6
Americas\shard0_10628.jpg,outdoor,Americas,Americas,13,10
Americas\shard0_05558.jpg,outdoor,Americas,Americas,14,6
Americas\shard0_07816.jpg,outdoor,Americas,Americas,13,5
Americas\shard0_15446.jpg,outdoor,Americas,Americas,13,10
Americas\shard0_01086.jpg,outdoor,Americas,Americas,12,5
Americas\shard0_20957.jpg,outdoor,Americas,Americas,12,8
Americas\shard0_29839.jpg,outdoor,Americas,Americas,11,9
Americas\shard0_01003.jpg,outdoor,Americas,Americas,12,6
Americas\shard0_29027.jpg,outdoor,Americas,Americas,13,10
Americas\shard0_20047.jpg,outdoor,Americas,Americas,12,5
Americas\shard0_08885.jpg,outdoor,Americas,Americas,12,6
Americas\shard0_27464.jpg,outdoor,Americas,Americas,13,5
Americas\shard0_25253.jpg,outdoor,Americas,Americas,12,5
Americas\shard0_03489.jpg,outdoor,Americas,Americas,13,6
Americas\shard0_16718.jpg,outdoor,Americas,Americas,13,5
Americas\shard0_24199.jpg,outdoor,Americas,Americas,13,10
Americas\shard0_07922.jpg,outdoor,Americas,Americas,13,9
Americas\shard0_25296.jpg,outdoor,Americas,Americas,12,9
Americas\shard0_19072.jpg,outdoor,Americas,Americas,12,10
Americas\shard0_10805.jpg,outdoor,Americas,Americas,13,10
Americas\shard0_02232.jpg,outdoor,Americas,Americas,12,5
Americas\shard0_14127.jpg,outdoor,Americas,Americas,14,4
Americas\shard0_03159.jpg,outdoor,Americas,Americas,13,9
Americas\shard0_01272.jpg,outdoor,Americas,Americas,5,12
Americas\shard0_15466.jpg,outdoor,Americas,Americas,12,10
Americas\shard0_04913.jpg,outdoor,Americas,Americas,12,10
Americas\shard0_29467.jpg,outdoor,Americas,Americas,13,5
Americas\shard0_18071.jpg,outdoor,Americas,Americas,10,11
Americas\shard0_12261.jpg,outdoor,Americas,Americas,12,10
Americas\shard0_04021.jpg,outdoor,Americas,Americas,6,11
Americas\shard0_15748.jpg,outdoor,Americas,Americas,12,9
Americas\shard0_17401.jpg,outdoor,Americas,Americas,12,10
Americas\shard0_00161.jpg,outdoor,Americas,Americas,5,10
Americas\shard0_19538.jpg,outdoor,Americas,Americas,13,10
Americas\shard0_18808.jpg,outdoor,Americas,Americas,9,10
Americas\shard0_13122.jpg,outdoor,Americas,Americas,13,10
Americas\shard0_29904.jpg,outdoor,Americas,Americas,13,8
Americas\shard0_22831.jpg,outdoor,Americas,Americas,12,5
Americas\shard0_11761.jpg,outdoor,Americas,Americas,12,6
Americas\shard0_14048.jpg,outdoor,Americas,Americas,12,10
Americas\shard0_05154.jpg,outdoor,Americas,Americas,12,5
Americas\shard0_02599.jpg,outdoor,Americas,Americas,13,10
Americas\shard0_29413.jpg,outdoor,Americas,Americas,13,10
Americas\shard0_06549.jpg,outdoor,Americas,Americas,12,10
Americas\shard0_19728.jpg,outdoor,Americas,Americas,12,6
Americas\shard0_13357.jpg,outdoor,Americas,Americas,13,8
Americas\shard0_04085.jpg,outdoor,Americas,Americas,13,10
Americas\shard0_10606.jpg,outdoor,Americas,Americas,12,9
Americas\shard0_22182.jpg,outdoor,Americas,Americas,11,9
Americas\shard0_26852.jpg,outdoor,Americas,Americas,12,9
Americas\shard0_24113.jpg,outdoor,Americas,Americas,12,6
Americas\shard0_21084.jpg,outdoor,Americas,Americas,12,10
Americas\shard0_03546.jpg,outdoor,Americas,Americas,9,10
Americas\shard0_06823.jpg,outdoor,Americas,Americas,12,6
Americas\shard0_12887.jpg,outdoor,Americas,Americas,12,5
Americas\shard0_18586.jpg,outdoor,Americas,Americas,5,12
Americas\shard0_02658.jpg,outdoor,Americas,Americas,7,10
Americas\shard0_19424.jpg,outdoor,Americas,Americas,13,8
Americas\shard0_16886.jpg,outdoor,Americas,Americas,13,10
Americas\shard0_01576.jpg,outdoor,Americas,Americas,13,9
Americas\shard0_19071.jpg,outdoor,Americas,Americas,13,10
Americas\shard0_29180.jpg,outdoor,Americas,Americas,12,9
Americas\shard0_17518.jpg,outdoor,Americas,Americas,12,8
Americas\shard0_01604.jpg,outdoor,Americas,Americas,12,5
Americas\shard0_21005.jpg,outdoor,Americas,Americas,13,9
Americas\shard0_22378.jpg,outdoor,Americas,Americas,13,5
Americas\shard0_24054.jpg,outdoor,Americas,Americas,12,10
Americas\shard0_14627.jpg,outdoor,Americas,Americas,13,10
Americas\shard0_00181.jpg,outdoor,Americas,Americas,13,5
Americas\shard0_28717.jpg,outdoor,Americas,Americas,12,10
Americas\shard0_29480.jpg,outdoor,Americas,Americas,12,10
Americas\shard0_15978.jpg,outdoor,Americas,Americas,12,10
Americas\shard0_16340.jpg,outdoor,Americas,Americas,7,10
Americas\shard0_22791.jpg,outdoor,Americas,Americas,13,10
Americas\shard0_29066.jpg,outdoor,Americas,Americas,12,6
Americas\shard0_10610.jpg,outdoor,Americas,Americas,12,9
Americas\shard0_07750.jpg,outdoor,Americas,Americas,13,10
Americas\shard0_28938.jpg,outdoor,Americas,Americas,13,9
Americas\shard0_28415.jpg,outdoor,Americas,Americas,12,8
Americas\shard0_17873.jpg,outdoor,Americas,Americas,5,12
Americas\shard0_01379.jpg,outdoor,Americas,Americas,13,5
Americas\shard0_00856.jpg,outdoor,Americas,Americas,13,10
Americas\shard0_16048.jpg,outdoor,Americas,Americas,12,5
Americas\shard0_05925.jpg,outdoor,Americas,Americas,12,8
Americas\shard0_28226.jpg,outdoor,Americas,Americas,13,8
Americas\shard0_17071.jpg,outdoor,Americas,Americas,13,9
Americas\shard0_15967.jpg,outdoor,Americas,Americas,9,9
Americas\shard0_01332.jpg,outdoor,Americas,Americas,12,6
Americas\shard0_23315.jpg,outdoor,Americas,Americas,12,9
Americas\shard0_13206.jpg,outdoor,Americas,Americas,12,6
Americas\shard0_28522.jpg,outdoor,Americas,Americas,12,10
Americas\shard0_13629.jpg,outdoor,Americas,Americas,13,10
Americas\shard0_28945.jpg,outdoor,Americas,Americas,6,12
Americas\shard0_10140.jpg,outdoor,Americas,Americas,13,10
Americas\shard0_18463.jpg,outdoor,Americas,Americas,6,13
Americas\shard0_15615.jpg,outdoor,Americas,Americas,12,6
Americas\shard0_06494.jpg,outdoor,Americas,Americas,12,5
Americas\shard0_00700.jpg,outdoor,Americas,Americas,12,10
Americas\shard0_18491.jpg,outdoor,Americas,Americas,11,9
Americas\shard0_24926.jpg,outdoor,Americas,Americas,13,9
Americas\shard0_15683.jpg,outdoor,Americas,Americas,12,9
Americas\shard0_18569.jpg,outdoor,Americas,Americas,13,5
Americas\shard0_22504.jpg,outdoor,Americas,Americas,13,10
Americas\shard0_24301.jpg,outdoor,Americas,Americas,13,10
Americas\shard0_24577.jpg,outdoor,Americas,Americas,14,6
Americas\shard0_04095.jpg,outdoor,Americas,Americas,13,10
Americas\shard0_00226.jpg,outdoor,Americas,Americas,8,14
Americas\shard0_05439.jpg,outdoor,Americas,Americas,14,5
Americas\shard0_22393.jpg,outdoor,Americas,Americas,12,9
Americas\shard0_24879.jpg,outdoor,Americas,Americas,12,9
Americas\shard0_09281.jpg,outdoor,Americas,Americas,10,8
Americas\shard0_06837.jpg,outdoor,Americas,Americas,12,9
Americas\shard0_00637.jpg,outdoor,Americas,Americas,13,10
Americas\shard0_01978.jpg,outdoor,Americas,Americas,9,9
Americas\shard0_19560.jpg,outdoor,Americas,Americas,13,10
Americas\shard0_17193.jpg,outdoor,Americas,Americas,13,10
Americas\shard0_07788.jpg,outdoor,Americas,Americas,13,9
Americas\shard0_03210.jpg,outdoor,Americas,Americas,14,4
Americas\shard0_07861.jpg,outdoor,Americas,Americas,8,13
Americas\shard0_19751.jpg,outdoor,Americas,Americas,12,8
Americas\shard0_21244.jpg,outdoor,Americas,Americas,12,6
Americas\shard0_11971.jpg,outdoor,Americas,Americas,13,6
Americas\shard0_29453.jpg,outdoor,Americas,Americas,13,9
Americas\shard0_18445.jpg,outdoor,Americas,Americas,10,11
Americas\shard0_05875.jpg,outdoor,Americas,Americas,14,3
Americas\shard0_28275.jpg,outdoor,Americas,Americas,13,9
Americas\shard0_12593.jpg,outdoor,Americas,Americas,13,10
Americas\shard0_00758.jpg,outdoor,Americas,Americas,12,7
Americas\shard0_04937.jpg,outdoor,Americas,Americas,13,10
Americas\shard0_08990.jpg,outdoor,Americas,Americas,13,10
Americas\shard0_24931.jpg,outdoor,Americas,Americas,13,11
Americas\shard0_00610.jpg,outdoor,Americas,Americas,12,6
Americas\shard0_18151.jpg,outdoor,Americas,Americas,12,10
Americas\shard0_21373.jpg,outdoor,Americas,Americas,13,10
Americas\shard0_14677.jpg,outdoor,Americas,Americas,13,5
Americas\shard0_20940.jpg,outdoor,Americas,Americas,13,5
Americas\shard0_12657.jpg,outdoor,Americas,Americas,13,8
Americas\shard0_16585.jpg,outdoor,Americas,Americas,13,5
Americas\shard0_06150.jpg,outdoor,Americas,Americas,13,8
Americas\shard0_28171.jpg,outdoor,Americas,Americas,7,14
Americas\shard0_24677.jpg,outdoor,Americas,Americas,14,7
Americas\shard0_15897.jpg,outdoor,Americas,Americas,14,6
Americas\shard0_26791.jpg,outdoor,Americas,Americas,13,8
Americas\shard0_20973.jpg,outdoor,Americas,Americas,13,10
Americas\shard0_13277.jpg,outdoor,Americas,Americas,13,10
Americas\shard0_13043.jpg,outdoor,Americas,Americas,12,6
Americas\shard0_25930.jpg,outdoor,Americas,Americas,13,10
Americas\shard0_07583.jpg,outdoor,Americas,Americas,8,10
Americas\shard0_12992.jpg,outdoor,Americas,Americas,13,10
Americas\shard0_01831.jpg,outdoor,Americas,Americas,8,14
Americas\shard0_02568.jpg,outdoor,Americas,Americas,12,6
Americas\shard0_18720.jpg,outdoor,Americas,Americas,12,10
Americas\shard0_21095.jpg,outdoor,Americas,Americas,13,10
Americas\shard0_26977.jpg,outdoor,Americas,Americas,6,13
Americas\shard0_09046.jpg,outdoor,Americas,Americas,13,8
Americas\shard0_17825.jpg,outdoor,Americas,Americas,13,5
Americas\shard0_29087.jpg,outdoor,Americas,Americas,13,9
Americas\shard0_07246.jpg,outdoor,Americas,Americas,12,9
Americas\shard0_20515.jpg,outdoor,Americas,Americas,13,9
Americas\shard0_26115.jpg,outdoor,Americas,Americas,14,5
Americas\shard0_00164.jpg,outdoor,Americas,Americas,13,5
Americas\shard0_09123.jpg,outdoor,Americas,Americas,13,10
Americas\shard0_17205.jpg,outdoor,Americas,Americas,12,10
Americas\shard0_09524.jpg,outdoor,Americas,Americas,12,9
Americas\shard0_00277.jpg,outdoor,Americas,Americas,12,10
Americas\shard0_23807.jpg,outdoor,Americas,Americas,13,5
Americas\shard0_29511.jpg,outdoor,Americas,Americas,13,10
Americas\shard0_11708.jpg,outdoor,Americas,Americas,13,6
Americas\shard0_13878.jpg,outdoor,Americas,Americas,12,8
Americas\shard0_09052.jpg,outdoor,Americas,Americas,5,12
Americas\shard0_01785.jpg,outdoor,Americas,Americas,12,5
Americas\shard0_08956.jpg,outdoor,Americas,Americas,13,8
Americas\shard0_11163.jpg,outdoor,Americas,Americas,14,4
Americas\shard0_05752.jpg,outdoor,Americas,Americas,13,10
Americas\shard0_14998.jpg,outdoor,Americas,Americas,14,7
Americas\shard0_05763.jpg,outdoor,Americas,Americas,13,10
Americas\shard0_00960.jpg,outdoor,Americas,Americas,12,10
Americas\shard0_24817.jpg,outdoor,Americas,Americas,13,10
Americas\shard0_11449.jpg,outdoor,Americas,Americas,13,9
Americas\shard0_20201.jpg,outdoor,Americas,Americas,10,10
Americas\shard0_11309.jpg,outdoor,Americas,Americas,13,10
Americas\shard0_14285.jpg,outdoor,Americas,Americas,12,6
Americas\shard0_13906.jpg,outdoor,Americas,Americas,13,5
Americas\shard0_17380.jpg,outdoor,Americas,Americas,12,10
Americas\shard0_12252.jpg,outdoor,Americas,Americas,11,8
Americas\shard0_21136.jpg,outdoor,Americas,Americas,13,11
Americas\shard0_18551.jpg,outdoor,Americas,Americas,13,9
Americas\shard0_09211.jpg,outdoor,Americas,Americas,13,10
Americas\shard0_11809.jpg,outdoor,Americas,Americas,12,5
Americas\shard0_12223.jpg,outdoor,Americas,Americas,12,6
Americas\shard0_20527.jpg,outdoor,Americas,Americas,9,10
Americas\shard0_23759.jpg,outdoor,Americas,Americas,13,9
Americas\shard0_06151.jpg,outdoor,Americas,Americas,13,10
Americas\shard0_27981.jpg,outdoor,Americas,Americas,13,5
Americas\shard0_26931.jpg,outdoor,Americas,Americas,13,10
Americas\shard0_28882.jpg,outdoor,Americas,Americas,12,9
Americas\shard0_21797.jpg,outdoor,Americas,Americas,12,7
Americas\shard0_05649.jpg,outdoor,Americas,Americas,12,6
Americas\shard0_26593.jpg,outdoor,Americas,Americas,12,7
Americas\shard0_29338.jpg,outdoor,Americas,Americas,12,6
Americas\shard0_06970.jpg,outdoor,Americas,Americas,13,5
Americas\shard0_26905.jpg,outdoor,Americas,Americas,13,10
Americas\shard0_13916.jpg,outdoor,Americas,Americas,6,13
Americas\shard0_20039.jpg,outdoor,Americas,Americas,13,8
Americas\shard0_20986.jpg,outdoor,Americas,Americas,12,9
Americas\shard0_27961.jpg,outdoor,Americas,Americas,12,9
Americas\shard0_21178.jpg,outdoor,Americas,Americas,13,5
Americas\shard0_15778.jpg,outdoor,Americas,Americas,12,6
Americas\shard0_08445.jpg,outdoor,Americas,Americas,11,9
Americas\shard0_02106.jpg,outdoor,Americas,Americas,13,10
Americas\shard0_18369.jpg,outdoor,Americas,Americas,12,5
Americas\shard0_05801.jpg,outdoor,Americas,Americas,13,10
Americas\shard0_03980.jpg,outdoor,Americas,Americas,12,6
Americas\shard0_15129.jpg,outdoor,Americas,Americas,13,10
Americas\shard0_16162.jpg,outdoor,Americas,Americas,13,10
Americas\shard0_18631.jpg,outdoor,Americas,Americas,12,6
Americas\shard0_13775.jpg,outdoor,Americas,Americas,12,6
Americas\shard0_09633.jpg,outdoor,Americas,Americas,12,5
Americas\shard0_03310.jpg,outdoor,Americas,Americas,12,8
Americas\shard0_19401.jpg,outdoor,Americas,Americas,13,6
Americas\shard0_04111.jpg,outdoor,Americas,Americas,12,6
Americas\shard0_03522.jpg,outdoor,Americas,Americas,12,10
Americas\shard0_21821.jpg,outdoor,Americas,Americas,12,9
Americas\shard0_18805.jpg,outdoor,Americas,Americas,13,10
Americas\shard0_00670.jpg,outdoor,Americas,Americas,13,10
Americas\shard0_19954.jpg,outdoor,Americas,Americas,12,7
Americas\shard0_17485.jpg,outdoor,Americas,Americas,12,5
Americas\shard0_11155.jpg,outdoor,Americas,Americas,13,10
Americas\shard0_28470.jpg,outdoor,Americas,Americas,12,10
Americas\shard0_05811.jpg,outdoor,Americas,Americas,11,9
Americas\shard0_22789.jpg,outdoor,Americas,Americas,12,5
Americas\shard0_27097.jpg,outdoor,Americas,Americas,13,6
Americas\shard0_23686.jpg,outdoor,Americas,Americas,11,9
Americas\shard0_25397.jpg,outdoor,Americas,Americas,11,2
Americas\shard0_27631.jpg,outdoor,Americas,Americas,13,11
Americas\shard0_14400.jpg,outdoor,Americas,Americas,13,10
Americas\shard0_14423.jpg,outdoor,Americas,Americas,13,10
Americas\shard0_01319.jpg,outdoor,Americas,Americas,13,10
Americas\shard0_10945.jpg,outdoor,Americas,Americas,12,6
Americas\shard0_27921.jpg,outdoor,Americas,Americas,14,7
Americas\shard0_19349.jpg,outdoor,Americas,Americas,12,8
Americas\shard0_03584.jpg,outdoor,Americas,Americas,12,10
Americas\shard0_13526.jpg,outdoor,Americas,Americas,13,10
Americas\shard0_15194.jpg,outdoor,Americas,Americas,13,10
Americas\shard0_23204.jpg,outdoor,Americas,Americas,12,6
Americas\shard0_26116.jpg,outdoor,Americas,Americas,13,8
Americas\shard0_00204.jpg,outdoor,Americas,Americas,13,10
Americas\shard0_17886.jpg,outdoor,Americas,Americas,11,9
Americas\shard0_15128.jpg,outdoor,Americas,Americas,12,10
Americas\shard0_08370.jpg,outdoor,Americas,Americas,13,10
Americas\shard0_06612.jpg,outdoor,Americas,Americas,13,10
Americas\shard0_21306.jpg,outdoor,Americas,Americas,13,9
Americas\shard0_21405.jpg,outdoor,Americas,Americas,12,5
Americas\shard0_18253.jpg,outdoor,Americas,Americas,12,5
Americas\shard0_14537.jpg,outdoor,Americas,Americas,12,6
Americas\shard0_21495.jpg,outdoor,Americas,Americas,13,10
Americas\shard0_04122.jpg,outdoor,Americas,Americas,13,10
Americas\shard0_14377.jpg,outdoor,Americas,Americas,12,9
Americas\shard0_09460.jpg,outdoor,Americas,Americas,13,10
Americas\shard0_28978.jpg,outdoor,Americas,Americas,13,10
Americas\shard0_22177.jpg,outdoor,Americas,Americas,12,5
Americas\shard0_25191.jpg,outdoor,Americas,Americas,13,5
Americas\shard0_13433.jpg,outdoor,Americas,Americas,11,9
Americas\shard0_03299.jpg,outdoor,Americas,Americas,13,9
Americas\shard0_28041.jpg,outdoor,Americas,Americas,13,10
Americas\shard0_15362.jpg,outdoor,Americas,Americas,12,10
Americas\shard0_01148.jpg,outdoor,Americas,Americas,12,10
Americas\shard0_29590.jpg,outdoor,Americas,Americas,13,9
Americas\shard0_19848.jpg,outdoor,Americas,Americas,6,13
Americas\shard0_26478.jpg,outdoor,Americas,Americas,13,5
Americas\shard0_10189.jpg,outdoor,Americas,Americas,13,11
Americas\shard0_12011.jpg,outdoor,Americas,Americas,12,5
Americas\shard0_09068.jpg,outdoor,Americas,Americas,6,13
Americas\shard0_14798.jpg,outdoor,Americas,Americas,12,5
Americas\shard0_03103.jpg,outdoor,Americas,Americas,12,9
Americas\shard0_04137.jpg,outdoor,Americas,Americas,5,12
Americas\shard0_25992.jpg,outdoor,Americas,Americas,12,10
Americas\shard0_09911.jpg,outdoor,Americas,Americas,13,5
Americas\shard0_04297.jpg,outdoor,Americas,Americas,12,5
Americas\shard0_14008.jpg,outdoor,Americas,Americas,12,5
Americas\shard0_07783.jpg,outdoor,Americas,Americas,13,9
Americas\shard0_24468.jpg,outdoor,Americas,Americas,13,10
Americas\shard0_19384.jpg,outdoor,Americas,Americas,12,9
Americas\shard0_24124.jpg,outdoor,Americas,Americas,13,10
Americas\shard0_07640.jpg,outdoor,Americas,Americas,13,5
Americas\shard0_22666.jpg,outdoor,Americas,Americas,12,8
Americas\shard0_01396.jpg,outdoor,Americas,Americas,11,9
Americas\shard0_16176.jpg,outdoor,Americas,Americas,12,10
Americas\shard0_18635.jpg,outdoor,Americas,Americas,12,6
Americas\shard0_02950.jpg,outdoor,Americas,Americas,5,12
Americas\shard0_15010.jpg,outdoor,Americas,Americas,7,13
Americas\shard0_22775.jpg,outdoor,Americas,Americas,13,5
Americas\shard0_21566.jpg,outdoor,Americas,Americas,13,10
Americas\shard0_04208.jpg,outdoor,Americas,Americas,12,9
Americas\shard0_28150.jpg,outdoor,Americas,Americas,12,5
Americas\shard0_09648.jpg,outdoor,Americas,Americas,12,8
Americas\shard0_11987.jpg,outdoor,Americas,Americas,13,9
Americas\shard0_20859.jpg,outdoor,Americas,Americas,12,5
Americas\shard0_22235.jpg,outdoor,Americas,Americas,12,10
Americas\shard0_26224.jpg,outdoor,Americas,Americas,13,8
Americas\shard0_27274.jpg,outdoor,Americas,Americas,10,9
Americas\shard0_23145.jpg,outdoor,Americas,Americas,13,10
Americas\shard0_15690.jpg,outdoor,Americas,Americas,10,9
Americas\shard0_21000.jpg,outdoor,Americas,Americas,13,10
Americas\shard0_23226.jpg,outdoor,Americas,Americas,12,6
Americas\shard0_08732.jpg,outdoor,Americas,Americas,12,7
Americas\shard0_18123.jpg,outdoor,Americas,Americas,13,10
Americas\shard0_20863.jpg,outdoor,Americas,Americas,13,10
Americas\shard0_24444.jpg,outdoor,Americas,Americas,9,9
Americas\shard0_23217.jpg,outdoor,Americas,Americas,5,11
Americas\shard0_26066.jpg,outdoor,Americas,Americas,5,10
Americas\shard0_21676.jpg,outdoor,Americas,Americas,13,10
Americas\shard0_28237.jpg,outdoor,Americas,Americas,13,12
Americas\shard0_21986.jpg,outdoor,Americas,Americas,12,10
Americas\shard0_15794.jpg,outdoor,Americas,Americas,12,6
Americas\shard0_27213.jpg,outdoor,Americas,Americas,13,5
Americas\shard0_29820.jpg,outdoor,Americas,Americas,8,10
Americas\shard0_24595.jpg,outdoor,Americas,Americas,15,3
Americas\shard0_01563.jpg,outdoor,Americas,Americas,7,10
Americas\shard0_26027.jpg,outdoor,Americas,Americas,13,9
Americas\shard0_28194.jpg,outdoor,Americas,Americas,13,10
Americas\shard0_02194.jpg,outdoor,Americas,Americas,12,6
Americas\shard0_27773.jpg,outdoor,Americas,Americas,12,9
Americas\shard0_21975.jpg,outdoor,Americas,Americas,13,5
Americas\shard0_18527.jpg,outdoor,Americas,Americas,12,5
Americas\shard0_15437.jpg,outdoor,Americas,Americas,13,5
Americas\shard0_00820.jpg,outdoor,Americas,Americas,13,10
Americas\shard0_05865.jpg,outdoor,Americas,Americas,12,9
Americas\shard0_15392.jpg,outdoor,Americas,Americas,12,6
Americas\shard0_11947.jpg,outdoor,Americas,Americas,12,6
Americas\shard0_21972.jpg,outdoor,Americas,Americas,9,9
Americas\shard0_20428.jpg,outdoor,Americas,Americas,12,5
Americas\shard0_17637.jpg,outdoor,Americas,Americas,12,9
Americas\shard0_08123.jpg,outdoor,Americas,Americas,13,8
Americas\shard0_26613.jpg,outdoor,Americas,Americas,12,6
Americas\shard0_12672.jpg,outdoor,Americas,Americas,12,5
Americas\shard0_13288.jpg,outdoor,Americas,Americas,5,12
Americas\shard0_05260.jpg,outdoor,Americas,Americas,6,13
Americas\shard0_07332.jpg,outdoor,Americas,Americas,12,5
Americas\shard0_14933.jpg,outdoor,Americas,Americas,12,8
Americas\shard0_15252.jpg,outdoor,Americas,Americas,10,7
Americas\shard0_12630.jpg,outdoor,Americas,Americas,12,10
Americas\shard0_07886.jpg,outdoor,Americas,Americas,13,10
Americas\shard0_24364.jpg,outdoor,Americas,Americas,12,7
Americas\shard0_16680.jpg,outdoor,Americas,Americas,5,10
Americas\shard0_14708.jpg,outdoor,Americas,Americas,13,9
Americas\shard0_14704.jpg,outdoor,Americas,Americas,12,8
Americas\shard0_15535.jpg,outdoor,Americas,Americas,12,9
Americas\shard0_26132.jpg,outdoor,Americas,Americas,12,10
Americas\shard0_22268.jpg,outdoor,Americas,Americas,13,10
Americas\shard0_15111.jpg,outdoor,Americas,Americas,10,11
Americas\shard0_02546.jpg,outdoor,Americas,Americas,11,9
Americas\shard0_13429.jpg,outdoor,Americas,Americas,12,9
Americas\shard0_25961.jpg,outdoor,Americas,Americas,12,6
Americas\shard0_00516.jpg,outdoor,Americas,Americas,13,8
Americas\shard0_17005.jpg,outdoor,Americas,Americas,12,5
Americas\shard0_12902.jpg,outdoor,Americas,Americas,12,5
Americas\shard0_24007.jpg,outdoor,Americas,Americas,13,9
Americas\shard0_19512.jpg,outdoor,Americas,Americas,12,9
Americas\shard0_15526.jpg,outdoor,Americas,Americas,13,5
Americas\shard0_12055.jpg,outdoor,Americas,Americas,12,10
Americas\shard0_03547.jpg,outdoor,Americas,Americas,8,10
Americas\shard0_07312.jpg,outdoor,Americas,Americas,11,8
Americas\shard0_04285.jpg,outdoor,Americas,Americas,12,9
Americas\shard0_14286.jpg,outdoor,Americas,Americas,12,9
Americas\shard0_29751.jpg,outdoor,Americas,Americas,12,6
Americas\shard0_09581.jpg,outdoor,Americas,Americas,13,6
Americas\shard0_27441.jpg,outdoor,Americas,Americas,12,10
Americas\shard0_10718.jpg,outdoor,Americas,Americas,13,10
Americas\shard0_01464.jpg,outdoor,Americas,Americas,12,6
Americas\shard0_10261.jpg,outdoor,Americas,Americas,13,9
Americas\shard0_01409.jpg,outdoor,Americas,Americas,13,10
Americas\shard0_03496.jpg,outdoor,Americas,Americas,13,8
Americas\shard0_21021.jpg,outdoor,Americas,Americas,13,10
Americas\shard0_13991.jpg,outdoor,Americas,Americas,13,10
Americas\shard0_28969.jpg,outdoor,Americas,Americas,10,7
Americas\shard0_28680.jpg,outdoor,Americas,Americas,13,9
Americas\shard0_14481.jpg,outdoor,Americas,Americas,13,9
Americas\shard0_18059.jpg,outdoor,Americas,Americas,12,5
Americas\shard0_09274.jpg,outdoor,Americas,Americas,12,10
Americas\shard0_08048.jpg,outdoor,Americas,Americas,12,10
Americas\shard0_03399.jpg,outdoor,Americas,Americas,10,2
Americas\shard0_29617.jpg,outdoor,Americas,Americas,12,7
Americas\shard0_11787.jpg,outdoor,Americas,Americas,8,14
Americas\shard0_00374.jpg,outdoor,Americas,Americas,12,6
Americas\shard0_18556.jpg,outdoor,Americas,Americas,12,6
Americas\shard0_16455.jpg,outdoor,Americas,Americas,13,9
Americas\shard0_12738.jpg,outdoor,Americas,Americas,8,10
Americas\shard0_10371.jpg,outdoor,Americas,Americas,4,10
Americas\shard0_24689.jpg,outdoor,Americas,Americas,12,5
Americas\shard0_26386.jpg,outdoor,Americas,Americas,12,10
Americas\shard0_14069.jpg,outdoor,Americas,Americas,13,10
Americas\shard0_26549.jpg,outdoor,Americas,Americas,12,6
Americas\shard0_12589.jpg,outdoor,Americas,Americas,12,8
Americas\shard0_27566.jpg,outdoor,Americas,Americas,12,6
Americas\shard0_12818.jpg,outdoor,Americas,Americas,12,7
Americas\shard0_08184.jpg,outdoor,Americas,Americas,10,8
Americas\shard0_20188.jpg,outdoor,Americas,Americas,13,10
Americas\shard0_08144.jpg,outdoor,Americas,Americas,12,8
Americas\shard0_11655.jpg,outdoor,Americas,Americas,12,9
Americas\shard0_09840.jpg,outdoor,Americas,Americas,12,10
Americas\shard0_23615.jpg,outdoor,Americas,Americas,13,9
Americas\shard0_10198.jpg,outdoor,Americas,Americas,11,8
Americas\shard0_04136.jpg,outdoor,Americas,Americas,12,10
Americas\shard0_13480.jpg,outdoor,Americas,Americas,13,9
Americas\shard0_04867.jpg,outdoor,Americas,Americas,12,6
Americas\shard0_11445.jpg,outdoor,Americas,Americas,5,12
Americas\shard0_09649.jpg,outdoor,Americas,Americas,13,9
Americas\shard0_01707.jpg,outdoor,Americas,Americas,9,9
Americas\shard0_04029.jpg,outdoor,Americas,Americas,13,10
Americas\shard0_05513.jpg,outdoor,Americas,Americas,13,5
Americas\shard0_01949.jpg,outdoor,Americas,Americas,11,8
Americas\shard0_08904.jpg,outdoor,Americas,Americas,12,6
Americas\shard0_27421.jpg,outdoor,Americas,Americas,11,7
Americas\shard0_24561.jpg,outdoor,Americas,Americas,14,6
Americas\shard0_05254.jpg,outdoor,Americas,Americas,5,10
Americas\shard0_11577.jpg,outdoor,Americas,Americas,13,9
Americas\shard0_28835.jpg,outdoor,Americas,Americas,12,8
Americas\shard0_08641.jpg,outdoor,Americas,Americas,13,5
Americas\shard0_13607.jpg,outdoor,Americas,Americas,12,6
Americas\shard0_17625.jpg,outdoor,Americas,Americas,10,9
Americas\shard0_09431.jpg,outdoor,Americas,Americas,13,10
Americas\shard0_16131.jpg,outdoor,Americas,Americas,12,6
Americas\shard0_21470.jpg,outdoor,Americas,Americas,13,10
Americas\shard0_08755.jpg,outdoor,Americas,Americas,10,8
Americas\shard0_17718.jpg,outdoor,Americas,Americas,13,10
Americas\shard0_29363.jpg,outdoor,Americas,Americas,13,10
Americas\shard0_13422.jpg,outdoor,Americas,Americas,13,9
Americas\shard0_05486.jpg,outdoor,Americas,Americas,12,10
Americas\shard0_09619.jpg,outdoor,Americas,Americas,10,9
Americas\shard0_11984.jpg,outdoor,Americas,Americas,12,6
Americas\shard0_04321.jpg,outdoor,Americas,Americas,13,10
Americas\shard0_09598.jpg,outdoor,Americas,Americas,12,5
Americas\shard0_20471.jpg,outdoor,Americas,Americas,13,9
Americas\shard0_22413.jpg,outdoor,Americas,Americas,13,7
Americas\shard0_16479.jpg,outdoor,Americas,Americas,13,5
Americas\shard0_15782.jpg,outdoor,Americas,Americas,12,6
Americas\shard0_20648.jpg,outdoor,Americas,Americas,6,11
Americas\shard0_05825.jpg,outdoor,Americas,Americas,12,6
Americas\shard0_08173.jpg,outdoor,Americas,Americas,13,10
Americas\shard0_10227.jpg,outdoor,Americas,Americas,13,8
Americas\shard0_10752.jpg,outdoor,Americas,Americas,12,6
Americas\shard0_09368.jpg,outdoor,Americas,Americas,13,10
Americas\shard0_04629.jpg,outdoor,Americas,Americas,12,10
Americas\shard0_29697.jpg,outdoor,Americas,Americas,13,8
Americas\shard0_18573.jpg,outdoor,Americas,Americas,13,9
Americas\shard0_11548.jpg,outdoor,Americas,Americas,12,6
Americas\shard0_00288.jpg,outdoor,Americas,Americas,11,9
Americas\shard0_12762.jpg,outdoor,Americas,Americas,12,6
Americas\shard0_21076.jpg,outdoor,Americas,Americas,13,10
Americas\shard0_05815.jpg,outdoor,Americas,Americas,11,8
Americas\shard0_26037.jpg,outdoor,Americas,Americas,12,5
Americas\shard0_03775.jpg,outdoor,Americas,Americas,10,9
Americas\shard0_16879.jpg,outdoor,Americas,Americas,12,5
Americas\shard0_24078.jpg,outdoor,Americas,Americas,10,9
Americas\shard0_28585.jpg,outdoor,Americas,Americas,13,9
Americas\shard0_13029.jpg,outdoor,Americas,Americas,12,9
Americas\shard0_14804.jpg,outdoor,Americas,Americas,13,8
Americas\shard0_23834.jpg,outdoor,Americas,Americas,12,7
Americas\shard0_11263.jpg,outdoor,Americas,Americas,13,10
Americas\shard0_29314.jpg,outdoor,Americas,Americas,13,9
Americas\shard0_11617.jpg,outdoor,Americas,Americas,12,6
Americas\shard0_22997.jpg,outdoor,Americas,Americas,12,10
Americas\shard0_15522.jpg,outdoor,Americas,Americas,12,8
Americas\shard0_01521.jpg,outdoor,Americas,Americas,13,9
Americas\shard0_08381.jpg,outdoor,Americas,Americas,12,10
Americas\shard0_19419.jpg,outdoor,Americas,Americas,12,7
Americas\shard0_25788.jpg,outdoor,Americas,Americas,13,5
Americas\shard0_26073.jpg,outdoor,Americas,Americas,13,10
Americas\shard0_17675.jpg,outdoor,Americas,Americas,12,6
Americas\shard0_07184.jpg,outdoor,Americas,Americas,12,5
Americas\shard0_04862.jpg,outdoor,Americas,Americas,13,10
Americas\shard0_16093.jpg,outdoor,Americas,Americas,7,13
Americas\shard0_15328.jpg,outdoor,Americas,Americas,13,9
Americas\shard0_29099.jpg,outdoor,Americas,Americas,6,13
Americas\shard0_13007.jpg,outdoor,Americas,Americas,12,5
Americas\shard0_08744.jpg,outdoor,Americas,Americas,13,10
Americas\shard0_29683.jpg,outdoor,Americas,Americas,12,10
Americas\shard0_25920.jpg,outdoor,Americas,Americas,12,8
Americas\shard0_10388.jpg,outdoor,Americas,Americas,11,7
Americas\shard0_05928.jpg,outdoor,Americas,Americas,5,11
Americas\shard0_01296.jpg,outdoor,Americas,Americas,12,9
Americas\shard0_07232.jpg,outdoor,Americas,Americas,12,5
Americas\shard0_16251.jpg,outdoor,Americas,Americas,6,13
Americas\shard0_27288.jpg,outdoor,Americas,Americas,12,10
Americas\shard0_08996.jpg,outdoor,Americas,Americas,12,6
Americas\shard0_09733.jpg,outdoor,Americas,Americas,11,7
Americas\shard0_07422.jpg,outdoor,Americas,Americas,12,10
Americas\shard0_01050.jpg,outdoor,Americas,Americas,13,10
Americas\shard0_26283.jpg,outdoor,Americas,Americas,12,6
Americas\shard0_08922.jpg,outdoor,Americas,Americas,12,6
Americas\shard0_20932.jpg,outdoor,Americas,Americas,12,9
Americas\shard0_03910.jpg,outdoor,Americas,Americas,13,5
Americas\shard0_16396.jpg,outdoor,Americas,Americas,6,13
Americas\shard0_08870.jpg,outdoor,Americas,Americas,7,10
Americas\shard0_18592.jpg,outdoor,Americas,Americas,12,6
Americas\shard0_08425.jpg,outdoor,Americas,Americas,13,10
Americas\shard0_08020.jpg,outdoor,Americas,Americas,13,10
Americas\shard0_07044.jpg,outdoor,Americas,Americas,12,5
Americas\shard0_19369.jpg,outdoor,Americas,Americas,6,10
Americas\shard0_20808.jpg,outdoor,Americas,Americas,11,7
Americas\shard0_26137.jpg,outdoor,Americas,Americas,12,7
Americas\shard0_20388.jpg,outdoor,Americas,Americas,13,10
Americas\shard0_18501.jpg,outdoor,Americas,Americas,5,10
Americas\shard0_20271.jpg,outdoor,Americas,Americas,13,8
Americas\shard0_00909.jpg,outdoor,Americas,Americas,6,13
Americas\shard0_03110.jpg,outdoor,Americas,Americas,13,8
Americas\shard0_26701.jpg,outdoor,Americas,Americas,12,9
Americas\shard0_04970.jpg,outdoor,Americas,Americas,13,10
Americas\shard0_24373.jpg,outdoor,Americas,Americas,13,9
Americas\shard0_24490.jpg,outdoor,Americas,Americas,13,10
Americas\shard0_28264.jpg,outdoor,Americas,Americas,6,13
Americas\shard0_12228.jpg,outdoor,Americas,Americas,6,11
Americas\shard0_03639.jpg,outdoor,Americas,Americas,13,6
Americas\shard0_18853.jpg,outdoor,Americas,Americas,13,10
Americas\shard0_24524.jpg,outdoor,Americas,Americas,12,6
Americas\shard0_22016.jpg,outdoor,Americas,Americas,13,10
Americas\shard0_11221.jpg,outdoor,Americas,Americas,9,9
Americas\shard0_25196.jpg,outdoor,Americas,Americas,13,10
Americas\shard0_12885.jpg,outdoor,Americas,Americas,13,5
Americas\shard0_00475.jpg,outdoor,Americas,Americas,12,7
Americas\shard0_02777.jpg,outdoor,Americas,Americas,14,5
Americas\shard0_00019.jpg,outdoor,Americas,Americas,12,8
Americas\shard0_18339.jpg,outdoor,Americas,Americas,12,6
Americas\shard0_01882.jpg,outdoor,Americas,Americas,13,10
Americas\shard0_00026.jpg,outdoor,Americas,Americas,12,6
Americas\shard0_23427.jpg,outdoor,Americas,Americas,13,10
Americas\shard0_04012.jpg,outdoor,Americas,Americas,13,8
Americas\shard0_11427.jpg,outdoor,Americas,Americas,11,9
Americas\shard0_18995.jpg,outdoor,Americas,Americas,10,8
Americas\shard0_04609.jpg,outdoor,Americas,Americas,12,5
Americas\shard0_11399.jpg,outdoor,Americas,Americas,12,9
Americas\shard0_00994.jpg,outdoor,Americas,Americas,12,5
Americas\shard0_27414.jpg,outdoor,Americas,Americas,12,5
Americas\shard0_05039.jpg,outdoor,Americas,Americas,13,10
Americas\shard0_12666.jpg,outdoor,Americas,Americas,14,6
Americas\shard0_16366.jpg,outdoor,Americas,Americas,13,5
Americas\shard0_27263.jpg,outdoor,Americas,Americas,11,9
Americas\shard0_10507.jpg,outdoor,Americas,Americas,13,10
Americas\shard0_15461.jpg,outdoor,Americas,Americas,14,5
Americas\shard0_14953.jpg,outdoor,Americas,Americas,13,9
Americas\shard0_11281.jpg,outdoor,Americas,Americas,13,5
Americas\shard0_24776.jpg,outdoor,Americas,Americas,13,7
Americas\shard0_07188.jpg,outdoor,Americas,Americas,12,5
Americas\shard0_28872.jpg,outdoor,Americas,Americas,12,9
Americas\shard0_10157.jpg,outdoor,Americas,Americas,13,6
Americas\shard0_11958.jpg,outdoor,Americas,Americas,13,10
Americas\shard0_26158.jpg,outdoor,Americas,Americas,13,5
Americas\shard0_05812.jpg,outdoor,Americas,Americas,13,9
Americas\shard0_15110.jpg,outdoor,Americas,Americas,12,5
Americas\shard0_16725.jpg,outdoor,Americas,Americas,12,7
Americas\shard0_27683.jpg,outdoor,Americas,Americas,6,11
Americas\shard0_10313.jpg,outdoor,Americas,Americas,12,10
Americas\shard0_08666.jpg,outdoor,Americas,Americas,12,10
Americas\shard0_15453.jpg,outdoor,Americas,Americas,9,9
Americas\shard0_07787.jpg,outdoor,Americas,Americas,5,12
Americas\shard0_23763.jpg,outdoor,Americas,Americas,12,5
Americas\shard0_12124.jpg,outdoor,Americas,Americas,13,9
Americas\shard0_24823.jpg,outdoor,Americas,Americas,12,6
Americas\shard0_28658.jpg,outdoor,Americas,Americas,12,10
Americas\shard0_10868.jpg,outdoor,Americas,Americas,13,8
Americas\shard0_17592.jpg,outdoor,Americas,Americas,12,10
Americas\shard0_20667.jpg,outdoor,Americas,Americas,13,9
Americas\shard0_06663.jpg,outdoor,Americas,Americas,12,8
Americas\shard0_18499.jpg,outdoor,Americas,Americas,12,10
Americas\shard0_09452.jpg,outdoor,Americas,Americas,12,6
Americas\shard0_05101.jpg,outdoor,Americas,Americas,13,5
Americas\shard0_26866.jpg,outdoor,Americas,Americas,12,10
Americas\shard0_00950.jpg,outdoor,Americas,Americas,11,10
Americas\shard0_00243.jpg,outdoor,Americas,Americas,13,10
Americas\shard0_07172.jpg,outdoor,Americas,Americas,12,10
Americas\shard0_14295.jpg,outdoor,Americas,Americas,6,13
Americas\shard0_15780.jpg,outdoor,Americas,Americas,12,6
Americas\shard0_20294.jpg,outdoor,Americas,Americas,6,13
Americas\shard0_00501.jpg,outdoor,Americas,Americas,13,9
Americas\shard0_23469.jpg,outdoor,Americas,Americas,12,9
Americas\shard0_05732.jpg,outdoor,Americas,Americas,10,9
Americas\shard0_08668.jpg,outdoor,Americas,Americas,8,10
Americas\shard0_26869.jpg,outdoor,Americas,Americas,11,9
Americas\shard0_26679.jpg,outdoor,Americas,Americas,12,6
Americas\shard0_09050.jpg,outdoor,Americas,Americas,14,6
Americas\shard0_20072.jpg,outdoor,Americas,Americas,12,8
Americas\shard0_25321.jpg,outdoor,Americas,Americas,12,5
Americas\shard0_28153.jpg,outdoor,Americas,Americas,10,9
Americas\shard0_13541.jpg,outdoor,Americas,Americas,12,8
Americas\shard0_25864.jpg,outdoor,Americas,Americas,12,6
Americas\shard0_14573.jpg,outdoor,Americas,Americas,12,6
Americas\shard0_26602.jpg,outdoor,Americas,Americas,6,13
Americas\shard0_12379.jpg,outdoor,Americas,Americas,12,6
Americas\shard0_04002.jpg,outdoor,Americas,Americas,12,5
Americas\shard0_07335.jpg,outdoor,Americas,Americas,10,9
Americas\shard0_22321.jpg,outdoor,Americas,Americas,10,9
Americas\shard0_22329.jpg,outdoor,Americas,Americas,13,10
Americas\shard0_21705.jpg,outdoor,Americas,Americas,13,5
Americas\shard0_23934.jpg,outdoor,Americas,Americas,13,9
Americas\shard0_20222.jpg,outdoor,Americas,Americas,12,10
Americas\shard0_01468.jpg,outdoor,Americas,Americas,12,7
Americas\shard0_14350.jpg,outdoor,Americas,Americas,12,5
Americas\shard0_09300.jpg,outdoor,Americas,Americas,12,6
Americas\shard0_18147.jpg,outdoor,Americas,Americas,14,6
Americas\shard0_20042.jpg,outdoor,Americas,Americas,13,5
Americas\shard0_02150.jpg,outdoor,Americas,Americas,13,8
Americas\shard0_21081.jpg,outdoor,Americas,Americas,13,8
Americas\shard0_00207.jpg,outdoor,Americas,Americas,13,5
Americas\shard0_02733.jpg,outdoor,Americas,Americas,13,9
Americas\shard0_01228.jpg,outdoor,Americas,Americas,13,9
Americas\shard0_12244.jpg,outdoor,Americas,Americas,13,8
Americas\shard0_25603.jpg,outdoor,Americas,Americas,12,10
Americas\shard0_05635.jpg,outdoor,Americas,Americas,13,9
Americas\shard0_20669.jpg,outdoor,Americas,Americas,13,10
Americas\shard0_08981.jpg,outdoor,Americas,Americas,12,5
Americas\shard0_23645.jpg,outdoor,Americas,Americas,11,8
Americas\shard0_22425.jpg,outdoor,Americas,Americas,13,8
Americas\shard0_19429.jpg,outdoor,Americas,Americas,13,7
Americas\shard0_15989.jpg,outdoor,Americas,Americas,12,10
Americas\shard0_18231.jpg,outdoor,Americas,Americas,12,9
Americas\shard0_12693.jpg,outdoor,Americas,Americas,6,13
Americas\shard0_18489.jpg,outdoor,Americas,Americas,12,10
Americas\shard0_22611.jpg,outdoor,Americas,Americas,13,10
Americas\shard0_10001.jpg,outdoor,Americas,Americas,13,5
Americas\shard0_09910.jpg,outdoor,Americas,Americas,12,7
Americas\shard0_22923.jpg,outdoor,Americas,Americas,13,5
Americas\shard0_10042.jpg,outdoor,Americas,Americas,14,6
Americas\shard0_07758.jpg,outdoor,Americas,Americas,12,5
Americas\shard0_22753.jpg,outdoor,Americas,Americas,13,9
Americas\shard0_08633.jpg,outdoor,Americas,Americas,12,10
Americas\shard0_29942.jpg,outdoor,Americas,Americas,5,10
Americas\shard0_13633.jpg,outdoor,Americas,Americas,12,5
Americas\shard0_10492.jpg,outdoor,Americas,Americas,13,5
Americas\shard0_02147.jpg,outdoor,Americas,Americas,13,10
Americas\shard0_24361.jpg,outdoor,Americas,Americas,12,5
Americas\shard0_17100.jpg,outdoor,Americas,Americas,12,5
Americas\shard0_27756.jpg,outdoor,Americas,Americas,12,8
Americas\shard0_20561.jpg,outdoor,Americas,Americas,11,9
Americas\shard0_24630.jpg,outdoor,Americas,Americas,12,7
Americas\shard0_26270.jpg,outdoor,Americas,Americas,12,5
Americas\shard0_13648.jpg,outdoor,Americas,Americas,11,9
Americas\shard0_18281.jpg,outdoor,Americas,Americas,12,9
Americas\shard0_08634.jpg,outdoor,Americas,Americas,13,9
Americas\shard0_02898.jpg,outdoor,Americas,Americas,13,10
Americas\shard0_18421.jpg,outdoor,Americas,Americas,13,10
Americas\shard0_02874.jpg,outdoor,Americas,Americas,11,8
Americas\shard0_28025.jpg,outdoor,Americas,Americas,13,10
Americas\shard0_08295.jpg,outdoor,Americas,Americas,13,9
Americas\shard0_14226.jpg,outdoor,Americas,Americas,12,10
Americas\shard0_01123.jpg,outdoor,Americas,Americas,12,7
Americas\shard0_07634.jpg,outdoor,Americas,Americas,12,6
Americas\shard0_12965.jpg,outdoor,Americas,Americas,12,10
Americas\shard0_19523.jpg,outdoor,Americas,Americas,12,8
Americas\shard0_03890.jpg,outdoor,Americas,Americas,12,10
Americas\shard0_28995.jpg,outdoor,Americas,Americas,12,6
Americas\shard0_03275.jpg,outdoor,Americas,Americas,12,10
Americas\shard0_08379.jpg,outdoor,Americas,Americas,12,10
Americas\shard0_17752.jpg,outdoor,Americas,Americas,12,5
Americas\shard0_16780.jpg,outdoor,Americas,Americas,10,8
Americas\shard0_18215.jpg,outdoor,Americas,Americas,12,6
Americas\shard0_16763.jpg,outdoor,Americas,Americas,13,10
Americas\shard0_18904.jpg,outdoor,Americas,Americas,12,10
Americas\shard0_24568.jpg,outdoor,Americas,Americas,13,10
Americas\shard0_11421.jpg,outdoor,Americas,Americas,13,10
Americas\shard0_18323.jpg,outdoor,Americas,Americas,13,5
Americas\shard0_13291.jpg,outdoor,Americas,Americas,13,5
Americas\shard0_15714.jpg,outdoor,Americas,Americas,4,10
Americas\shard0_12542.jpg,outdoor,Americas,Americas,12,9
Americas\shard0_24026.jpg,outdoor,Americas,Americas,13,5
Americas\shard0_15232.jpg,outdoor,Americas,Americas,13,9
Americas\shard0_00574.jpg,outdoor,Americas,Americas,10,9
Americas\shard0_21389.jpg,outdoor,Americas,Americas,13,5
Americas\shard0_09547.jpg,outdoor,Americas,Americas,6,13
Americas\shard0_09319.jpg,outdoor,Americas,Americas,12,5
Americas\shard0_13869.jpg,outdoor,Americas,Americas,12,9
Americas\shard0_21246.jpg,outdoor,Americas,Americas,12,6
Americas\shard0_20324.jpg,outdoor,Americas,Americas,13,11
Americas\shard0_22290.jpg,outdoor,Americas,Americas,13,10
Americas\shard0_25993.jpg,outdoor,Americas,Americas,12,7
Americas\shard0_18713.jpg,outdoor,Americas,Americas,13,10
Americas\shard0_19064.jpg,outdoor,Americas,Americas,13,9
Americas\shard0_05862.jpg,outdoor,Americas,Americas,13,6
Americas\shard0_08841.jpg,outdoor,Americas,Americas,12,5
Americas\shard0_19938.jpg,outdoor,Americas,Americas,14,6
Americas\shard0_10914.jpg,outdoor,Americas,Americas,13,6
Americas\shard0_05980.jpg,outdoor,Americas,Americas,13,10
Americas\shard0_05857.jpg,outdoor,Americas,Americas,12,6
Americas\shard0_29470.jpg,outdoor,Americas,Americas,12,9
Americas\shard0_09428.jpg,outdoor,Americas,Americas,12,8
Americas\shard0_19883.jpg,outdoor,Americas,Americas,13,10
Americas\shard0_09285.jpg,outdoor,Americas,Americas,12,10
Americas\shard0_20487.jpg,outdoor,Americas,Americas,13,10
Americas\shard0_17480.jpg,outdoor,Americas,Americas,12,8
Americas\shard0_05500.jpg,outdoor,Americas,Americas,12,6
Americas\shard0_14275.jpg,outdoor,Americas,Americas,13,10
Americas\shard0_14737.jpg,outdoor,Americas,Americas,13,9
Americas\shard0_12446.jpg,outdoor,Americas,Americas,13,10
Americas\shard0_20668.jpg,outdoor,Americas,Americas,7,13
Americas\shard0_08095.jpg,outdoor,Americas,Americas,11,9
Americas\shard0_21260.jpg,outdoor,Americas,Americas,13,6
Americas\shard0_13340.jpg,outdoor,Americas,Americas,13,9
Americas\shard0_01568.jpg,outdoor,Americas,Americas,13,10
Americas\shard0_00959.jpg,outdoor,Americas,Americas,13,9
Americas\shard0_04704.jpg,outdoor,Americas,Americas,11,9
Americas\shard0_08701.jpg,outdoor,Americas,Americas,6,13
Americas\shard0_19176.jpg,outdoor,Americas,Americas,13,5
Americas\shard0_17414.jpg,outdoor,Americas,Americas,15,3
Americas\shard0_03301.jpg,outdoor,Americas,Americas,12,8
Americas\shard0_09488.jpg,outdoor,Americas,Americas,12,6
Americas\shard0_19897.jpg,outdoor,Americas,Americas,12,7
Americas\shard0_02904.jpg,outdoor,Americas,Americas,12,9
Americas\shard0_01016.jpg,outdoor,Americas,Americas,13,10
Americas\shard0_07052.jpg,outdoor,Americas,Americas,13,8
Americas\shard0_14942.jpg,outdoor,Americas,Americas,12,6
Americas\shard0_09082.jpg,outdoor,Americas,Americas,11,8
Americas\shard0_07998.jpg,outdoor,Americas,Americas,13,10
Americas\shard0_27543.jpg,outdoor,Americas,Americas,13,8
Americas\shard0_28573.jpg,outdoor,Americas,Americas,5,12
Americas\shard0_19943.jpg,outdoor,Americas,Americas,11,9
Americas\shard0_24552.jpg,outdoor,Americas,Americas,12,9
Americas\shard0_03066.jpg,outdoor,Americas,Americas,12,9
Americas\shard0_26561.jpg,outdoor,Americas,Americas,13,8
Americas\shard0_27800.jpg,outdoor,Americas,Americas,13,6
Americas\shard0_08945.jpg,outdoor,Americas,Americas,11,9
Americas\shard0_23035.jpg,outdoor,Americas,Americas,6,13
Americas\shard0_18370.jpg,outdoor,Americas,Americas,12,5
Americas\shard0_21023.jpg,outdoor,Americas,Americas,11,9
Americas\shard0_12030.jpg,outdoor,Americas,Americas,12,10
Americas\shard0_26883.jpg,outdoor,Americas,Americas,13,8
Americas\shard0_06501.jpg,outdoor,Americas,Americas,3,10
Americas\shard0_07407.jpg,outdoor,Americas,Americas,12,6
Americas\shard0_12202.jpg,outdoor,Americas,Americas,6,13
Americas\shard0_08766.jpg,outdoor,Americas,Americas,11,9
Americas\shard0_20046.jpg,outdoor,Americas,Americas,6,13
Americas\shard0_20197.jpg,outdoor,Americas,Americas,12,6
Americas\shard0_01627.jpg,outdoor,Americas,Americas,13,7
Americas\shard0_01550.jpg,outdoor,Americas,Americas,12,5
Americas\shard0_26741.jpg,outdoor,Americas,Americas,14,4
Americas\shard0_09433.jpg,outdoor,Americas,Americas,12,9
Americas\shard0_07289.jpg,outdoor,Americas,Americas,10,11
Americas\shard0_27339.jpg,outdoor,Americas,Americas,12,8
Americas\shard0_24609.jpg,outdoor,Americas,Americas,13,9
Americas\shard0_20931.jpg,outdoor,Americas,Americas,13,9
Americas\shard0_17210.jpg,outdoor,Americas,Americas,12,8
Americas\shard0_23404.jpg,outdoor,Americas,Americas,12,10
Americas\shard0_18290.jpg,outdoor,Americas,Americas,12,10
Americas\shard0_21583.jpg,outdoor,Americas,Americas,13,5
Americas\shard0_26031.jpg,outdoor,Americas,Americas,12,5
Americas\shard0_23516.jpg,outdoor,Americas,Americas,12,5
Americas\shard0_00907.jpg,outdoor,Americas,Americas,12,9
Americas\shard0_09621.jpg,outdoor,Americas,Americas,12,8
Americas\shard0_13699.jpg,outdoor,Americas,Americas,12,6
Americas\shard0_19609.jpg,outdoor,Americas,Americas,13,5
Americas\shard0_07999.jpg,outdoor,Americas,Americas,13,10
Americas\shard0_27387.jpg,outdoor,Americas,Americas,13,10
Americas\shard0_22324.jpg,outdoor,Americas,Americas,13,10
Americas\shard0_21680.jpg,outdoor,Americas,Americas,12,8
Americas\shard0_03427.jpg,outdoor,Americas,Americas,13,10
Americas\shard0_12667.jpg,outdoor,Americas,Americas,12,6
Americas\shard0_00035.jpg,outdoor,Americas,Americas,12,5
Americas\shard0_08534.jpg,outdoor,Americas,Americas,12,10
Americas\shard0_08054.jpg,outdoor,Americas,Americas,12,6
Americas\shard0_20989.jpg,outdoor,Americas,Americas,12,5
Americas\shard0_01036.jpg,outdoor,Americas,Americas,12,5
Americas\shard0_25144.jpg,outdoor,Americas,Americas,12,6
Americas\shard0_19695.jpg,outdoor,Americas,Americas,12,5
Americas\shard0_26818.jpg,outdoor,Americas,Americas,11,9
Americas\shard0_07071.jpg,outdoor,Americas,Americas,13,10
Americas\shard0_12999.jpg,outdoor,Americas,Americas,12,5
Americas\shard0_04042.jpg,outdoor,Americas,Americas,11,9
Americas\shard0_26371.jpg,outdoor,Americas,Americas,13,10
Americas\shard0_11024.jpg,outdoor,Americas,Americas,11,9
Americas\shard0_21916.jpg,outdoor,Americas,Americas,6,12
Americas\shard0_23322.jpg,outdoor,Americas,Americas,12,8
Americas\shard0_16584.jpg,outdoor,Americas,Americas,5,10
Americas\shard0_21150.jpg,outdoor,Americas,Americas,14,7
Americas\shard0_18206.jpg,outdoor,Americas,Americas,13,10
Americas\shard0_21657.jpg,outdoor,Americas,Americas,13,5
Americas\shard0_12296.jpg,outdoor,Americas,Americas,6,13
Americas\shard0_02208.jpg,outdoor,Americas,Americas,12,10
Americas\shard0_12142.jpg,outdoor,Americas,Americas,12,5
Americas\shard0_26759.jpg,outdoor,Americas,Americas,12,6
Americas\shard0_27230.jpg,outdoor,Americas,Americas,13,10
Americas\shard0_24077.jpg,outdoor,Americas,Americas,12,6
Americas\shard0_04986.jpg,outdoor,Americas,Americas,6,13
Americas\shard0_22337.jpg,outdoor,Americas,Americas,12,6
Americas\shard0_19606.jpg,outdoor,Americas,Americas,12,10
Americas\shard0_02882.jpg,outdoor,Americas,Americas,13,10
Americas\shard0_13242.jpg,outdoor,Americas,Americas,11,9
Americas\shard0_01455.jpg,outdoor,Americas,Americas,13,10
Americas\shard0_22086.jpg,outdoor,Americas,Americas,12,9
Americas\shard0_12541.jpg,outdoor,Americas,Americas,12,6
Americas\shard0_12314.jpg,outdoor,Americas,Americas,12,10
Americas\shard0_05962.jpg,outdoor,Americas,Americas,12,6
Americas\shard0_22349.jpg,outdoor,Americas,Americas,12,6
Americas\shard0_01890.jpg,outdoor,Americas,Americas,7,10
Americas\shard0_11920.jpg,outdoor,Americas,Americas,11,9
Americas\shard0_14502.jpg,outdoor,Americas,Americas,6,13
Americas\shard0_15951.jpg,outdoor,Americas,Americas,5,10
Americas\shard0_06192.jpg,outdoor,Americas,Americas,13,9
Americas\shard0_15736.jpg,outdoor,Americas,Americas,12,9
Americas\shard0_26710.jpg,outdoor,Americas,Americas,11,7
Americas\shard0_23021.jpg,outdoor,Americas,Americas,13,9
Americas\shard0_24859.jpg,outdoor,Americas,Americas,12,10
Americas\shard0_14745.jpg,outdoor,Americas,Americas,10,9
Americas\shard0_05538.jpg,outdoor,Americas,Americas,12,6
Americas\shard0_15447.jpg,outdoor,Americas,Americas,12,10
Americas\shard0_24885.jpg,outdoor,Americas,Americas,12,6
Americas\shard0_25442.jpg,outdoor,Americas,Americas,13,9
Americas\shard0_05494.jpg,outdoor,Americas,Americas,13,9
Americas\shard0_25521.jpg,outdoor,Americas,Americas,13,5
Americas\shard0_23459.jpg,outdoor,Americas,Americas,12,10
Americas\shard0_28765.jpg,outdoor,Americas,Americas,13,10
Americas\shard0_18901.jpg,outdoor,Americas,Americas,13,9
Americas\shard0_14304.jpg,outdoor,Americas,Americas,13,8
Americas\shard0_12899.jpg,outdoor,Americas,Americas,12,10
Americas\shard0_18359.jpg,outdoor,Americas,Americas,13,5
Americas\shard0_23055.jpg,outdoor,Americas,Americas,13,8
Americas\shard0_21445.jpg,outdoor,Americas,Americas,13,9
Americas\shard0_08114.jpg,outdoor,Americas,Americas,12,9
Americas\shard0_27883.jpg,outdoor,Americas,Americas,12,7
Americas\shard0_29118.jpg,outdoor,Americas,Americas,5,12
Americas\shard0_09197.jpg,outdoor,Americas,Americas,12,8
Americas\shard0_00561.jpg,outdoor,Americas,Americas,12,5
Americas\shard0_22896.jpg,outdoor,Americas,Americas,12,10
Americas\shard0_21963.jpg,outdoor,Americas,Americas,6,13
Americas\shard0_04059.jpg,outdoor,Americas,Americas,13,10
Americas\shard0_03535.jpg,outdoor,Americas,Americas,12,8
Americas\shard0_27062.jpg,outdoor,Americas,Americas,11,8
Americas\shard0_06865.jpg,outdoor,Americas,Americas,13,10
Americas\shard0_05303.jpg,outdoor,Americas,Americas,13,8
Americas\shard0_02076.jpg,outdoor,Americas,Americas,13,10
Americas\shard0_18836.jpg,outdoor,Americas,Americas,3,10
Americas\shard0_08748.jpg,outdoor,Americas,Americas,12,10
Americas\shard0_13496.jpg,outdoor,Americas,Americas,10,8
Americas\shard0_08592.jpg,outdoor,Americas,Americas,11,9
Americas\shard0_06138.jpg,outdoor,Americas,Americas,12,9
Americas\shard0_03868.jpg,outdoor,Americas,Americas,12,8
Americas\shard0_21492.jpg,outdoor,Americas,Americas,13,6
Americas\shard0_01835.jpg,outdoor,Americas,Americas,13,8
Americas\shard0_25452.jpg,outdoor,Americas,Americas,12,9
Americas\shard0_27582.jpg,outdoor,Americas,Americas,12,7
Americas\shard0_16230.jpg,outdoor,Americas,Americas,13,5
Americas\shard0_27483.jpg,outdoor,Americas,Americas,12,5
Americas\shard0_21208.jpg,outdoor,Americas,Americas,12,6
Americas\shard0_20803.jpg,outdoor,Americas,Americas,11,9
Americas\shard0_18749.jpg,outdoor,Americas,Americas,11,2
Americas\shard0_15473.jpg,outdoor,Americas,Americas,12,10
Americas\shard0_18198.jpg,outdoor,Americas,Americas,12,9
Americas\shard0_15799.jpg,outdoor,Americas,Americas,12,10
Americas\shard0_29240.jpg,outdoor,Americas,Americas,12,8
Americas\shard0_03054.jpg,outdoor,Americas,Americas,12,9
Americas\shard0_18410.jpg,outdoor,Americas,Americas,11,8
Americas\shard0_09715.jpg,outdoor,Americas,Americas,13,10
Americas\shard0_23234.jpg,outdoor,Americas,Americas,13,6
Americas\shard0_12873.jpg,outdoor,Americas,Americas,12,5
Americas\shard0_07954.jpg,outdoor,Americas,Americas,8,10
Americas\shard0_15323.jpg,outdoor,Americas,Americas,13,10
Americas\shard0_13708.jpg,outdoor,Americas,Americas,13,10
Americas\shard0_08011.jpg,outdoor,Americas,Americas,12,10
Americas\shard0_05021.jpg,outdoor,Americas,Americas,12,5
Americas\shard0_05845.jpg,outdoor,Americas,Americas,12,5
Americas\shard0_18943.jpg,outdoor,Americas,Americas,13,5
Americas\shard0_02094.jpg,outdoor,Americas,Americas,13,10
Americas\shard0_07442.jpg,outdoor,Americas,Americas,11,8
Americas\shard0_02047.jpg,outdoor,Americas,Americas,12,6
Americas\shard0_26990.jpg,outdoor,Americas,Americas,13,10
Americas\shard0_08130.jpg,outdoor,Americas,Americas,12,10
Americas\shard0_06157.jpg,outdoor,Americas,Americas,12,10
Americas\shard0_24754.jpg,outdoor,Americas,Americas,12,6
Americas\shard0_16302.jpg,outdoor,Americas,Americas,12,9
Americas\shard0_10442.jpg,outdoor,Americas,Americas,12,5
Americas\shard0_24420.jpg,outdoor,Americas,Americas,12,10
Americas\shard0_14099.jpg,outdoor,Americas,Americas,11,9
Americas\shard0_06919.jpg,outdoor,Americas,Americas,12,5
Americas\shard0_05327.jpg,outdoor,Americas,Americas,12,10
Americas\shard0_11821.jpg,outdoor,Americas,Americas,12,5
Americas\shard0_13166.jpg,outdoor,Americas,Americas,5,12
Americas\shard0_24293.jpg,outdoor,Americas,Americas,13,10
Americas\shard0_05200.jpg,outdoor,Americas,Americas,13,10
Americas\shard0_25422.jpg,outdoor,Americas,Americas,13,10
Americas\shard0_23195.jpg,outdoor,Americas,Americas,12,7
Americas\shard0_06922.jpg,outdoor,Americas,Americas,12,8
Americas\shard0_14404.jpg,outdoor,Americas,Americas,13,5
Americas\shard0_14476.jpg,outdoor,Americas,Americas,13,9
Americas\shard0_11159.jpg,outdoor,Americas,Americas,12,7
Americas\shard0_04143.jpg,outdoor,Americas,Americas,5,12
Americas\shard0_21199.jpg,outdoor,Americas,Americas,6,13
Americas\shard0_19020.jpg,outdoor,Americas,Americas,13,10
Americas\shard0_03144.jpg,outdoor,Americas,Americas,13,10
Americas\shard0_29955.jpg,outdoor,Americas,Americas,13,10
Americas\shard0_05025.jpg,outdoor,Americas,Americas,13,5
Americas\shard0_27578.jpg,outdoor,Americas,Americas,13,11
Americas\shard0_14380.jpg,outdoor,Americas,Americas,5,10
Americas\shard0_13120.jpg,outdoor,Americas,Americas,11,9
Americas\shard0_23263.jpg,outdoor,Americas,Americas,6,12
Americas\shard0_22524.jpg,outdoor,Americas,Americas,6,13
Americas\shard0_09450.jpg,outdoor,Americas,Americas,12,6
Americas\shard0_04608.jpg,outdoor,Americas,Americas,12,10
Americas\shard0_11525.jpg,outdoor,Americas,Americas,11,7
Americas\shard0_05097.jpg,outdoor,Americas,Americas,12,5
Americas\shard0_14046.jpg,outdoor,Americas,Americas,12,8
Americas\shard0_15942.jpg,outdoor,Americas,Americas,6,11
Americas\shard0_24633.jpg,outdoor,Americas,Americas,13,10
Americas\shard0_12933.jpg,outdoor,Americas,Americas,13,5
Americas\shard0_19707.jpg,outdoor,Americas,Americas,13,9
Americas\shard0_13707.jpg,outdoor,Americas,Americas,13,10
Americas\shard0_21716.jpg,outdoor,Americas,Americas,11,8
Americas\shard0_00590.jpg,outdoor,Americas,Americas,12,8
Americas\shard0_29669.jpg,outdoor,Americas,Americas,12,5
Americas\shard0_15707.jpg,outdoor,Americas,Americas,12,5
Americas\shard0_21577.jpg,outdoor,Americas,Americas,13,10
Americas\shard0_12311.jpg,outdoor,Americas,Americas,10,9
Americas\shard0_03068.jpg,outdoor,Americas,Americas,12,7
Americas\shard0_07982.jpg,outdoor,Americas,Americas,12,5
Americas\shard0_10990.jpg,outdoor,Americas,Americas,13,10
Americas\shard0_19160.jpg,outdoor,Americas,Americas,12,10
Americas\shard0_18347.jpg,outdoor,Americas,Americas,5,11
Americas\shard0_01586.jpg,outdoor,Americas,Americas,12,6
Americas\shard0_25231.jpg,outdoor,Americas,Americas,12,10
Americas\shard0_28927.jpg,outdoor,Americas,Americas,6,13
Americas\shard0_19712.jpg,outdoor,Americas,Americas,7,10
Americas\shard0_06016.jpg,outdoor,Americas,Americas,12,7
Americas\shard0_27152.jpg,outdoor,Americas,Americas,13,10
Americas\shard0_26433.jpg,outdoor,Americas,Americas,12,6
Americas\shard0_02479.jpg,outdoor,Americas,Americas,12,8
Americas\shard0_17378.jpg,outdoor,Americas,Americas,12,8
Americas\shard0_23735.jpg,outdoor,Americas,Americas,13,10
Americas\shard0_26104.jpg,outdoor,Americas,Americas,13,5
Americas\shard0_21670.jpg,outdoor,Americas,Americas,13,10
Americas\shard0_12825.jpg,outdoor,Americas,Americas,13,6
Americas\shard0_10163.jpg,outdoor,Americas,Americas,13,5
Americas\shard0_24857.jpg,outdoor,Americas,Americas,12,9
Americas\shard0_16525.jpg,outdoor,Americas,Americas,13,10
Americas\shard0_15047.jpg,outdoor,Americas,Americas,13,8
Americas\shard0_16881.jpg,outdoor,Americas,Americas,13,9
Americas\shard0_18193.jpg,outdoor,Americas,Americas,12,6
Americas\shard0_27356.jpg,outdoor,Americas,Americas,13,10
Americas\shard0_09388.jpg,outdoor,Americas,Americas,10,8
Americas\shard0_27471.jpg,outdoor,Americas,Americas,13,10
Americas\shard0_22130.jpg,outdoor,Americas,Americas,15,2
Americas\shard0_07035.jpg,outdoor,Americas,Americas,11,8
Americas\shard0_17944.jpg,outdoor,Americas,Americas,11,9
Americas\shard0_04880.jpg,outdoor,Americas,Americas,12,6
Americas\shard0_12324.jpg,outdoor,Americas,Americas,12,10
Americas\shard0_13039.jpg,outdoor,Americas,Americas,12,5
Americas\shard0_11000.jpg,outdoor,Americas,Americas,13,6
Americas\shard0_26395.jpg,outdoor,Americas,Americas,13,10
Americas\shard0_15205.jpg,outdoor,Americas,Americas,13,10
Americas\shard0_02910.jpg,outdoor,Americas,Americas,7,11
Americas\shard0_12418.jpg,outdoor,Americas,Americas,7,13
Americas\shard0_14577.jpg,outdoor,Americas,Americas,12,9
Americas\shard0_03123.jpg,outdoor,Americas,Americas,13,10
Americas\shard0_01673.jpg,outdoor,Americas,Americas,11,8
Americas\shard0_13722.jpg,outdoor,Americas,Americas,5,11
Americas\shard0_06767.jpg,outdoor,Americas,Americas,10,10
Americas\shard0_25305.jpg,outdoor,Americas,Americas,12,5
Americas\shard0_03541.jpg,outdoor,Americas,Americas,12,7
Americas\shard0_14229.jpg,outdoor,Americas,Americas,12,8
Americas\shard0_17453.jpg,outdoor,Americas,Americas,13,9
Americas\shard0_02614.jpg,outdoor,Americas,Americas,13,9
Americas\shard0_00465.jpg,outdoor,Americas,Americas,12,10
Americas\shard0_01696.jpg,outdoor,Americas,Americas,6,13
Americas\shard0_13487.jpg,outdoor,Americas,Americas,12,9
Americas\shard0_07259.jpg,outdoor,Americas,Americas,12,10
Americas\shard0_29653.jpg,outdoor,Americas,Americas,13,10
Americas\shard0_18400.jpg,outdoor,Americas,Americas,12,6
Americas\shard0_12754.jpg,outdoor,Americas,Americas,5,12
Americas\shard0_29703.jpg,outdoor,Americas,Americas,12,9
Americas\shard0_09098.jpg,outdoor,Americas,Americas,12,9
Americas\shard0_03248.jpg,outdoor,Americas,Americas,12,10
Americas\shard0_11202.jpg,outdoor,Americas,Americas,13,5
Americas\shard0_17440.jpg,outdoor,Americas,Americas,12,7
Americas\shard0_14733.jpg,outdoor,Americas,Americas,13,9
Americas\shard0_25203.jpg,outdoor,Americas,Americas,5,10
Americas\shard0_18062.jpg,outdoor,Americas,Americas,14,6
Americas\shard0_10720.jpg,outdoor,Americas,Americas,13,5
Americas\shard0_19238.jpg,outdoor,Americas,Americas,11,2
Americas\shard0_04640.jpg,outdoor,Americas,Americas,13,6
Americas\shard0_17160.jpg,outdoor,Americas,Americas,14,5
Americas\shard0_23171.jpg,outdoor,Americas,Americas,12,10
Americas\shard0_24400.jpg,outdoor,Americas,Americas,12,9
Americas\shard0_23709.jpg,outdoor,Americas,Americas,13,10
Americas\shard0_25234.jpg,outdoor,Americas,Americas,12,6
Americas\shard0_15373.jpg,outdoor,Americas,Americas,13,5
Americas\shard0_12121.jpg,outdoor,Americas,Americas,13,10
Americas\shard0_22043.jpg,outdoor,Americas,Americas,12,5
Americas\shard0_17571.jpg,outdoor,Americas,Americas,7,13
Americas\shard0_07020.jpg,outdoor,Americas,Americas,13,9
Americas\shard0_10637.jpg,outdoor,Americas,Americas,13,9
Americas\shard0_16406.jpg,outdoor,Americas,Americas,10,11
Americas\shard0_27594.jpg,outdoor,Americas,Americas,12,9
Americas\shard0_07502.jpg,outdoor,Americas,Americas,13,10
Americas\shard0_03660.jpg,outdoor,Americas,Americas,12,5
Americas\shard0_15589.jpg,outdoor,Americas,Americas,13,10
Americas\shard0_03872.jpg,outdoor,Americas,Americas,9,9
Americas\shard0_20101.jpg,outdoor,Americas,Americas,12,5
Americas\shard0_25951.jpg,outdoor,Americas,Americas,10,8
Americas\shard0_01367.jpg,outdoor,Americas,Americas,13,5
Americas\shard0_12556.jpg,outdoor,Americas,Americas,12,8
Americas\shard0_13543.jpg,outdoor,Americas,Americas,11,8
Americas\shard0_20176.jpg,outdoor,Americas,Americas,12,5
Americas\shard0_05952.jpg,outdoor,Americas,Americas,13,10
Americas\shard0_04412.jpg,outdoor,Americas,Americas,12,6
Americas\shard0_12454.jpg,outdoor,Americas,Americas,12,5
Americas\shard0_07280.jpg,outdoor,Americas,Americas,6,13
Americas\shard0_10943.jpg,outdoor,Americas,Americas,12,6
Americas\shard0_16354.jpg,outdoor,Americas,Americas,13,5
Americas\shard0_14174.jpg,outdoor,Americas,Americas,12,8
Americas\shard0_27569.jpg,outdoor,Americas,Americas,12,10
Americas\shard0_25938.jpg,outdoor,Americas,Americas,10,9
Americas\shard0_25962.jpg,outdoor,Americas,Americas,12,6
Americas\shard0_09038.jpg,outdoor,Americas,Americas,13,10
Americas\shard0_19513.jpg,outdoor,Americas,Americas,13,8
Americas\shard0_29202.jpg,outdoor,Americas,Americas,13,10
Americas\shard0_23801.jpg,outdoor,Americas,Americas,12,6
Americas\shard0_07298.jpg,outdoor,Americas,Americas,12,8
Americas\shard0_20369.jpg,outdoor,Americas,Americas,12,8
Americas\shard0_10904.jpg,outdoor,Americas,Americas,13,10
Americas\shard0_09924.jpg,outdoor,Americas,Americas,13,9
Americas\shard0_13008.jpg,outdoor,Americas,Americas,13,10
Americas\shard0_23337.jpg,outdoor,Americas,Americas,13,10
Americas\shard0_28172.jpg,outdoor,Americas,Americas,12,5
Americas\shard0_13436.jpg,outdoor,Americas,Americas,12,6
Americas\shard0_22044.jpg,outdoor,Americas,Americas,12,8
Americas\shard0_25896.jpg,outdoor,Americas,Americas,13,11
Americas\shard0_09385.jpg,outdoor,Americas,Americas,6,12
Americas\shard0_22251.jpg,outdoor,Americas,Americas,12,10
Americas\shard0_13636.jpg,outdoor,Americas,Americas,12,6
Americas\shard0_22711.jpg,outdoor,Americas,Americas,13,10
Americas\shard0_28142.jpg,outdoor,Americas,Americas,6,13
Americas\shard0_17761.jpg,outdoor,Americas,Americas,14,7
Americas\shard0_14604.jpg,outdoor,Americas,Americas,13,10
Americas\shard0_12136.jpg,outdoor,Americas,Americas,13,10
Americas\shard0_22197.jpg,outdoor,Americas,Americas,13,5
Americas\shard0_15429.jpg,outdoor,Americas,Americas,12,8
Americas\shard0_07434.jpg,outdoor,Americas,Americas,8,9
Americas\shard0_18668.jpg,outdoor,Americas,Americas,11,2
Americas\shard0_13726.jpg,outdoor,Americas,Americas,13,10
Americas\shard0_10029.jpg,outdoor,Americas,Americas,13,5
Americas\shard0_02401.jpg,outdoor,Americas,Americas,13,8
Americas\shard0_06561.jpg,outdoor,Americas,Americas,12,5
Americas\shard0_20976.jpg,outdoor,Americas,Americas,12,5
Americas\shard0_17904.jpg,outdoor,Americas,Americas,12,6
Americas\shard0_23269.jpg,outdoor,Americas,Americas,8,14
Americas\shard0_14569.jpg,outdoor,Americas,Americas,14,5
Americas\shard0_21749.jpg,outdoor,Americas,Americas,14,6
Americas\shard0_20080.jpg,outdoor,Americas,Americas,12,6
Americas\shard0_16076.jpg,outdoor,Americas,Americas,13,5
Americas\shard0_02294.jpg,outdoor,Americas,Americas,9,10
Americas\shard0_22901.jpg,outdoor,Americas,Americas,12,5
Americas\shard0_22820.jpg,outdoor,Americas,Americas,12,7
Americas\shard0_12580.jpg,outdoor,Americas,Americas,13,10
Americas\shard0_02097.jpg,outdoor,Americas,Americas,13,5
Americas\shard0_20708.jpg,outdoor,Americas,Americas,13,6
Americas\shard0_04717.jpg,outdoor,Americas,Americas,12,6
Americas\shard0_07398.jpg,outdoor,Americas,Americas,10,9
Americas\shard0_04405.jpg,outdoor,Americas,Americas,12,6
Americas\shard0_08477.jpg,outdoor,Americas,Americas,12,5
Americas\shard0_05003.jpg,outdoor,Americas,Americas,11,7
Americas\shard0_12555.jpg,outdoor,Americas,Americas,8,10
Americas\shard0_26220.jpg,outdoor,Americas,Americas,13,10
Americas\shard0_00471.jpg,outdoor,Americas,Americas,12,10
Americas\shard0_03165.jpg,outdoor,Americas,Americas,12,9
Americas\shard0_28745.jpg,outdoor,Americas,Americas,13,10
Americas\shard0_26742.jpg,outdoor,Americas,Americas,12,10
Americas\shard0_22631.jpg,outdoor,Americas,Americas,13,5
Americas\shard0_16089.jpg,outdoor,Americas,Americas,11,9
Americas\shard0_26069.jpg,outdoor,Americas,Americas,10,9
Americas\shard0_03564.jpg,outdoor,Americas,Americas,11,8
Americas\shard0_00482.jpg,outdoor,Americas,Americas,12,5
Americas\shard0_20819.jpg,outdoor,Americas,Americas,8,11
Americas\shard0_28518.jpg,outdoor,Americas,Americas,13,7
Americas\shard0_28227.jpg,outdoor,Americas,Americas,13,10
Americas\shard0_29596.jpg,outdoor,Americas,Americas,12,10
Americas\shard0_02704.jpg,outdoor,Americas,Americas,13,10
Americas\shard0_19594.jpg,outdoor,Americas,Americas,10,9
Americas\shard0_19178.jpg,outdoor,Americas,Americas,5,12
Americas\shard0_18229.jpg,outdoor,Americas,Americas,12,10
Americas\shard0_04312.jpg,outdoor,Americas,Americas,13,5
Americas\shard0_03787.jpg,outdoor,Americas,Americas,13,8
Americas\shard0_21288.jpg,outdoor,Americas,Americas,7,10
Americas\shard0_23299.jpg,outdoor,Americas,Americas,12,6
Americas\shard0_22848.jpg,outdoor,Americas,Americas,12,6
Americas\shard0_00022.jpg,outdoor,Americas,Americas,11,9
Americas\shard0_13412.jpg,outdoor,Americas,Americas,12,8
Americas\shard0_25049.jpg,outdoor,Americas,Americas,13,10
Americas\shard0_13655.jpg,outdoor,Americas,Americas,13,10
Americas\shard0_11721.jpg,outdoor,Americas,Americas,11,9
Americas\shard0_10956.jpg,outdoor,Americas,Americas,12,6
Americas\shard0_22594.jpg,outdoor,Americas,Americas,8,10
Americas\shard0_16889.jpg,outdoor,Americas,Americas,7,10
Americas\shard0_21535.jpg,outdoor,Americas,Americas,12,5
Americas\shard0_20912.jpg,outdoor,Americas,Americas,12,5
Americas\shard0_07623.jpg,outdoor,Americas,Americas,13,5
Americas\shard0_27724.jpg,outdoor,Americas,Americas,13,12
Americas\shard0_04990.jpg,outdoor,Americas,Americas,5,12
Americas\shard0_14210.jpg,outdoor,Americas,Americas,5,10
Americas\shard0_02383.jpg,outdoor,Americas,Americas,7,10
Americas\shard0_16538.jpg,outdoor,Americas,Americas,12,6
Americas\shard0_16369.jpg,outdoor,Americas,Americas,12,10
Americas\shard0_18242.jpg,outdoor,Americas,Americas,12,8
Americas\shard0_03668.jpg,outdoor,Americas,Americas,6,11
Americas\shard0_08687.jpg,outdoor,Americas,Americas,8,9
Americas\shard0_12282.jpg,outdoor,Americas,Americas,13,10
Americas\shard0_26112.jpg,outdoor,Americas,Americas,12,6
Americas\shard0_21516.jpg,outdoor,Americas,Americas,11,9
Americas\shard0_22797.jpg,outdoor,Americas,Americas,6,13
Americas\shard0_05094.jpg,outdoor,Americas,Americas,6,13
Americas\shard0_26451.jpg,outdoor,Americas,Americas,13,5
Americas\shard0_04222.jpg,outdoor,Americas,Americas,13,9
Americas\shard0_11910.jpg,outdoor,Americas,Americas,5,11
Americas\shard0_19725.jpg,outdoor,Americas,Americas,12,5
Americas\shard0_16872.jpg,outdoor,Americas,Americas,12,7
Americas\shard0_10352.jpg,outdoor,Americas,Americas,12,5
Americas\shard0_18079.jpg,outdoor,Americas,Americas,13,9
Americas\shard0_20921.jpg,outdoor,Americas,Americas,13,8
Americas\shard0_18190.jpg,outdoor,Americas,Americas,12,6
Americas\shard0_12986.jpg,outdoor,Americas,Americas,14,11
Americas\shard0_24783.jpg,outdoor,Americas,Americas,13,10
Americas\shard0_02148.jpg,outdoor,Americas,Americas,12,6
Americas\shard0_10774.jpg,outdoor,Americas,Americas,12,9
Americas\shard0_21874.jpg,outdoor,Americas,Americas,12,6
Americas\shard0_08067.jpg,outdoor,Americas,Americas,12,9
Americas\shard0_26380.jpg,outdoor,Americas,Americas,13,10
Americas\shard0_02195.jpg,outdoor,Americas,Americas,13,10
Americas\shard0_12415.jpg,outdoor,Americas,Americas,13,9
Americas\shard0_25548.jpg,outdoor,Americas,Americas,13,9
Americas\shard0_24678.jpg,outdoor,Americas,Americas,13,5
Americas\shard0_19055.jpg,outdoor,Americas,Americas,12,10
Americas\shard0_13859.jpg,outdoor,Americas,Americas,13,5
Americas\shard0_03355.jpg,outdoor,Americas,Americas,12,5
Americas\shard0_17839.jpg,outdoor,Americas,Americas,12,5
Americas\shard0_06266.jpg,outdoor,Americas,Americas,12,9
Americas\shard0_11150.jpg,outdoor,Americas,Americas,9,9
Americas\shard0_00639.jpg,outdoor,Americas,Americas,13,10
Americas\shard0_13223.jpg,outdoor,Americas,Americas,13,5
Americas\shard0_07481.jpg,outdoor,Americas,Americas,10,11
Americas\shard0_12779.jpg,outdoor,Americas,Americas,13,8
Americas\shard0_29645.jpg,outdoor,Americas,Americas,13,10
Americas\shard0_20671.jpg,outdoor,Americas,Americas,12,5
Americas\shard0_16927.jpg,outdoor,Americas,Americas,12,6
Americas\shard0_12074.jpg,outdoor,Americas,Americas,12,8
Americas\shard0_08335.jpg,outdoor,Americas,Americas,12,8
Americas\shard0_24003.jpg,outdoor,Americas,Americas,7,10
Americas\shard0_02364.jpg,outdoor,Americas,Americas,13,10
Americas\shard0_25822.jpg,outdoor,Americas,Americas,7,11
Americas\shard0_07970.jpg,outdoor,Americas,Americas,9,9
Americas\shard0_09011.jpg,outdoor,Americas,Americas,12,7
Americas\shard0_00518.jpg,outdoor,Americas,Americas,11,9
Americas\shard0_14821.jpg,outdoor,Americas,Americas,13,10
Americas\shard0_14489.jpg,outdoor,Americas,Americas,12,7
Americas\shard0_29866.jpg,outdoor,Americas,Americas,12,5
Americas\shard0_26859.jpg,outdoor,Americas,Americas,11,9
Americas\shard0_13086.jpg,outdoor,Americas,Americas,7,13
Americas\shard0_04273.jpg,outdoor,Americas,Americas,13,5
Americas\shard0_10050.jpg,outdoor,Americas,Americas,12,5
Americas\shard0_00768.jpg,outdoor,Americas,Americas,13,10
Americas\shard0_04955.jpg,outdoor,Americas,Americas,12,6
Americas\shard0_22189.jpg,outdoor,Americas,Americas,13,5
Americas\shard0_03001.jpg,outdoor,Americas,Americas,13,10
Americas\shard0_28519.jpg,outdoor,Americas,Americas,10,7
Americas\shard0_02563.jpg,outdoor,Americas,Americas,12,9
Americas\shard0_18798.jpg,outdoor,Americas,Americas,12,10
Americas\shard0_01220.jpg,outdoor,Americas,Americas,15,3
Americas\shard0_14944.jpg,outdoor,Americas,Americas,12,8
Americas\shard0_28842.jpg,outdoor,Americas,Americas,13,9
Americas\shard0_04604.jpg,outdoor,Americas,Americas,10,8
Americas\shard0_29070.jpg,outdoor,Americas,Americas,5,10
Americas\shard0_29335.jpg,outdoor,Americas,Americas,13,10
Americas\shard0_11285.jpg,outdoor,Americas,Americas,12,6
Americas\shard0_29941.jpg,outdoor,Americas,Americas,12,6
Americas\shard0_04648.jpg,outdoor,Americas,Americas,12,5
Americas\shard0_11079.jpg,outdoor,Americas,Americas,13,8
Americas\shard0_09652.jpg,outdoor,Americas,Americas,13,9
Americas\shard0_05461.jpg,outdoor,Americas,Americas,12,10
Americas\shard0_00077.jpg,outdoor,Americas,Americas,13,5
Americas\shard0_13642.jpg,outdoor,Americas,Americas,12,5
Americas\shard0_29878.jpg,outdoor,Americas,Americas,15,3
Americas\shard0_20356.jpg,outdoor,Americas,Americas,6,13
Americas\shard0_20823.jpg,outdoor,Americas,Americas,12,8
Americas\shard0_03497.jpg,outdoor,Americas,Americas,13,5
Americas\shard0_13473.jpg,outdoor,Americas,Americas,5,10
Americas\shard0_28539.jpg,outdoor,Americas,Americas,5,10
Americas\shard0_24688.jpg,outdoor,Americas,Americas,12,10
Americas\shard0_04162.jpg,outdoor,Americas,Americas,12,7
Americas\shard0_21391.jpg,outdoor,Americas,Americas,13,9
Americas\shard0_00920.jpg,outdoor,Americas,Americas,12,8
Americas\shard0_27220.jpg,outdoor,Americas,Americas,12,9
Americas\shard0_14595.jpg,outdoor,Americas,Americas,12,7
Americas\shard0_26018.jpg,outdoor,Americas,Americas,13,10
Americas\shard0_10929.jpg,outdoor,Americas,Americas,13,10
Americas\shard0_02307.jpg,outdoor,Americas,Americas,8,10
Americas\shard0_15031.jpg,outdoor,Americas,Americas,12,6
Americas\shard0_28105.jpg,outdoor,Americas,Americas,13,5
Americas\shard0_27267.jpg,outdoor,Americas,Americas,12,9
Americas\shard0_07520.jpg,outdoor,Americas,Americas,13,10
Americas\shard0_04552.jpg,outdoor,Americas,Americas,12,5
Americas\shard0_15100.jpg,outdoor,Americas,Americas,8,10
Americas\shard0_20035.jpg,outdoor,Americas,Americas,13,10
Americas\shard0_04150.jpg,outdoor,Americas,Americas,12,6
Americas\shard0_29863.jpg,outdoor,Americas,Americas,11,9
Americas\shard0_12101.jpg,outdoor,Americas,Americas,13,10
Americas\shard0_29365.jpg,outdoor,Americas,Americas,12,5
Americas\shard0_20733.jpg,outdoor,Americas,Americas,13,10
Americas\shard0_28857.jpg,outdoor,Americas,Americas,12,5
Americas\shard0_05337.jpg,outdoor,Americas,Americas,8,14
Americas\shard0_22980.jpg,outdoor,Americas,Americas,12,5
Americas\shard0_24284.jpg,outdoor,Americas,Americas,12,10
Americas\shard0_29433.jpg,outdoor,Americas,Americas,13,10
Americas\shard0_06846.jpg,outdoor,Americas,Americas,12,8
Americas\shard0_17508.jpg,outdoor,Americas,Americas,12,9
Americas\shard0_29520.jpg,outdoor,Americas,Americas,12,5
Americas\shard0_05751.jpg,outdoor,Americas,Americas,13,7
Americas\shard0_29253.jpg,outdoor,Americas,Americas,7,10
Americas\shard0_25073.jpg,outdoor,Americas,Americas,13,10
Americas\shard0_00662.jpg,outdoor,Americas,Americas,13,10
Americas\shard0_17898.jpg,outdoor,Americas,Americas,13,10
Americas\shard0_25540.jpg,outdoor,Americas,Americas,12,9
Americas\shard0_04154.jpg,outdoor,Americas,Americas,12,7
Americas\shard0_16666.jpg,outdoor,Americas,Americas,12,10
Americas\shard0_14085.jpg,outdoor,Americas,Americas,7,10
Americas\shard0_12662.jpg,outdoor,Americas,Americas,12,10
Americas\shard0_16589.jpg,outdoor,Americas,Americas,12,5
Americas\shard0_19431.jpg,outdoor,Americas,Americas,15,12
Americas\shard0_21681.jpg,outdoor,Americas,Americas,10,2
Americas\shard0_26507.jpg,outdoor,Americas,Americas,7,12
Americas\shard0_13023.jpg,outdoor,Americas,Americas,13,10
Americas\shard0_26362.jpg,outdoor,Americas,Americas,13,10
Americas\shard0_09640.jpg,outdoor,Americas,Americas,6,11
Americas\shard0_00391.jpg,outdoor,Americas,Americas,13,10
Americas\shard0_29098.jpg,outdoor,Americas,Americas,11,8
Americas\shard0_11242.jpg,outdoor,Americas,Americas,13,5
Americas\shard0_13891.jpg,outdoor,Americas,Americas,12,5
Americas\shard0_01028.jpg,outdoor,Americas,Americas,13,5
Americas\shard0_17203.jpg,outdoor,Americas,Americas,12,7
Americas\shard0_18478.jpg,outdoor,Americas,Americas,12,6
Americas\shard0_06445.jpg,outdoor,Americas,Americas,13,10
Americas\shard0_24412.jpg,outdoor,Americas,Americas,12,5
Americas\shard0_07337.jpg,outdoor,Americas,Americas,13,10
Americas\shard0_20514.jpg,outdoor,Americas,Americas,13,10
Americas\shard0_20675.jpg,outdoor,Americas,Americas,13,5
Americas\shard0_17532.jpg,outdoor,Americas,Americas,13,10
Americas\shard0_07531.jpg,outdoor,Americas,Americas,13,9
Americas\shard0_13917.jpg,outdoor,Americas,Americas,13,9
Americas\shard0_27355.jpg,outdoor,Americas,Americas,13,10
Americas\shard0_27745.jpg,outdoor,Americas,Americas,12,5
Americas\shard0_19742.jpg,outdoor,Americas,Americas,13,10
Americas\shard0_05014.jpg,outdoor,Americas,Americas,12,10
Americas\shard0_09877.jpg,outdoor,Americas,Americas,13,10
Americas\shard0_07446.jpg,outdoor,Americas,Americas,11,9
Americas\shard0_13831.jpg,outdoor,Americas,Americas,13,10
Americas\shard0_08985.jpg,outdoor,Americas,Americas,11,8
Americas\shard0_17998.jpg,outdoor,Americas,Americas,11,9
Americas\shard0_29188.jpg,outdoor,Americas,Americas,12,9
Americas\shard0_13600.jpg,outdoor,Americas,Americas,12,6
Americas\shard0_19955.jpg,outdoor,Americas,Americas,12,5
Americas\shard0_16326.jpg,outdoor,Americas,Americas,12,9
Americas\shard0_28205.jpg,outdoor,Americas,Americas,12,6
Americas\shard0_23867.jpg,outdoor,Americas,Americas,13,10
Americas\shard0_08946.jpg,outdoor,Americas,Americas,12,8
Americas\shard0_21693.jpg,outdoor,Americas,Americas,12,5
Americas\shard0_15983.jpg,outdoor,Americas,Americas,12,6
Americas\shard0_29504.jpg,outdoor,Americas,Americas,13,5
Americas\shard0_02640.jpg,outdoor,Americas,Americas,13,10
Americas\shard0_28825.jpg,outdoor,Americas,Americas,6,13
Americas\shard0_25966.jpg,outdoor,Americas,Americas,12,5
Americas\shard0_01052.jpg,outdoor,Americas,Americas,12,6
Americas\shard0_25224.jpg,outdoor,Americas,Americas,12,5
Americas\shard0_14710.jpg,outdoor,Americas,Americas,13,10
Americas\shard0_17867.jpg,outdoor,Americas,Americas,12,8
Americas\shard0_24397.jpg,outdoor,Americas,Americas,10,9
Americas\shard0_27733.jpg,outdoor,Americas,Americas,13,10
Americas\shard0_26722.jpg,outdoor,Americas,Americas,5,10
Americas\shard0_07914.jpg,outdoor,Americas,Americas,13,8
Americas\shard0_20734.jpg,outdoor,Americas,Americas,13,8
Americas\shard0_29920.jpg,outdoor,Americas,Americas,13,10
Americas\shard0_10437.jpg,outdoor,Americas,Americas,13,10
Americas\shard0_25349.jpg,outdoor,Americas,Americas,12,5
Americas\shard0_08593.jpg,outdoor,Americas,Americas,12,5
Americas\shard0_13093.jpg,outdoor,Americas,Americas,12,6
Americas\shard0_02008.jpg,outdoor,Americas,Americas,13,9
Americas\shard0_08080.jpg,outdoor,Americas,Americas,12,10
Americas\shard0_07679.jpg,outdoor,Americas,Americas,13,5
Americas\shard0_12815.jpg,outdoor,Americas,Americas,13,5
Americas\shard0_14040.jpg,outdoor,Americas,Americas,12,9
Americas\shard0_00606.jpg,outdoor,Americas,Americas,13,6
Americas\shard0_24809.jpg,outdoor,Americas,Americas,13,5
Americas\shard0_08703.jpg,outdoor,Americas,Americas,13,9
Americas\shard0_06041.jpg,outdoor,Americas,Americas,12,9
Americas\shard0_26653.jpg,outdoor,Americas,Americas,12,10
Americas\shard0_12431.jpg,outdoor,Americas,Americas,13,10
Americas\shard0_02841.jpg,outdoor,Americas,Americas,12,6
Americas\shard0_07890.jpg,outdoor,Americas,Americas,13,9
Americas\shard0_11030.jpg,outdoor,Americas,Americas,12,6
Americas\shard0_14858.jpg,outdoor,Americas,Americas,13,10
Americas\shard0_18830.jpg,outdoor,Americas,Americas,12,10
Americas\shard0_04989.jpg,outdoor,Americas,Americas,13,5
Americas\shard0_14248.jpg,outdoor,Americas,Americas,13,5
Americas\shard0_02567.jpg,outdoor,Americas,Americas,13,10
Americas\shard0_27705.jpg,outdoor,Americas,Americas,13,10
Americas\shard0_15727.jpg,outdoor,Americas,Americas,7,10
Americas\shard0_08475.jpg,outdoor,Americas,Americas,13,10
Americas\shard0_00798.jpg,outdoor,Americas,Americas,12,10
Americas\shard0_12892.jpg,outdoor,Americas,Americas,13,9
Americas\shard0_10167.jpg,outdoor,Americas,Americas,13,10
Americas\shard0_19272.jpg,outdoor,Americas,Americas,5,10
Americas\shard0_03291.jpg,outdoor,Americas,Americas,13,9
Americas\shard0_19727.jpg,outdoor,Americas,Americas,6,12
Americas\shard0_18535.jpg,outdoor,Americas,Americas,12,5
Americas\shard0_14186.jpg,outdoor,Americas,Americas,15,3
Americas\shard0_00821.jpg,outdoor,Americas,Americas,11,7
Americas\shard0_15444.jpg,outdoor,Americas,Americas,10,9
Americas\shard0_21519.jpg,outdoor,Americas,Americas,12,6
Americas\shard0_28177.jpg,outdoor,Americas,Americas,11,7
Americas\shard0_24398.jpg,outdoor,Americas,Americas,12,5
Americas\shard0_07674.jpg,outdoor,Americas,Americas,12,5
Americas\shard0_25489.jpg,outdoor,Americas,Americas,12,9
Americas\shard0_12289.jpg,outdoor,Americas,Americas,13,10
Americas\shard0_07582.jpg,outdoor,Americas,Americas,13,5
Americas\shard0_22585.jpg,outdoor,Americas,Americas,12,6
Americas\shard0_22952.jpg,outdoor,Americas,Americas,6,13
Americas\shard0_25341.jpg,outdoor,Americas,Americas,13,11
Americas\shard0_15240.jpg,outdoor,Americas,Americas,4,10
Americas\shard0_28887.jpg,outdoor,Americas,Americas,10,8
Americas\shard0_25828.jpg,outdoor,Americas,Americas,13,9
Americas\shard0_03679.jpg,outdoor,Americas,Americas,13,9
Americas\shard0_25034.jpg,outdoor,Americas,Americas,13,10
Americas\shard0_28071.jpg,outdoor,Americas,Americas,13,5
Americas\shard0_20738.jpg,outdoor,Americas,Americas,11,2
Americas\shard0_18027.jpg,outdoor,Americas,Americas,12,5
Americas\shard0_09459.jpg,outdoor,Americas,Americas,6,13
Americas\shard0_03000.jpg,outdoor,Americas,Americas,11,9
Americas\shard0_29624.jpg,outdoor,Americas,Americas,13,10
Americas\shard0_13181.jpg,outdoor,Americas,Americas,12,7
Americas\shard0_16164.jpg,outdoor,Americas,Americas,12,6
Americas\shard0_07301.jpg,outdoor,Americas,Americas,12,6
Americas\shard0_15160.jpg,outdoor,Americas,Americas,11,9
Americas\shard0_15726.jpg,outdoor,Americas,Americas,12,6
Americas\shard0_05715.jpg,outdoor,Americas,Americas,13,10
Americas\shard0_20415.jpg,outdoor,Americas,Americas,12,5
Americas\shard0_24755.jpg,outdoor,Americas,Americas,12,8
Americas\shard0_08119.jpg,outdoor,Americas,Americas,13,10
Americas\shard0_22881.jpg,outdoor,Americas,Americas,13,5
Americas\shard0_16485.jpg,outdoor,Americas,Americas,13,10
Americas\shard0_14410.jpg,outdoor,Americas,Americas,13,10
Americas\shard0_29442.jpg,outdoor,Americas,Americas,13,5
Americas\shard0_25205.jpg,outdoor,Americas,Americas,12,9
Americas\shard0_16394.jpg,outdoor,Americas,Americas,12,10
Americas\shard0_15092.jpg,outdoor,Americas,Americas,13,10
Americas\shard0_08760.jpg,outdoor,Americas,Americas,12,6
Americas\shard0_02853.jpg,outdoor,Americas,Americas,13,8
Americas\shard0_20920.jpg,outdoor,Americas,Americas,12,5
Americas\shard0_23480.jpg,outdoor,Americas,Americas,7,14
Americas\shard0_16410.jpg,outdoor,Americas,Americas,12,6
Americas\shard0_19365.jpg,outdoor,Americas,Americas,13,10
Americas\shard0_20781.jpg,outdoor,Americas,Americas,3,11
Americas\shard0_24374.jpg,outdoor,Americas,Americas,12,5
Americas\shard0_24600.jpg,outdoor,Americas,Americas,12,10
Americas\shard0_03036.jpg,outdoor,Americas,Americas,13,9
Americas\shard0_05669.jpg,outdoor,Americas,Americas,13,9
Americas\shard0_25869.jpg,outdoor,Americas,Americas,12,6
Americas\shard0_22112.jpg,outdoor,Americas,Americas,11,2
Americas\shard0_11789.jpg,outdoor,Americas,Americas,3,11
Americas\shard0_17691.jpg,outdoor,Americas,Americas,6,13
Americas\shard0_05797.jpg,outdoor,Americas,Americas,11,8
Americas\shard0_24228.jpg,outdoor,Americas,Americas,13,9
Americas\shard0_24263.jpg,outdoor,Americas,Americas,12,6
Americas\shard0_09810.jpg,outdoor,Americas,Americas,13,10
Americas\shard0_14406.jpg,outdoor,Americas,Americas,13,7
Americas\shard0_24657.jpg,outdoor,Americas,Americas,12,9
Americas\shard0_08917.jpg,outdoor,Americas,Americas,12,9
Americas\shard0_06853.jpg,outdoor,Americas,Americas,6,13
Americas\shard0_07397.jpg,outdoor,Americas,Americas,12,6
Americas\shard0_24031.jpg,outdoor,Americas,Americas,12,6
Americas\shard0_29534.jpg,outdoor,Americas,Americas,13,10
Americas\shard0_29675.jpg,outdoor,Americas,Americas,6,13
Americas\shard0_15890.jpg,outdoor,Americas,Americas,13,5
Americas\shard0_25273.jpg,outdoor,Americas,Americas,12,6
Americas\shard0_22428.jpg,outdoor,Americas,Americas,13,8
Americas\shard0_21387.jpg,outdoor,Americas,Americas,11,9
Americas\shard0_11864.jpg,outdoor,Americas,Americas,12,5
Americas\shard0_13440.jpg,outdoor,Americas,Americas,13,9
Americas\shard0_07151.jpg,outdoor,Americas,Americas,12,8
Americas\shard0_12050.jpg,outdoor,Americas,Americas,12,6
Americas\shard0_11563.jpg,outdoor,Americas,Americas,12,6
Americas\shard0_26099.jpg,outdoor,Americas,Americas,13,10
Americas\shard0_13779.jpg,outdoor,Americas,Americas,12,10
Americas\shard0_14438.jpg,outdoor,Americas,Americas,13,9
Americas\shard0_07638.jpg,outdoor,Americas,Americas,12,10
Americas\shard0_23141.jpg,outdoor,Americas,Americas,13,9
Americas\shard0_04603.jpg,outdoor,Americas,Americas,12,8
Americas\shard0_20323.jpg,outdoor,Americas,Americas,7,10
Americas\shard0_14129.jpg,outdoor,Americas,Americas,12,9
Americas\shard0_07433.jpg,outdoor,Americas,Americas,12,6
Americas\shard0_28107.jpg,outdoor,Americas,Americas,13,10
Americas\shard0_07778.jpg,outdoor,Americas,Americas,11,8
Americas\shard0_26528.jpg,outdoor,Americas,Americas,13,9
Americas\shard0_18439.jpg,outdoor,Americas,Americas,13,5
Americas\shard0_22291.jpg,outdoor,Americas,Americas,13,6
Americas\shard0_02320.jpg,outdoor,Americas,Americas,8,14
Americas\shard0_12338.jpg,outdoor,Americas,Americas,11,9
Americas\shard0_03748.jpg,outdoor,Americas,Americas,10,8
Americas\shard0_06620.jpg,outdoor,Americas,Americas,12,5
Americas\shard0_26354.jpg,outdoor,Americas,Americas,11,8
Americas\shard0_22371.jpg,outdoor,Americas,Americas,13,10
Americas\shard0_00839.jpg,outdoor,Americas,Americas,12,6
Americas\shard0_19700.jpg,outdoor,Americas,Americas,13,5
Americas\shard0_03767.jpg,outdoor,Americas,Americas,12,9
Americas\shard0_19716.jpg,outdoor,Americas,Americas,13,10
Americas\shard0_02068.jpg,outdoor,Americas,Americas,12,10
Americas\shard0_04490.jpg,outdoor,Americas,Americas,8,14
Americas\shard0_16852.jpg,outdoor,Americas,Americas,12,5
Americas\shard0_11858.jpg,outdoor,Americas,Americas,12,8
Americas\shard0_24616.jpg,outdoor,Americas,Americas,13,9
Americas\shard0_22057.jpg,outdoor,Americas,Americas,9,10
Americas\shard0_07031.jpg,outdoor,Americas,Americas,12,8
Americas\shard0_12276.jpg,outdoor,Americas,Americas,13,10
Americas\shard0_26405.jpg,outdoor,Americas,Americas,13,9
Americas\shard0_12065.jpg,outdoor,Americas,Americas,11,9
Americas\shard0_27505.jpg,outdoor,Americas,Americas,12,8
Americas\shard0_03447.jpg,outdoor,Americas,Americas,12,9
Americas\shard0_25783.jpg,outdoor,Americas,Americas,12,10
Americas\shard0_15991.jpg,outdoor,Americas,Americas,13,9
Americas\shard0_10769.jpg,outdoor,Americas,Americas,11,9
Americas\shard0_20116.jpg,outdoor,Americas,Americas,14,6
Americas\shard0_13592.jpg,outdoor,Americas,Americas,13,9
Americas\shard0_21319.jpg,outdoor,Americas,Americas,12,9
Americas\shard0_26256.jpg,outdoor,Americas,Americas,13,10
Americas\shard0_00819.jpg,outdoor,Americas,Americas,12,6
Americas\shard0_27643.jpg,outdoor,Americas,Americas,11,9
Americas\shard0_13574.jpg,outdoor,Americas,Americas,12,5
Americas\shard0_27281.jpg,outdoor,Americas,Americas,13,10
Americas\shard0_09977.jpg,outdoor,Americas,Americas,12,7
Americas\shard0_15664.jpg,outdoor,Americas,Americas,11,9
Americas\shard0_25994.jpg,outdoor,Americas,Americas,13,10
Americas\shard0_19626.jpg,outdoor,Americas,Americas,12,5
Americas\shard0_28370.jpg,outdoor,Americas,Americas,10,11
Americas\shard0_19798.jpg,outdoor,Americas,Americas,10,9
Americas\shard0_25517.jpg,outdoor,Americas,Americas,13,10
Americas\shard0_01577.jpg,outdoor,Americas,Americas,12,10
Americas\shard0_24765.jpg,outdoor,Americas,Americas,13,9
Americas\shard0_23004.jpg,outdoor,Americas,Americas,13,6
Americas\shard0_06669.jpg,outdoor,Americas,Americas,12,10
Americas\shard0_11883.jpg,outdoor,Americas,Americas,13,5
Americas\shard0_08871.jpg,outdoor,Americas,Americas,12,5
Americas\shard0_22951.jpg,outdoor,Americas,Americas,13,5
Americas\shard0_24061.jpg,outdoor,Americas,Americas,13,9
Americas\shard0_11288.jpg,outdoor,Americas,Americas,3,10
Americas\shard0_00239.jpg,outdoor,Americas,Americas,9,10
Americas\shard0_17036.jpg,outdoor,Americas,Americas,12,10
Americas\shard0_09003.jpg,outdoor,Americas,Americas,12,10
Americas\shard0_23130.jpg,outdoor,Americas,Americas,13,9
Americas\shard0_02027.jpg,outdoor,Americas,Americas,13,10
Americas\shard0_01538.jpg,outdoor,Americas,Americas,12,10
Americas\shard0_27915.jpg,outdoor,Americas,Americas,12,5
Americas\shard0_21263.jpg,outdoor,Americas,Americas,10,9
Americas\shard0_28066.jpg,outdoor,Americas,Americas,12,6
Americas\shard0_17538.jpg,outdoor,Americas,Americas,14,6
Americas\shard0_21369.jpg,outdoor,Americas,Americas,12,5
Americas\shard0_04702.jpg,outdoor,Americas,Americas,6,13
Americas\shard0_03793.jpg,outdoor,Americas,Americas,12,5
Americas\shard0_01373.jpg,outdoor,Americas,Americas,12,5
Americas\shard0_28404.jpg,outdoor,Americas,Americas,13,6
Americas\shard0_04419.jpg,outdoor,Americas,Americas,13,10
Americas\shard0_05628.jpg,outdoor,Americas,Americas,13,9
Americas\shard0_16686.jpg,outdoor,Americas,Americas,4,11
Americas\shard0_19977.jpg,outdoor,Americas,Americas,12,8
Americas\shard0_14567.jpg,outdoor,Americas,Americas,8,13
Americas\shard0_21448.jpg,outdoor,Americas,Americas,13,6
Americas\shard0_28254.jpg,outdoor,Americas,Americas,13,10
Americas\shard0_04340.jpg,outdoor,Americas,Americas,13,10
Americas\shard0_08685.jpg,outdoor,Americas,Americas,12,6
Americas\shard0_18899.jpg,outdoor,Americas,Americas,12,6
Americas\shard0_00666.jpg,outdoor,Americas,Americas,12,7
Americas\shard0_25004.jpg,outdoor,Americas,Americas,11,8
Americas\shard0_28961.jpg,outdoor,Americas,Americas,7,14
Americas\shard0_20974.jpg,outdoor,Americas,Americas,7,13
Americas\shard0_06709.jpg,outdoor,Americas,Americas,12,6
Americas\shard0_16856.jpg,outdoor,Americas,Americas,12,6
Americas\shard0_22860.jpg,outdoor,Americas,Americas,12,5
Americas\shard0_11508.jpg,outdoor,Americas,Americas,12,6
Americas\shard0_15180.jpg,outdoor,Americas,Americas,13,10
Americas\shard0_04443.jpg,outdoor,Americas,Americas,13,10
Americas\shard0_13498.jpg,outdoor,Americas,Americas,13,5
Americas\shard0_17292.jpg,outdoor,Americas,Americas,12,6
Americas\shard0_07090.jpg,outdoor,Americas,Americas,11,9
Americas\shard0_08583.jpg,outdoor,Americas,Americas,12,6
Americas\shard0_13769.jpg,outdoor,Americas,Americas,13,6
Americas\shard0_28014.jpg,outdoor,Americas,Americas,12,10
Americas\shard0_00148.jpg,outdoor,Americas,Americas,13,10
Americas\shard0_17616.jpg,outdoor,Americas,Americas,13,5
Americas\shard0_03319.jpg,outdoor,Americas,Americas,10,9
Americas\shard0_11239.jpg,outdoor,Americas,Americas,13,6
Americas\shard0_06592.jpg,outdoor,Americas,Americas,13,10
Americas\shard0_24175.jpg,outdoor,Americas,Americas,13,9
Americas\shard0_27474.jpg,outdoor,Americas,Americas,12,6
Americas\shard0_06012.jpg,outdoor,Americas,Americas,13,6
Americas\shard0_11506.jpg,outdoor,Americas,Americas,5,12
Americas\shard0_12485.jpg,outdoor,Americas,Americas,13,10
Americas\shard0_08924.jpg,outdoor,Americas,Americas,12,8
Americas\shard0_00986.jpg,outdoor,Americas,Americas,13,11
Americas\shard0_08998.jpg,outdoor,Americas,Americas,9,12
Americas\shard0_10314.jpg,outdoor,Americas,Americas,13,5
Americas\shard0_02506.jpg,outdoor,Americas,Americas,12,10
Americas\shard0_10677.jpg,outdoor,Americas,Americas,13,10
Americas\shard0_23736.jpg,outdoor,Americas,Americas,12,10
Americas\shard0_27811.jpg,outdoor,Americas,Americas,13,10
Americas\shard0_12730.jpg,outdoor,Americas,Americas,12,5
Americas\shard0_27188.jpg,outdoor,Americas,Americas,12,7
Americas\shard0_02782.jpg,outdoor,Americas,Americas,12,5
Americas\shard0_17062.jpg,outdoor,Americas,Americas,5,11
Americas\shard0_15654.jpg,outdoor,Americas,Americas,7,10
Americas\shard0_13980.jpg,outdoor,Americas,Americas,13,6
Americas\shard0_06848.jpg,outdoor,Americas,Americas,13,10
Americas\shard0_05579.jpg,outdoor,Americas,Americas,13,5
Americas\shard0_08351.jpg,outdoor,Americas,Americas,12,5
Americas\shard0_20410.jpg,outdoor,Americas,Americas,13,10
Americas\shard0_13210.jpg,outdoor,Americas,Americas,6,12
Americas\shard0_12075.jpg,outdoor,Americas,Americas,4,10
Americas\shard0_00767.jpg,outdoor,Americas,Americas,12,10
Americas\shard0_07928.jpg,outdoor,Americas,Americas,11,8
Americas\shard0_04244.jpg,outdoor,Americas,Americas,12,5
Americas\shard0_12151.jpg,outdoor,Americas,Americas,13,9
Americas\shard0_08938.jpg,outdoor,Americas,Americas,13,10
Americas\shard0_11243.jpg,outdoor,Americas,Americas,11,7
Americas\shard0_04719.jpg,outdoor,Americas,Americas,12,7
Americas\shard0_01934.jpg,outdoor,Americas,Americas,13,10
Americas\shard0_12798.jpg,outdoor,Americas,Americas,11,7
Americas\shard0_21182.jpg,outdoor,Americas,Americas,12,8
Americas\shard0_28204.jpg,outdoor,Americas,Americas,5,11
Americas\shard0_18108.jpg,outdoor,Americas,Americas,14,4
Americas\shard0_14781.jpg,outdoor,Americas,Americas,12,6
Americas\shard0_20002.jpg,outdoor,Americas,Americas,12,10
Americas\shard0_05159.jpg,outdoor,Americas,Americas,13,5
Americas\shard0_28308.jpg,outdoor,Americas,Americas,9,10
Americas\shard0_22042.jpg,outdoor,Americas,Americas,6,13
Americas\shard0_23285.jpg,outdoor,Americas,Americas,6,13
Americas\shard0_10675.jpg,outdoor,Americas,Americas,5,12
Americas\shard0_24729.jpg,outdoor,Americas,Americas,12,6
Americas\shard0_10477.jpg,outdoor,Americas,Americas,12,6
Americas\shard0_03300.jpg,outdoor,Americas,Americas,6,13
Americas\shard0_07479.jpg,outdoor,Americas,Americas,12,10
Americas\shard0_00530.jpg,outdoor,Americas,Americas,12,6
Americas\shard0_12843.jpg,outdoor,Americas,Americas,6,12
Americas\shard0_13845.jpg,outdoor,Americas,Americas,14,4
Americas\shard0_15089.jpg,outdoor,Americas,Americas,12,9
Americas\shard0_27468.jpg,outdoor,Americas,Americas,13,10
Americas\shard0_24607.jpg,outdoor,Americas,Americas,12,6
Americas\shard0_19406.jpg,outdoor,Americas,Americas,13,6
Americas\shard0_23394.jpg,outdoor,Americas,Americas,15,3
Americas\shard0_01879.jpg,outdoor,Americas,Americas,13,5
Americas\shard0_27597.jpg,outdoor,Americas,Americas,13,8
Americas\shard0_25247.jpg,outdoor,Americas,Americas,12,9
Americas\shard0_13556.jpg,outdoor,Americas,Americas,13,10
Americas\shard0_16556.jpg,outdoor,Americas,Americas,13,10
Americas\shard0_22719.jpg,outdoor,Americas,Americas,12,5
Americas\shard0_22867.jpg,outdoor,Americas,Americas,15,3
Americas\shard0_23725.jpg,outdoor,Americas,Americas,12,8
Americas\shard0_03721.jpg,outdoor,Americas,Americas,12,5
Asia\shard0_34489.jpg,outdoor,Asia,Asia,12,31
Asia\shard0_08257.jpg,outdoor,Asia,Asia,11,30
Asia\shard0_35634.jpg,outdoor,Asia,Asia,12,31
Asia\shard0_36723.jpg,outdoor,Asia,Asia,10,28
Asia\shard0_35221.jpg,outdoor,Asia,Asia,12,31
Asia\shard0_04391.jpg,outdoor,Asia,Asia,11,25
Asia\shard0_34240.jpg,outdoor,Asia,Asia,10,28
Asia\shard0_35115.jpg,outdoor,Asia,Asia,10,26
Asia\shard0_35706.jpg,outdoor,Asia,Asia,11,25
Asia\shard0_34532.jpg,outdoor,Asia,Asia,12,28
Asia\shard0_35387.jpg,outdoor,Asia,Asia,10,28
Asia\shard0_12660.jpg,outdoor,Asia,Asia,8,28
Asia\shard0_03572.jpg,outdoor,Asia,Asia,12,31
Asia\shard0_36575.jpg,outdoor,Asia,Asia,10,28
Asia\shard0_17791.jpg,outdoor,Asia,Asia,10,28
Asia\shard0_16056.jpg,outdoor,Asia,Asia,12,21
Asia\shard0_36220.jpg,outdoor,Asia,Asia,10,28
Asia\shard0_34176.jpg,outdoor,Asia,Asia,12,31
Asia\shard0_10108.jpg,outdoor,Asia,Asia,8,29
Asia\shard0_27866.jpg,outdoor,Asia,Asia,10,28
Asia\shard0_19769.jpg,outdoor,Asia,Asia,9,28
Asia\shard0_05220.jpg,outdoor,Asia,Asia,12,31
Asia\shard0_25240.jpg,outdoor,Asia,Asia,12,31
Asia\shard0_08621.jpg,outdoor,Asia,Asia,12,31
Asia\shard0_00184.jpg,outdoor,Asia,Asia,11,30
Asia\shard0_34385.jpg,outdoor,Asia,Asia,12,20
Asia\shard0_36596.jpg,outdoor,Asia,Asia,9,29
Asia\shard0_28812.jpg,outdoor,Asia,Asia,11,30
Asia\shard0_33930.jpg,outdoor,Asia,Asia,12,31
Asia\shard0_35804.jpg,outdoor,Asia,Asia,12,30
Asia\shard0_25645.jpg,outdoor,Asia,Asia,11,30
Asia\shard0_17686.jpg,outdoor,Asia,Asia,12,30
Asia\shard0_36927.jpg,outdoor,Asia,Asia,11,30
Asia\shard0_35268.jpg,outdoor,Asia,Asia,11,23
Asia\shard0_36862.jpg,outdoor,Asia,Asia,10,28
Asia\shard0_36341.jpg,outdoor,Asia,Asia,9,28
Asia\shard0_34039.jpg,outdoor,Asia,Asia,12,30
Asia\shard0_36941.jpg,outdoor,Asia,Asia,11,30
Asia\shard0_19542.jpg,outdoor,Asia,Asia,11,30
Asia\shard0_01679.jpg,outdoor,Asia,Asia,12,31
Asia\shard0_00824.jpg,outdoor,Asia,Asia,10,27
Asia\shard0_36795.jpg,outdoor,Asia,Asia,11,26
Asia\shard0_34113.jpg,outdoor,Asia,Asia,8,28
Asia\shard0_16248.jpg,outdoor,Asia,Asia,9,28
Asia\shard0_34873.jpg,outdoor,Asia,Asia,11,23
Asia\shard0_00507.jpg,outdoor,Asia,Asia,12,30
Asia\shard0_22930.jpg,outdoor,Asia,Asia,12,31
Asia\shard0_11402.jpg,outdoor,Asia,Asia,11,30
Asia\shard0_25736.jpg,outdoor,Asia,Asia,12,31
Asia\shard0_12608.jpg,outdoor,Asia,Asia,12,31
Asia\shard0_36845.jpg,outdoor,Asia,Asia,12,31
Asia\shard0_35263.jpg,outdoor,Asia,Asia,12,25
Asia\shard0_27236.jpg,outdoor,Asia,Asia,12,28
Asia\shard0_22840.jpg,outdoor,Asia,Asia,10,28
Asia\shard0_23640.jpg,outdoor,Asia,Asia,11,30
Asia\shard0_36449.jpg,outdoor,Asia,Asia,9,28
Asia\shard0_34602.jpg,outdoor,Asia,Asia,12,21
Asia\shard0_34894.jpg,outdoor,Asia,Asia,11,30
Asia\shard0_36660.jpg,outdoor,Asia,Asia,12,31
Asia\shard0_01204.jpg,outdoor,Asia,Asia,9,28
Asia\shard0_34910.jpg,outdoor,Asia,Asia,11,28
Asia\shard0_34780.jpg,outdoor,Asia,Asia,10,30
Asia\shard0_35693.jpg,outdoor,Asia,Asia,12,31
Asia\shard0_18772.jpg,outdoor,Asia,Asia,11,26
Asia\shard0_34706.jpg,outdoor,Asia,Asia,10,28
Asia\shard0_00584.jpg,outdoor,Asia,Asia,12,31
Asia\shard0_21908.jpg,outdoor,Asia,Asia,12,31
Asia\shard0_35408.jpg,outdoor,Asia,Asia,12,29
Asia\shard0_15441.jpg,outdoor,Asia,Asia,8,29
Asia\shard0_10348.jpg,outdoor,Asia,Asia,11,26
Asia\shard0_36943.jpg,outdoor,Asia,Asia,12,31
Asia\shard0_09698.jpg,outdoor,Asia,Asia,8,29
Asia\shard0_36696.jpg,outdoor,Asia,Asia,10,27
Asia\shard0_05996.jpg,outdoor,Asia,Asia,11,29
Asia\shard0_35363.jpg,outdoor,Asia,Asia,12,31
Asia\shard0_34996.jpg,outdoor,Asia,Asia,12,21
Asia\shard0_11394.jpg,outdoor,Asia,Asia,11,27
Asia\shard0_24117.jpg,outdoor,Asia,Asia,13,22
Asia\shard0_35682.jpg,outdoor,Asia,Asia,12,31
Asia\shard0_36025.jpg,outdoor,Asia,Asia,10,28
Asia\shard0_35260.jpg,outdoor,Asia,Asia,13,28
Asia\shard0_28631.jpg,outdoor,Asia,Asia,10,28
Asia\shard0_01078.jpg,outdoor,Asia,Asia,12,30
Asia\shard0_17199.jpg,outdoor,Asia,Asia,11,29
Asia\shard0_33993.jpg,outdoor,Asia,Asia,12,30
Asia\shard0_34911.jpg,outdoor,Asia,Asia,11,25
Asia\shard0_34579.jpg,outdoor,Asia,Asia,11,30
Asia\shard0_09768.jpg,outdoor,Asia,Asia,12,30
Asia\shard0_34892.jpg,outdoor,Asia,Asia,12,22
Asia\shard0_26282.jpg,outdoor,Asia,Asia,12,31
Asia\shard0_34901.jpg,outdoor,Asia,Asia,11,26
Asia\shard0_35297.jpg,outdoor,Asia,Asia,11,30
Asia\shard0_09004.jpg,outdoor,Asia,Asia,10,25
Asia\shard0_03007.jpg,outdoor,Asia,Asia,10,28
Asia\shard0_36731.jpg,outdoor,Asia,Asia,11,26
Asia\shard0_07304.jpg,outdoor,Asia,Asia,12,31
Asia\shard0_11408.jpg,outdoor,Asia,Asia,12,28
Asia\shard0_35417.jpg,outdoor,Asia,Asia,11,30
Asia\shard0_34788.jpg,outdoor,Asia,Asia,11,29
Asia\shard0_22817.jpg,outdoor,Asia,Asia,10,28
Asia\shard0_35377.jpg,outdoor,Asia,Asia,11,29
Asia\shard0_34888.jpg,outdoor,Asia,Asia,11,30
Asia\shard0_35819.jpg,outdoor,Asia,Asia,12,31
Asia\shard0_34471.jpg,outdoor,Asia,Asia,11,30
Asia\shard0_05016.jpg,outdoor,Asia,Asia,11,30
Asia\shard0_17155.jpg,outdoor,Asia,Asia,11,30
Asia\shard0_35024.jpg,outdoor,Asia,Asia,11,28
Asia\shard0_29898.jpg,outdoor,Asia,Asia,12,25
Asia\shard0_34515.jpg,outdoor,Asia,Asia,12,21
Asia\shard0_19661.jpg,outdoor,Asia,Asia,9,25
Asia\shard0_03029.jpg,outdoor,Asia,Asia,11,23
Asia\shard0_37014.jpg,outdoor,Asia,Asia,9,28
Asia\shard0_36258.jpg,outdoor,Asia,Asia,12,20
Asia\shard0_35494.jpg,outdoor,Asia,Asia,11,25
Asia\shard0_36935.jpg,outdoor,Asia,Asia,12,31
Asia\shard0_36249.jpg,outdoor,Asia,Asia,12,29
Asia\shard0_24141.jpg,outdoor,Asia,Asia,11,26
Asia\shard0_06348.jpg,outdoor,Asia,Asia,12,32
Asia\shard0_26276.jpg,outdoor,Asia,Asia,11,30
Asia\shard0_12033.jpg,outdoor,Asia,Asia,11,30
Asia\shard0_10146.jpg,outdoor,Asia,Asia,9,29
Asia\shard0_34671.jpg,outdoor,Asia,Asia,12,31
Asia\shard0_35437.jpg,outdoor,Asia,Asia,11,25
Asia\shard0_34914.jpg,outdoor,Asia,Asia,12,31
Asia\shard0_19551.jpg,outdoor,Asia,Asia,11,28
Asia\shard0_34836.jpg,outdoor,Asia,Asia,11,26
Asia\shard0_34956.jpg,outdoor,Asia,Asia,12,21
Asia\shard0_35250.jpg,outdoor,Asia,Asia,11,29
Asia\shard0_02541.jpg,outdoor,Asia,Asia,8,29
Asia\shard0_08357.jpg,outdoor,Asia,Asia,12,31
Asia\shard0_11275.jpg,outdoor,Asia,Asia,12,20
Asia\shard0_36011.jpg,outdoor,Asia,Asia,12,31
Asia\shard0_34244.jpg,outdoor,Asia,Asia,8,29
Asia\shard0_10985.jpg,outdoor,Asia,Asia,12,31
Asia\shard0_08069.jpg,outdoor,Asia,Asia,10,28
Asia\shard0_20621.jpg,outdoor,Asia,Asia,10,28
Asia\shard0_36102.jpg,outdoor,Asia,Asia,8,28
Asia\shard0_12419.jpg,outdoor,Asia,Asia,11,26
Asia\shard0_35996.jpg,outdoor,Asia,Asia,11,28
Asia\shard0_24128.jpg,outdoor,Asia,Asia,11,26
Asia\shard0_35528.jpg,outdoor,Asia,Asia,11,30
Asia\shard0_01226.jpg,outdoor,Asia,Asia,12,31
Asia\shard0_20170.jpg,outdoor,Asia,Asia,11,30
Asia\shard0_20722.jpg,outdoor,Asia,Asia,12,21
Asia\shard0_03327.jpg,outdoor,Asia,Asia,13,32
Asia\shard0_09087.jpg,outdoor,Asia,Asia,11,23
Asia\shard0_35726.jpg,outdoor,Asia,Asia,12,29
Asia\shard0_14000.jpg,outdoor,Asia,Asia,11,25
Asia\shard0_34707.jpg,outdoor,Asia,Asia,11,30
Asia\shard0_35781.jpg,outdoor,Asia,Asia,12,25
Asia\shard0_14955.jpg,outdoor,Asia,Asia,13,29
Asia\shard0_25749.jpg,outdoor,Asia,Asia,12,31
Asia\shard0_17470.jpg,outdoor,Asia,Asia,11,30
Asia\shard0_03870.jpg,outdoor,Asia,Asia,12,31
Asia\shard0_16161.jpg,outdoor,Asia,Asia,11,30
Asia\shard0_13365.jpg,outdoor,Asia,Asia,11,30
Asia\shard0_09462.jpg,outdoor,Asia,Asia,8,28
Asia\shard0_15335.jpg,outdoor,Asia,Asia,12,22
Asia\shard0_35635.jpg,outdoor,Asia,Asia,11,28
Asia\shard0_34147.jpg,outdoor,Asia,Asia,12,31
Asia\shard0_26873.jpg,outdoor,Asia,Asia,10,25
Asia\shard0_17212.jpg,outdoor,Asia,Asia,11,25
Asia\shard0_24342.jpg,outdoor,Asia,Asia,12,30
Asia\shard0_13520.jpg,outdoor,Asia,Asia,10,27
Asia\shard0_14506.jpg,outdoor,Asia,Asia,11,26
Asia\shard0_10642.jpg,outdoor,Asia,Asia,12,20
Asia\shard0_34089.jpg,outdoor,Asia,Asia,10,28
Asia\shard0_35393.jpg,outdoor,Asia,Asia,10,25
Asia\shard0_02796.jpg,outdoor,Asia,Asia,11,30
Asia\shard0_29899.jpg,outdoor,Asia,Asia,10,25
Asia\shard0_03722.jpg,outdoor,Asia,Asia,10,30
Asia\shard0_34127.jpg,outdoor,Asia,Asia,11,30
Asia\shard0_36304.jpg,outdoor,Asia,Asia,11,29
Asia\shard0_22696.jpg,outdoor,Asia,Asia,11,30
Asia\shard0_35072.jpg,outdoor,Asia,Asia,10,28
Asia\shard0_26611.jpg,outdoor,Asia,Asia,10,28
Asia\shard0_14887.jpg,outdoor,Asia,Asia,10,28
Asia\shard0_26366.jpg,outdoor,Asia,Asia,10,28
Asia\shard0_09312.jpg,outdoor,Asia,Asia,11,30
Asia\shard0_16405.jpg,outdoor,Asia,Asia,12,31
Asia\shard0_36050.jpg,outdoor,Asia,Asia,12,30
Asia\shard0_35572.jpg,outdoor,Asia,Asia,11,23
Asia\shard0_09671.jpg,outdoor,Asia,Asia,12,29
Asia\shard0_16793.jpg,outdoor,Asia,Asia,10,28
Asia\shard0_28129.jpg,outdoor,Asia,Asia,11,25
Asia\shard0_27082.jpg,outdoor,Asia,Asia,9,28
Asia\shard0_17955.jpg,outdoor,Asia,Asia,9,26
Asia\shard0_36159.jpg,outdoor,Asia,Asia,12,31
Asia\shard0_33980.jpg,outdoor,Asia,Asia,11,25
Asia\shard0_28742.jpg,outdoor,Asia,Asia,11,29
Asia\shard0_10402.jpg,outdoor,Asia,Asia,9,28
Asia\shard0_36585.jpg,outdoor,Asia,Asia,9,28
Asia\shard0_36600.jpg,outdoor,Asia,Asia,9,28
Asia\shard0_36641.jpg,outdoor,Asia,Asia,12,31
Asia\shard0_36355.jpg,outdoor,Asia,Asia,12,31
Asia\shard0_29427.jpg,outdoor,Asia,Asia,9,25
Asia\shard0_12182.jpg,outdoor,Asia,Asia,12,31
Asia\shard0_10716.jpg,outdoor,Asia,Asia,12,31
Asia\shard0_16401.jpg,outdoor,Asia,Asia,11,30
Asia\shard0_36888.jpg,outdoor,Asia,Asia,10,28
Asia\shard0_09899.jpg,outdoor,Asia,Asia,12,29
Asia\shard0_34451.jpg,outdoor,Asia,Asia,12,29
Asia\shard0_35959.jpg,outdoor,Asia,Asia,12,21
Asia\shard0_16365.jpg,outdoor,Asia,Asia,11,30
Asia\shard0_01314.jpg,outdoor,Asia,Asia,12,20
Asia\shard0_24255.jpg,outdoor,Asia,Asia,10,28
Asia\shard0_00949.jpg,outdoor,Asia,Asia,12,30
Asia\shard0_14983.jpg,outdoor,Asia,Asia,10,25
Asia\shard0_13235.jpg,outdoor,Asia,Asia,10,25
Asia\shard0_34584.jpg,outdoor,Asia,Asia,12,32
Asia\shard0_35311.jpg,outdoor,Asia,Asia,12,31
Asia\shard0_14754.jpg,outdoor,Asia,Asia,12,31
Asia\shard0_17243.jpg,outdoor,Asia,Asia,12,31
Asia\shard0_36491.jpg,outdoor,Asia,Asia,10,30
Asia\shard0_34434.jpg,outdoor,Asia,Asia,12,31
Asia\shard0_21793.jpg,outdoor,Asia,Asia,12,31
Asia\shard0_12383.jpg,outdoor,Asia,Asia,10,28
Asia\shard0_18628.jpg,outdoor,Asia,Asia,10,28
Asia\shard0_35435.jpg,outdoor,Asia,Asia,9,28
Asia\shard0_35673.jpg,outdoor,Asia,Asia,12,31
Asia\shard0_34603.jpg,outdoor,Asia,Asia,10,25
Asia\shard0_22563.jpg,outdoor,Asia,Asia,11,30
Asia\shard0_36605.jpg,outdoor,Asia,Asia,12,21
Asia\shard0_28366.jpg,outdoor,Asia,Asia,12,31
Asia\shard0_34506.jpg,outdoor,Asia,Asia,8,29
Asia\shard0_35341.jpg,outdoor,Asia,Asia,10,28
Asia\shard0_35457.jpg,outdoor,Asia,Asia,9,29
Asia\shard0_35705.jpg,outdoor,Asia,Asia,12,31
Asia\shard0_34693.jpg,outdoor,Asia,Asia,8,29
Asia\shard0_36565.jpg,outdoor,Asia,Asia,12,31
Asia\shard0_09705.jpg,outdoor,Asia,Asia,12,21
Asia\shard0_36870.jpg,outdoor,Asia,Asia,11,28
Asia\shard0_35899.jpg,outdoor,Asia,Asia,12,31
Asia\shard0_35027.jpg,outdoor,Asia,Asia,8,28
Asia\shard0_20705.jpg,outdoor,Asia,Asia,9,28
Asia\shard0_17144.jpg,outdoor,Asia,Asia,12,29
Asia\shard0_34703.jpg,outdoor,Asia,Asia,12,25
Asia\shard0_16909.jpg,outdoor,Asia,Asia,11,30
Asia\shard0_34855.jpg,outdoor,Asia,Asia,11,26
Asia\shard0_18000.jpg,outdoor,Asia,Asia,12,31
Asia\shard0_36436.jpg,outdoor,Asia,Asia,9,27
Asia\shard0_34702.jpg,outdoor,Asia,Asia,12,31
Asia\shard0_35313.jpg,outdoor,Asia,Asia,12,30
Asia\shard0_18660.jpg,outdoor,Asia,Asia,11,25
Asia\shard0_26995.jpg,outdoor,Asia,Asia,12,31
Asia\shard0_34719.jpg,outdoor,Asia,Asia,12,25
Asia\shard0_29134.jpg,outdoor,Asia,Asia,12,30
Asia\shard0_36671.jpg,outdoor,Asia,Asia,12,21
Asia\shard0_04403.jpg,outdoor,Asia,Asia,11,25
Asia\shard0_27887.jpg,outdoor,Asia,Asia,13,29
Asia\shard0_36365.jpg,outdoor,Asia,Asia,12,31
Asia\shard0_36553.jpg,outdoor,Asia,Asia,12,29
Asia\shard0_12937.jpg,outdoor,Asia,Asia,12,23
Asia\shard0_35378.jpg,outdoor,Asia,Asia,12,31
Asia\shard0_36483.jpg,outdoor,Asia,Asia,11,29
Asia\shard0_26579.jpg,outdoor,Asia,Asia,12,25
Asia\shard0_27057.jpg,outdoor,Asia,Asia,12,21
Asia\shard0_36827.jpg,outdoor,Asia,Asia,12,32
Asia\shard0_35753.jpg,outdoor,Asia,Asia,12,29
Asia\shard0_36919.jpg,outdoor,Asia,Asia,10,27
Asia\shard0_35784.jpg,outdoor,Asia,Asia,11,25
Asia\shard0_36581.jpg,outdoor,Asia,Asia,9,28
Asia\shard0_34978.jpg,outdoor,Asia,Asia,9,29
Asia\shard0_35452.jpg,outdoor,Asia,Asia,12,31
Asia\shard0_36427.jpg,outdoor,Asia,Asia,13,28
Asia\shard0_34289.jpg,outdoor,Asia,Asia,9,29
Asia\shard0_36168.jpg,outdoor,Asia,Asia,12,31
Asia\shard0_18069.jpg,outdoor,Asia,Asia,10,25
Asia\shard0_35314.jpg,outdoor,Asia,Asia,12,31
Asia\shard0_36868.jpg,outdoor,Asia,Asia,11,30
Asia\shard0_34097.jpg,outdoor,Asia,Asia,10,28
Asia\shard0_34593.jpg,outdoor,Asia,Asia,9,28
Asia\shard0_17457.jpg,outdoor,Asia,Asia,12,31
Asia\shard0_26785.jpg,outdoor,Asia,Asia,10,28
Asia\shard0_13861.jpg,outdoor,Asia,Asia,11,29
Asia\shard0_14916.jpg,outdoor,Asia,Asia,12,31
Asia\shard0_16142.jpg,outdoor,Asia,Asia,11,25
Asia\shard0_35657.jpg,outdoor,Asia,Asia,12,25
Asia\shard0_36187.jpg,outdoor,Asia,Asia,11,30
Asia\shard0_22054.jpg,outdoor,Asia,Asia,12,30
Asia\shard0_03613.jpg,outdoor,Asia,Asia,10,28
Asia\shard0_35039.jpg,outdoor,Asia,Asia,9,29
Asia\shard0_01103.jpg,outdoor,Asia,Asia,12,25
Asia\shard0_35571.jpg,outdoor,Asia,Asia,11,30
Asia\shard0_35820.jpg,outdoor,Asia,Asia,9,28
Asia\shard0_36994.jpg,outdoor,Asia,Asia,12,31
Asia\shard0_16960.jpg,outdoor,Asia,Asia,10,28
Asia\shard0_12492.jpg,outdoor,Asia,Asia,11,30
Asia\shard0_33998.jpg,outdoor,Asia,Asia,11,30
Asia\shard0_36496.jpg,outdoor,Asia,Asia,10,28
Asia\shard0_36831.jpg,outdoor,Asia,Asia,12,31
Asia\shard0_22745.jpg,outdoor,Asia,Asia,9,28
Asia\shard0_37071.jpg,outdoor,Asia,Asia,10,25
Asia\shard0_36647.jpg,outdoor,Asia,Asia,10,25
Asia\shard0_09923.jpg,outdoor,Asia,Asia,10,28
Asia\shard0_35463.jpg,outdoor,Asia,Asia,12,21
Asia\shard0_16970.jpg,outdoor,Asia,Asia,12,31
Asia\shard0_15192.jpg,outdoor,Asia,Asia,13,25
Asia\shard0_03202.jpg,outdoor,Asia,Asia,8,29
Asia\shard0_26022.jpg,outdoor,Asia,Asia,10,28
Asia\shard0_34486.jpg,outdoor,Asia,Asia,12,31
Asia\shard0_35095.jpg,outdoor,Asia,Asia,12,31
Asia\shard0_36181.jpg,outdoor,Asia,Asia,12,25
Asia\shard0_34083.jpg,outdoor,Asia,Asia,12,29
Asia\shard0_34570.jpg,outdoor,Asia,Asia,11,30
Asia\shard0_03865.jpg,outdoor,Asia,Asia,9,29
Asia\shard0_36520.jpg,outdoor,Asia,Asia,10,28
Asia\shard0_09144.jpg,outdoor,Asia,Asia,11,29
Asia\shard0_24870.jpg,outdoor,Asia,Asia,12,32
Asia\shard0_37028.jpg,outdoor,Asia,Asia,12,30
Asia\shard0_11614.jpg,outdoor,Asia,Asia,11,30
Asia\shard0_25576.jpg,outdoor,Asia,Asia,10,28
Asia\shard0_36580.jpg,outdoor,Asia,Asia,12,31
Asia\shard0_35420.jpg,outdoor,Asia,Asia,10,25
Asia\shard0_16573.jpg,outdoor,Asia,Asia,10,28
Asia\shard0_03549.jpg,outdoor,Asia,Asia,12,31
Asia\shard0_27503.jpg,outdoor,Asia,Asia,11,27
Asia\shard0_09611.jpg,outdoor,Asia,Asia,12,31
Asia\shard0_05514.jpg,outdoor,Asia,Asia,10,25
Asia\shard0_10183.jpg,outdoor,Asia,Asia,11,26
Asia\shard0_03967.jpg,outdoor,Asia,Asia,12,31
Asia\shard0_17717.jpg,outdoor,Asia,Asia,11,29
Asia\shard0_29446.jpg,outdoor,Asia,Asia,13,28
Asia\shard0_35952.jpg,outdoor,Asia,Asia,10,28
Asia\shard0_34879.jpg,outdoor,Asia,Asia,12,31
Asia\shard0_02021.jpg,outdoor,Asia,Asia,11,30
Asia\shard0_35208.jpg,outdoor,Asia,Asia,12,31
Asia\shard0_35211.jpg,outdoor,Asia,Asia,10,30
Asia\shard0_35023.jpg,outdoor,Asia,Asia,11,30
Asia\shard0_17800.jpg,outdoor,Asia,Asia,11,30
Asia\shard0_34359.jpg,outdoor,Asia,Asia,12,25
Asia\shard0_08073.jpg,outdoor,Asia,Asia,10,28
Asia\shard0_33974.jpg,outdoor,Asia,Asia,11,26
Asia\shard0_34071.jpg,outdoor,Asia,Asia,13,32
Asia\shard0_23240.jpg,outdoor,Asia,Asia,12,31
Asia\shard0_19425.jpg,outdoor,Asia,Asia,13,29
Asia\shard0_06262.jpg,outdoor,Asia,Asia,11,30
Asia\shard0_02443.jpg,outdoor,Asia,Asia,11,23
Asia\shard0_34750.jpg,outdoor,Asia,Asia,12,31
Asia\shard0_16922.jpg,outdoor,Asia,Asia,12,31
Asia\shard0_36097.jpg,outdoor,Asia,Asia,12,31
Asia\shard0_00460.jpg,outdoor,Asia,Asia,11,22
Asia\shard0_34742.jpg,outdoor,Asia,Asia,12,31
Asia\shard0_19678.jpg,outdoor,Asia,Asia,12,21
Asia\shard0_22626.jpg,outdoor,Asia,Asia,12,31
Asia\shard0_11562.jpg,outdoor,Asia,Asia,13,21
Asia\shard0_07274.jpg,outdoor,Asia,Asia,9,28
Asia\shard0_34369.jpg,outdoor,Asia,Asia,12,30
Asia\shard0_07884.jpg,outdoor,Asia,Asia,13,32
Asia\shard0_17123.jpg,outdoor,Asia,Asia,11,30
Asia\shard0_01572.jpg,outdoor,Asia,Asia,12,31
Asia\shard0_04810.jpg,outdoor,Asia,Asia,11,26
Asia\shard0_18693.jpg,outdoor,Asia,Asia,13,22
Asia\shard0_18458.jpg,outdoor,Asia,Asia,10,28
Asia\shard0_20332.jpg,outdoor,Asia,Asia,12,32
Asia\shard0_36835.jpg,outdoor,Asia,Asia,12,31
Asia\shard0_18223.jpg,outdoor,Asia,Asia,11,22
Asia\shard0_13757.jpg,outdoor,Asia,Asia,11,26
Asia\shard0_09113.jpg,outdoor,Asia,Asia,11,30
Asia\shard0_35994.jpg,outdoor,Asia,Asia,12,31
Asia\shard0_22796.jpg,outdoor,Asia,Asia,12,31
Asia\shard0_34383.jpg,outdoor,Asia,Asia,10,28
Asia\shard0_36506.jpg,outdoor,Asia,Asia,9,28
Asia\shard0_35875.jpg,outdoor,Asia,Asia,12,21
Asia\shard0_35295.jpg,outdoor,Asia,Asia,12,30
Asia\shard0_34644.jpg,outdoor,Asia,Asia,10,28
Asia\shard0_37048.jpg,outdoor,Asia,Asia,11,22
Asia\shard0_35315.jpg,outdoor,Asia,Asia,10,30
Asia\shard0_23397.jpg,outdoor,Asia,Asia,10,28
Asia\shard0_35768.jpg,outdoor,Asia,Asia,12,31
Asia\shard0_37006.jpg,outdoor,Asia,Asia,11,30
Asia\shard0_36356.jpg,outdoor,Asia,Asia,11,29
Asia\shard0_15218.jpg,outdoor,Asia,Asia,11,25
Asia\shard0_36909.jpg,outdoor,Asia,Asia,12,31
Asia\shard0_19698.jpg,outdoor,Asia,Asia,12,21
Asia\shard0_34862.jpg,outdoor,Asia,Asia,12,32
Asia\shard0_35748.jpg,outdoor,Asia,Asia,12,28
Asia\shard0_14273.jpg,outdoor,Asia,Asia,11,25
Asia\shard0_35352.jpg,outdoor,Asia,Asia,12,31
Asia\shard0_11450.jpg,outdoor,Asia,Asia,11,27
Asia\shard0_07186.jpg,outdoor,Asia,Asia,8,29
Asia\shard0_12674.jpg,outdoor,Asia,Asia,12,31
Asia\shard0_34866.jpg,outdoor,Asia,Asia,11,23
Asia\shard0_37055.jpg,outdoor,Asia,Asia,11,30
Asia\shard0_36785.jpg,outdoor,Asia,Asia,12,31
Asia\shard0_35773.jpg,outdoor,Asia,Asia,11,25
Asia\shard0_21597.jpg,outdoor,Asia,Asia,12,22
Asia\shard0_35293.jpg,outdoor,Asia,Asia,10,25
Asia\shard0_04626.jpg,outdoor,Asia,Asia,10,27
Asia\shard0_34813.jpg,outdoor,Asia,Asia,11,29
Asia\shard0_08810.jpg,outdoor,Asia,Asia,8,29
Asia\shard0_08814.jpg,outdoor,Asia,Asia,10,25
Asia\shard0_36301.jpg,outdoor,Asia,Asia,11,29
Asia\shard0_06137.jpg,outdoor,Asia,Asia,13,32
Asia\shard0_35993.jpg,outdoor,Asia,Asia,12,31
Asia\shard0_26738.jpg,outdoor,Asia,Asia,10,25
Asia\shard0_36055.jpg,outdoor,Asia,Asia,12,21
Asia\shard0_22206.jpg,outdoor,Asia,Asia,9,28
Asia\shard0_10940.jpg,outdoor,Asia,Asia,10,30
Asia\shard0_22912.jpg,outdoor,Asia,Asia,11,30
Asia\shard0_36307.jpg,outdoor,Asia,Asia,11,29
Asia\shard0_36697.jpg,outdoor,Asia,Asia,12,21
Asia\shard0_34785.jpg,outdoor,Asia,Asia,12,31
Asia\shard0_27894.jpg,outdoor,Asia,Asia,12,23
Asia\shard0_24328.jpg,outdoor,Asia,Asia,11,28
Asia\shard0_36739.jpg,outdoor,Asia,Asia,12,31
Asia\shard0_02861.jpg,outdoor,Asia,Asia,12,29
Asia\shard0_36705.jpg,outdoor,Asia,Asia,12,21
Asia\shard0_15609.jpg,outdoor,Asia,Asia,10,27
Asia\shard0_15281.jpg,outdoor,Asia,Asia,11,30
Asia\shard0_07953.jpg,outdoor,Asia,Asia,12,31
Asia\shard0_36431.jpg,outdoor,Asia,Asia,12,31
Asia\shard0_05760.jpg,outdoor,Asia,Asia,11,30
Asia\shard0_23637.jpg,outdoor,Asia,Asia,10,28
Asia\shard0_34395.jpg,outdoor,Asia,Asia,9,28
Asia\shard0_06336.jpg,outdoor,Asia,Asia,11,29
Asia\shard0_36318.jpg,outdoor,Asia,Asia,11,26
Asia\shard0_35650.jpg,outdoor,Asia,Asia,12,21
Asia\shard0_36613.jpg,outdoor,Asia,Asia,11,30
Asia\shard0_35980.jpg,outdoor,Asia,Asia,12,31
Asia\shard0_12533.jpg,outdoor,Asia,Asia,13,22
Asia\shard0_34864.jpg,outdoor,Asia,Asia,12,31
Asia\shard0_36516.jpg,outdoor,Asia,Asia,11,30
Asia\shard0_35834.jpg,outdoor,Asia,Asia,12,31
Asia\shard0_08422.jpg,outdoor,Asia,Asia,12,20
Asia\shard0_36849.jpg,outdoor,Asia,Asia,11,29
Asia\shard0_07501.jpg,outdoor,Asia,Asia,11,27
Asia\shard0_06321.jpg,outdoor,Asia,Asia,11,29
Asia\shard0_19231.jpg,outdoor,Asia,Asia,11,25
Asia\shard0_04691.jpg,outdoor,Asia,Asia,10,28
Asia\shard0_36219.jpg,outdoor,Asia,Asia,12,29
Asia\shard0_34354.jpg,outdoor,Asia,Asia,10,28
Asia\shard0_24239.jpg,outdoor,Asia,Asia,12,25
Asia\shard0_07063.jpg,outdoor,Asia,Asia,12,25
Asia\shard0_36643.jpg,outdoor,Asia,Asia,12,29
Asia\shard0_18951.jpg,outdoor,Asia,Asia,11,29
Asia\shard0_13414.jpg,outdoor,Asia,Asia,12,31
Asia\shard0_27400.jpg,outdoor,Asia,Asia,9,28
Asia\shard0_20391.jpg,outdoor,Asia,Asia,12,25
Asia\shard0_37057.jpg,outdoor,Asia,Asia,10,28
Asia\shard0_26412.jpg,outdoor,Asia,Asia,11,21
Asia\shard0_29081.jpg,outdoor,Asia,Asia,10,25
Asia\shard0_24101.jpg,outdoor,Asia,Asia,12,30
Asia\shard0_34783.jpg,outdoor,Asia,Asia,10,26
Asia\shard0_13654.jpg,outdoor,Asia,Asia,11,21
Asia\shard0_23073.jpg,outdoor,Asia,Asia,11,28
Asia\shard0_01446.jpg,outdoor,Asia,Asia,10,27
Asia\shard0_15224.jpg,outdoor,Asia,Asia,11,26
Asia\shard0_03390.jpg,outdoor,Asia,Asia,11,30
Asia\shard0_37102.jpg,outdoor,Asia,Asia,12,29
Asia\shard0_23032.jpg,outdoor,Asia,Asia,12,31
Asia\shard0_12801.jpg,outdoor,Asia,Asia,11,25
Asia\shard0_34646.jpg,outdoor,Asia,Asia,12,21
Asia\shard0_25476.jpg,outdoor,Asia,Asia,13,20
Asia\shard0_25417.jpg,outdoor,Asia,Asia,11,29
Asia\shard0_03933.jpg,outdoor,Asia,Asia,12,31
Asia\shard0_24395.jpg,outdoor,Asia,Asia,12,31
Asia\shard0_34620.jpg,outdoor,Asia,Asia,10,28
Asia\shard0_35207.jpg,outdoor,Asia,Asia,12,31
Asia\shard0_35886.jpg,outdoor,Asia,Asia,12,30
Asia\shard0_34377.jpg,outdoor,Asia,Asia,10,28
Asia\shard0_36441.jpg,outdoor,Asia,Asia,10,25
Asia\shard0_34078.jpg,outdoor,Asia,Asia,11,30
Asia\shard0_29456.jpg,outdoor,Asia,Asia,10,28
Asia\shard0_36872.jpg,outdoor,Asia,Asia,12,29
Asia\shard0_18209.jpg,outdoor,Asia,Asia,10,30
Asia\shard0_36487.jpg,outdoor,Asia,Asia,11,23
Asia\shard0_03273.jpg,outdoor,Asia,Asia,12,31
Asia\shard0_01923.jpg,outdoor,Asia,Asia,12,31
Asia\shard0_36128.jpg,outdoor,Asia,Asia,8,28
Asia\shard0_26487.jpg,outdoor,Asia,Asia,11,25
Asia\shard0_19556.jpg,outdoor,Asia,Asia,10,25
Asia\shard0_36095.jpg,outdoor,Asia,Asia,12,30
Asia\shard0_34324.jpg,outdoor,Asia,Asia,10,28
Asia\shard0_28575.jpg,outdoor,Asia,Asia,10,25
Asia\shard0_36507.jpg,outdoor,Asia,Asia,8,29
Asia\shard0_35689.jpg,outdoor,Asia,Asia,13,21
Asia\shard0_34651.jpg,outdoor,Asia,Asia,12,31
Asia\shard0_20015.jpg,outdoor,Asia,Asia,11,30
Asia\shard0_36334.jpg,outdoor,Asia,Asia,12,21
Asia\shard0_34667.jpg,outdoor,Asia,Asia,12,30
Asia\shard0_36583.jpg,outdoor,Asia,Asia,12,30
Asia\shard0_36998.jpg,outdoor,Asia,Asia,10,30
Asia\shard0_34182.jpg,outdoor,Asia,Asia,12,21
Asia\shard0_23413.jpg,outdoor,Asia,Asia,12,23
Asia\shard0_36178.jpg,outdoor,Asia,Asia,11,30
Asia\shard0_16109.jpg,outdoor,Asia,Asia,12,31
Asia\shard0_07974.jpg,outdoor,Asia,Asia,12,21
Asia\shard0_21536.jpg,outdoor,Asia,Asia,11,30
Asia\shard0_35981.jpg,outdoor,Asia,Asia,10,27
Asia\shard0_35923.jpg,outdoor,Asia,Asia,12,31
Asia\shard0_34318.jpg,outdoor,Asia,Asia,13,32
Asia\shard0_19718.jpg,outdoor,Asia,Asia,10,28
Asia\shard0_35178.jpg,outdoor,Asia,Asia,11,30
Asia\shard0_35592.jpg,outdoor,Asia,Asia,12,31
Asia\shard0_03652.jpg,outdoor,Asia,Asia,11,29
Asia\shard0_16514.jpg,outdoor,Asia,Asia,10,25
Asia\shard0_36949.jpg,outdoor,Asia,Asia,8,28
Asia\shard0_14442.jpg,outdoor,Asia,Asia,11,30
Asia\shard0_23711.jpg,outdoor,Asia,Asia,8,28
Asia\shard0_35690.jpg,outdoor,Asia,Asia,12,31
Asia\shard0_12181.jpg,outdoor,Asia,Asia,12,21
Asia\shard0_36416.jpg,outdoor,Asia,Asia,9,28
Asia\shard0_35758.jpg,outdoor,Asia,Asia,12,31
Asia\shard0_34185.jpg,outdoor,Asia,Asia,11,28
Asia\shard0_19256.jpg,outdoor,Asia,Asia,12,31
Asia\shard0_08644.jpg,outdoor,Asia,Asia,12,21
Asia\shard0_10123.jpg,outdoor,Asia,Asia,10,30
Asia\shard0_26377.jpg,outdoor,Asia,Asia,12,31
Asia\shard0_15812.jpg,outdoor,Asia,Asia,10,28
Asia\shard0_34916.jpg,outdoor,Asia,Asia,11,30
Asia\shard0_36424.jpg,outdoor,Asia,Asia,10,25
Asia\shard0_08753.jpg,outdoor,Asia,Asia,8,29
Asia\shard0_29095.jpg,outdoor,Asia,Asia,11,25
Asia\shard0_12507.jpg,outdoor,Asia,Asia,12,31
Asia\shard0_35029.jpg,outdoor,Asia,Asia,11,26
Asia\shard0_35212.jpg,outdoor,Asia,Asia,12,31
Asia\shard0_07300.jpg,outdoor,Asia,Asia,12,21
Asia\shard0_02224.jpg,outdoor,Asia,Asia,12,31
Asia\shard0_29881.jpg,outdoor,Asia,Asia,9,28
Asia\shard0_22536.jpg,outdoor,Asia,Asia,12,29
Asia\shard0_34560.jpg,outdoor,Asia,Asia,11,30
Asia\shard0_13020.jpg,outdoor,Asia,Asia,10,28
Asia\shard0_01715.jpg,outdoor,Asia,Asia,8,28
Asia\shard0_36884.jpg,outdoor,Asia,Asia,12,31
Asia\shard0_36687.jpg,outdoor,Asia,Asia,12,30
Asia\shard0_36551.jpg,outdoor,Asia,Asia,12,31
Asia\shard0_36379.jpg,outdoor,Asia,Asia,10,25
Asia\shard0_17629.jpg,outdoor,Asia,Asia,12,31
Asia\shard0_35370.jpg,outdoor,Asia,Asia,12,21
Asia\shard0_35750.jpg,outdoor,Asia,Asia,11,30
Asia\shard0_35902.jpg,outdoor,Asia,Asia,10,28
Asia\shard0_25147.jpg,outdoor,Asia,Asia,12,29
Asia\shard0_29700.jpg,outdoor,Asia,Asia,9,28
Asia\shard0_36079.jpg,outdoor,Asia,Asia,10,23
Asia\shard0_35739.jpg,outdoor,Asia,Asia,10,28
Asia\shard0_15856.jpg,outdoor,Asia,Asia,12,31
Asia\shard0_07847.jpg,outdoor,Asia,Asia,10,28
Asia\shard0_36028.jpg,outdoor,Asia,Asia,12,30
Asia\shard0_35541.jpg,outdoor,Asia,Asia,9,28
Asia\shard0_35329.jpg,outdoor,Asia,Asia,11,29
Asia\shard0_06595.jpg,outdoor,Asia,Asia,10,28
Asia\shard0_36737.jpg,outdoor,Asia,Asia,10,28
Asia\shard0_29319.jpg,outdoor,Asia,Asia,10,25
Asia\shard0_36248.jpg,outdoor,Asia,Asia,12,30
Asia\shard0_16247.jpg,outdoor,Asia,Asia,12,30
Asia\shard0_22749.jpg,outdoor,Asia,Asia,12,21
Asia\shard0_37121.jpg,outdoor,Asia,Asia,9,28
Asia\shard0_11182.jpg,outdoor,Asia,Asia,12,31
Asia\shard0_24164.jpg,outdoor,Asia,Asia,11,28
Asia\shard0_22876.jpg,outdoor,Asia,Asia,13,30
Asia\shard0_36574.jpg,outdoor,Asia,Asia,12,21
Asia\shard0_25701.jpg,outdoor,Asia,Asia,12,25
Asia\shard0_36410.jpg,outdoor,Asia,Asia,9,28
Asia\shard0_35808.jpg,outdoor,Asia,Asia,12,25
Asia\shard0_37085.jpg,outdoor,Asia,Asia,12,31
Asia\shard0_34305.jpg,outdoor,Asia,Asia,10,28
Asia\shard0_13455.jpg,outdoor,Asia,Asia,12,31
Asia\shard0_09214.jpg,outdoor,Asia,Asia,8,29
Asia\shard0_34116.jpg,outdoor,Asia,Asia,12,21
Asia\shard0_37103.jpg,outdoor,Asia,Asia,11,30
Asia\shard0_35361.jpg,outdoor,Asia,Asia,11,26
Asia\shard0_19135.jpg,outdoor,Asia,Asia,13,30
Asia\shard0_17611.jpg,outdoor,Asia,Asia,11,26
Asia\shard0_35086.jpg,outdoor,Asia,Asia,11,29
Asia\shard0_25262.jpg,outdoor,Asia,Asia,12,29
Asia\shard0_34061.jpg,outdoor,Asia,Asia,13,28
Asia\shard0_26325.jpg,outdoor,Asia,Asia,9,25
Asia\shard0_35005.jpg,outdoor,Asia,Asia,13,21
Asia\shard0_36823.jpg,outdoor,Asia,Asia,8,28
Asia\shard0_16888.jpg,outdoor,Asia,Asia,11,28
Asia\shard0_36118.jpg,outdoor,Asia,Asia,9,28
Asia\shard0_34124.jpg,outdoor,Asia,Asia,12,31
Asia\shard0_34223.jpg,outdoor,Asia,Asia,12,31
Asia\shard0_22940.jpg,outdoor,Asia,Asia,10,28
Asia\shard0_04013.jpg,outdoor,Asia,Asia,12,31
Asia\shard0_35098.jpg,outdoor,Asia,Asia,10,30
Asia\shard0_34918.jpg,outdoor,Asia,Asia,12,31
Asia\shard0_18041.jpg,outdoor,Asia,Asia,11,30
Asia\shard0_34960.jpg,outdoor,Asia,Asia,12,31
Asia\shard0_37017.jpg,outdoor,Asia,Asia,12,32
Asia\shard0_02806.jpg,outdoor,Asia,Asia,11,30
Asia\shard0_34456.jpg,outdoor,Asia,Asia,11,29
Asia\shard0_26827.jpg,outdoor,Asia,Asia,12,31
Asia\shard0_04305.jpg,outdoor,Asia,Asia,12,21
Asia\shard0_34154.jpg,outdoor,Asia,Asia,12,31
Asia\shard0_36918.jpg,outdoor,Asia,Asia,12,31
Asia\shard0_27762.jpg,outdoor,Asia,Asia,10,30
Asia\shard0_14957.jpg,outdoor,Asia,Asia,12,31
Asia\shard0_34950.jpg,outdoor,Asia,Asia,10,30
Asia\shard0_24260.jpg,outdoor,Asia,Asia,10,28
Asia\shard0_35158.jpg,outdoor,Asia,Asia,11,29
Asia\shard0_36156.jpg,outdoor,Asia,Asia,12,21
Asia\shard0_35964.jpg,outdoor,Asia,Asia,12,31
Asia\shard0_34336.jpg,outdoor,Asia,Asia,12,30
Asia\shard0_36518.jpg,outdoor,Asia,Asia,11,25
Asia\shard0_17424.jpg,outdoor,Asia,Asia,11,28
Asia\shard0_35887.jpg,outdoor,Asia,Asia,12,30
Asia\shard0_35512.jpg,outdoor,Asia,Asia,11,29
Asia\shard0_18823.jpg,outdoor,Asia,Asia,12,31
Asia\shard0_10086.jpg,outdoor,Asia,Asia,12,30
Asia\shard0_11391.jpg,outdoor,Asia,Asia,11,30
Asia\shard0_00769.jpg,outdoor,Asia,Asia,12,31
Asia\shard0_36632.jpg,outdoor,Asia,Asia,11,23
Asia\shard0_34615.jpg,outdoor,Asia,Asia,9,28
Asia\shard0_35766.jpg,outdoor,Asia,Asia,11,30
Asia\shard0_27752.jpg,outdoor,Asia,Asia,10,28
Asia\shard0_04129.jpg,outdoor,Asia,Asia,12,31
Asia\shard0_17901.jpg,outdoor,Asia,Asia,12,31
Asia\shard0_21639.jpg,outdoor,Asia,Asia,11,30
Asia\shard0_22890.jpg,outdoor,Asia,Asia,10,25
Asia\shard0_35448.jpg,outdoor,Asia,Asia,12,31
Asia\shard0_36938.jpg,outdoor,Asia,Asia,11,26
Asia\shard0_04423.jpg,outdoor,Asia,Asia,12,25
Asia\shard0_34905.jpg,outdoor,Asia,Asia,12,21
Asia\shard0_34364.jpg,outdoor,Asia,Asia,12,23
Asia\shard0_35056.jpg,outdoor,Asia,Asia,11,30
Asia\shard0_13287.jpg,outdoor,Asia,Asia,12,31
Asia\shard0_35725.jpg,outdoor,Asia,Asia,11,26
Asia\shard0_36820.jpg,outdoor,Asia,Asia,12,20
Asia\shard0_35621.jpg,outdoor,Asia,Asia,11,26
Asia\shard0_22839.jpg,outdoor,Asia,Asia,11,26
Asia\shard0_05972.jpg,outdoor,Asia,Asia,10,30
Asia\shard0_26832.jpg,outdoor,Asia,Asia,11,23
Asia\shard0_12253.jpg,outdoor,Asia,Asia,8,29
Asia\shard0_27078.jpg,outdoor,Asia,Asia,12,31
Asia\shard0_08242.jpg,outdoor,Asia,Asia,11,23
Asia\shard0_36255.jpg,outdoor,Asia,Asia,8,28
Asia\shard0_36480.jpg,outdoor,Asia,Asia,12,31
Asia\shard0_28572.jpg,outdoor,Asia,Asia,12,28
Asia\shard0_12641.jpg,outdoor,Asia,Asia,12,31
Asia\shard0_36278.jpg,outdoor,Asia,Asia,12,30
Asia\shard0_26761.jpg,outdoor,Asia,Asia,12,31
Asia\shard0_36666.jpg,outdoor,Asia,Asia,11,29
Asia\shard0_35910.jpg,outdoor,Asia,Asia,11,28
Asia\shard0_33967.jpg,outdoor,Asia,Asia,12,25
Asia\shard0_34791.jpg,outdoor,Asia,Asia,12,30
Asia\shard0_36544.jpg,outdoor,Asia,Asia,12,29
Asia\shard0_23046.jpg,outdoor,Asia,Asia,11,30
Asia\shard0_34998.jpg,outdoor,Asia,Asia,12,31
Asia\shard0_35309.jpg,outdoor,Asia,Asia,12,30
Asia\shard0_28165.jpg,outdoor,Asia,Asia,11,30
Asia\shard0_20343.jpg,outdoor,Asia,Asia,12,31
Asia\shard0_28439.jpg,outdoor,Asia,Asia,10,25
Asia\shard0_17943.jpg,outdoor,Asia,Asia,10,25
Asia\shard0_10598.jpg,outdoor,Asia,Asia,8,29
Asia\shard0_06047.jpg,outdoor,Asia,Asia,12,29
Asia\shard0_35412.jpg,outdoor,Asia,Asia,11,29
Asia\shard0_36215.jpg,outdoor,Asia,Asia,12,31
Asia\shard0_33984.jpg,outdoor,Asia,Asia,11,27
Asia\shard0_15806.jpg,outdoor,Asia,Asia,10,30
Asia\shard0_36298.jpg,outdoor,Asia,Asia,12,31
Asia\shard0_35872.jpg,outdoor,Asia,Asia,10,25
Asia\shard0_14641.jpg,outdoor,Asia,Asia,9,26
Asia\shard0_34794.jpg,outdoor,Asia,Asia,12,31
Asia\shard0_10678.jpg,outdoor,Asia,Asia,11,30
Asia\shard0_34401.jpg,outdoor,Asia,Asia,9,25
Asia\shard0_07631.jpg,outdoor,Asia,Asia,10,28
Asia\shard0_10535.jpg,outdoor,Asia,Asia,11,28
Asia\shard0_34000.jpg,outdoor,Asia,Asia,9,27
Asia\shard0_36245.jpg,outdoor,Asia,Asia,11,29
Asia\shard0_34196.jpg,outdoor,Asia,Asia,12,21
Asia\shard0_35495.jpg,outdoor,Asia,Asia,11,26
Asia\shard0_36234.jpg,outdoor,Asia,Asia,10,27
Asia\shard0_36227.jpg,outdoor,Asia,Asia,12,21
Asia\shard0_23884.jpg,outdoor,Asia,Asia,10,28
Asia\shard0_34024.jpg,outdoor,Asia,Asia,12,25
Asia\shard0_35972.jpg,outdoor,Asia,Asia,12,31
Asia\shard0_06230.jpg,outdoor,Asia,Asia,11,28
Asia\shard0_19679.jpg,outdoor,Asia,Asia,8,29
Asia\shard0_10467.jpg,outdoor,Asia,Asia,11,30
Asia\shard0_36517.jpg,outdoor,Asia,Asia,12,25
Asia\shard0_34779.jpg,outdoor,Asia,Asia,10,27
Asia\shard0_37106.jpg,outdoor,Asia,Asia,12,31
Asia\shard0_36717.jpg,outdoor,Asia,Asia,12,21
Asia\shard0_34837.jpg,outdoor,Asia,Asia,9,28
Asia\shard0_36780.jpg,outdoor,Asia,Asia,12,30
Asia\shard0_01089.jpg,outdoor,Asia,Asia,11,28
Asia\shard0_34543.jpg,outdoor,Asia,Asia,10,25
Asia\shard0_34967.jpg,outdoor,Asia,Asia,11,30
Asia\shard0_35466.jpg,outdoor,Asia,Asia,12,31
Asia\shard0_19968.jpg,outdoor,Asia,Asia,12,30
Asia\shard0_36237.jpg,outdoor,Asia,Asia,9,28
Asia\shard0_34806.jpg,outdoor,Asia,Asia,9,28
Asia\shard0_36778.jpg,outdoor,Asia,Asia,12,31
Asia\shard0_35934.jpg,outdoor,Asia,Asia,11,30
Asia\shard0_27305.jpg,outdoor,Asia,Asia,12,21
Asia\shard0_29676.jpg,outdoor,Asia,Asia,12,21
Asia\shard0_36405.jpg,outdoor,Asia,Asia,12,25
Asia\shard0_09520.jpg,outdoor,Asia,Asia,12,28
Asia\shard0_11755.jpg,outdoor,Asia,Asia,11,29
Asia\shard0_23464.jpg,outdoor,Asia,Asia,12,31
Asia\shard0_07360.jpg,outdoor,Asia,Asia,9,28
Asia\shard0_17465.jpg,outdoor,Asia,Asia,11,29
Asia\shard0_22298.jpg,outdoor,Asia,Asia,12,31
Asia\shard0_10838.jpg,outdoor,Asia,Asia,13,26
Asia\shard0_01298.jpg,outdoor,Asia,Asia,12,31
Asia\shard0_35120.jpg,outdoor,Asia,Asia,12,31
Asia\shard0_35227.jpg,outdoor,Asia,Asia,13,32
Asia\shard0_37053.jpg,outdoor,Asia,Asia,12,21
Asia\shard0_16205.jpg,outdoor,Asia,Asia,9,26
Asia\shard0_10551.jpg,outdoor,Asia,Asia,12,31
Asia\shard0_23604.jpg,outdoor,Asia,Asia,12,21
Asia\shard0_34021.jpg,outdoor,Asia,Asia,12,31
Asia\shard0_09432.jpg,outdoor,Asia,Asia,11,23
Asia\shard0_37126.jpg,outdoor,Asia,Asia,9,28
Asia\shard0_27099.jpg,outdoor,Asia,Asia,11,27
Asia\shard0_36462.jpg,outdoor,Asia,Asia,13,30
Asia\shard0_34394.jpg,outdoor,Asia,Asia,12,21
Asia\shard0_35737.jpg,outdoor,Asia,Asia,12,23
Asia\shard0_16149.jpg,outdoor,Asia,Asia,11,25
Asia\shard0_34004.jpg,outdoor,Asia,Asia,9,27
Asia\shard0_26299.jpg,outdoor,Asia,Asia,11,30
Asia\shard0_35783.jpg,outdoor,Asia,Asia,9,28
Asia\shard0_22609.jpg,outdoor,Asia,Asia,9,28
Asia\shard0_36801.jpg,outdoor,Asia,Asia,12,31
Asia\shard0_34930.jpg,outdoor,Asia,Asia,10,30
Asia\shard0_37104.jpg,outdoor,Asia,Asia,11,30
Asia\shard0_34505.jpg,outdoor,Asia,Asia,11,29
Asia\shard0_36830.jpg,outdoor,Asia,Asia,12,31
Asia\shard0_07577.jpg,outdoor,Asia,Asia,10,28
Asia\shard0_08637.jpg,outdoor,Asia,Asia,12,21
Asia\shard0_17551.jpg,outdoor,Asia,Asia,9,25
Asia\shard0_10008.jpg,outdoor,Asia,Asia,12,30
Asia\shard0_28006.jpg,outdoor,Asia,Asia,11,23
Asia\shard0_10878.jpg,outdoor,Asia,Asia,12,30
Asia\shard0_36604.jpg,outdoor,Asia,Asia,11,25
Asia\shard0_35654.jpg,outdoor,Asia,Asia,10,28
Asia\shard0_36932.jpg,outdoor,Asia,Asia,12,29
Asia\shard0_36284.jpg,outdoor,Asia,Asia,13,28
Asia\shard0_23381.jpg,outdoor,Asia,Asia,12,21
Asia\shard0_33922.jpg,outdoor,Asia,Asia,12,31
Asia\shard0_11131.jpg,outdoor,Asia,Asia,12,21
Asia\shard0_10631.jpg,outdoor,Asia,Asia,11,29
Asia\shard0_34111.jpg,outdoor,Asia,Asia,13,22
Asia\shard0_19906.jpg,outdoor,Asia,Asia,11,26
Asia\shard0_24911.jpg,outdoor,Asia,Asia,12,30
Asia\shard0_08247.jpg,outdoor,Asia,Asia,12,21
Asia\shard0_34731.jpg,outdoor,Asia,Asia,9,26
Asia\shard0_36584.jpg,outdoor,Asia,Asia,12,31
Asia\shard0_35534.jpg,outdoor,Asia,Asia,11,30
Asia\shard0_23612.jpg,outdoor,Asia,Asia,12,21
Asia\shard0_35244.jpg,outdoor,Asia,Asia,9,28
Asia\shard0_34919.jpg,outdoor,Asia,Asia,11,27
Asia\shard0_35647.jpg,outdoor,Asia,Asia,9,28
Asia\shard0_13689.jpg,outdoor,Asia,Asia,12,31
Asia\shard0_19603.jpg,outdoor,Asia,Asia,11,30
Asia\shard0_19007.jpg,outdoor,Asia,Asia,10,28
Asia\shard0_35272.jpg,outdoor,Asia,Asia,11,29
Asia\shard0_09075.jpg,outdoor,Asia,Asia,12,31
Asia\shard0_35801.jpg,outdoor,Asia,Asia,11,29
Asia\shard0_00961.jpg,outdoor,Asia,Asia,12,30
Asia\shard0_25751.jpg,outdoor,Asia,Asia,11,30
Asia\shard0_13728.jpg,outdoor,Asia,Asia,11,28
Asia\shard0_25855.jpg,outdoor,Asia,Asia,12,29
Asia\shard0_17169.jpg,outdoor,Asia,Asia,10,28
Asia\shard0_11902.jpg,outdoor,Asia,Asia,10,28
Asia\shard0_29663.jpg,outdoor,Asia,Asia,12,21
Asia\shard0_34183.jpg,outdoor,Asia,Asia,12,30
Asia\shard0_36317.jpg,outdoor,Asia,Asia,10,28
Asia\shard0_34245.jpg,outdoor,Asia,Asia,11,29
Asia\shard0_37125.jpg,outdoor,Asia,Asia,11,27
Asia\shard0_35321.jpg,outdoor,Asia,Asia,12,30
Asia\shard0_35374.jpg,outdoor,Asia,Asia,9,28
Asia\shard0_36719.jpg,outdoor,Asia,Asia,11,29
Asia\shard0_28183.jpg,outdoor,Asia,Asia,10,28
Asia\shard0_34192.jpg,outdoor,Asia,Asia,10,25
Asia\shard0_36546.jpg,outdoor,Asia,Asia,10,28
Asia\shard0_35188.jpg,outdoor,Asia,Asia,10,25
Asia\shard0_34057.jpg,outdoor,Asia,Asia,11,30
Asia\shard0_35148.jpg,outdoor,Asia,Asia,11,29
Asia\shard0_25661.jpg,outdoor,Asia,Asia,12,31
Asia\shard0_35348.jpg,outdoor,Asia,Asia,12,30
Asia\shard0_22476.jpg,outdoor,Asia,Asia,10,28
Asia\shard0_22627.jpg,outdoor,Asia,Asia,11,30
Asia\shard0_19131.jpg,outdoor,Asia,Asia,11,30
Asia\shard0_36789.jpg,outdoor,Asia,Asia,12,20
Asia\shard0_23743.jpg,outdoor,Asia,Asia,12,32
Asia\shard0_28795.jpg,outdoor,Asia,Asia,8,29
Asia\shard0_36686.jpg,outdoor,Asia,Asia,9,26
Asia\shard0_34508.jpg,outdoor,Asia,Asia,12,29
Asia\shard0_05226.jpg,outdoor,Asia,Asia,11,29
Asia\shard0_29947.jpg,outdoor,Asia,Asia,10,25
Asia\shard0_20250.jpg,outdoor,Asia,Asia,10,28
Asia\shard0_33918.jpg,outdoor,Asia,Asia,12,21
Asia\shard0_15515.jpg,outdoor,Asia,Asia,12,28
Asia\shard0_35194.jpg,outdoor,Asia,Asia,12,32
Asia\shard0_33962.jpg,outdoor,Asia,Asia,9,28
Asia\shard0_35094.jpg,outdoor,Asia,Asia,11,30
Asia\shard0_35565.jpg,outdoor,Asia,Asia,10,25
Asia\shard0_22279.jpg,outdoor,Asia,Asia,12,30
Asia\shard0_20654.jpg,outdoor,Asia,Asia,10,25
Asia\shard0_37117.jpg,outdoor,Asia,Asia,12,31
Asia\shard0_06134.jpg,outdoor,Asia,Asia,11,27
Asia\shard0_22166.jpg,outdoor,Asia,Asia,9,28
Asia\shard0_35574.jpg,outdoor,Asia,Asia,10,28
Asia\shard0_10811.jpg,outdoor,Asia,Asia,12,31
Asia\shard0_35111.jpg,outdoor,Asia,Asia,11,29
Asia\shard0_36593.jpg,outdoor,Asia,Asia,12,31
Asia\shard0_11332.jpg,outdoor,Asia,Asia,10,28
Asia\shard0_36577.jpg,outdoor,Asia,Asia,12,30
Asia\shard0_37136.jpg,outdoor,Asia,Asia,11,30
Asia\shard0_36012.jpg,outdoor,Asia,Asia,11,30
Asia\shard0_26171.jpg,outdoor,Asia,Asia,12,29
Asia\shard0_18774.jpg,outdoor,Asia,Asia,10,28
Asia\shard0_35203.jpg,outdoor,Asia,Asia,13,20
Asia\shard0_26533.jpg,outdoor,Asia,Asia,12,31
Asia\shard0_36391.jpg,outdoor,Asia,Asia,12,21
Asia\shard0_34391.jpg,outdoor,Asia,Asia,11,30
Asia\shard0_35048.jpg,outdoor,Asia,Asia,9,27
Asia\shard0_21953.jpg,outdoor,Asia,Asia,11,29
Asia\shard0_12656.jpg,outdoor,Asia,Asia,12,20
Asia\shard0_36524.jpg,outdoor,Asia,Asia,11,30
Asia\shard0_02524.jpg,outdoor,Asia,Asia,12,29
Asia\shard0_12663.jpg,outdoor,Asia,Asia,9,28
Asia\shard0_05621.jpg,outdoor,Asia,Asia,11,24
Asia\shard0_35117.jpg,outdoor,Asia,Asia,10,25
Asia\shard0_11846.jpg,outdoor,Asia,Asia,10,30
Asia\shard0_34281.jpg,outdoor,Asia,Asia,13,21
Asia\shard0_34587.jpg,outdoor,Asia,Asia,9,28
Asia\shard0_36680.jpg,outdoor,Asia,Asia,8,29
Asia\shard0_35803.jpg,outdoor,Asia,Asia,12,31
Asia\shard0_36247.jpg,outdoor,Asia,Asia,11,29
Asia\shard0_27352.jpg,outdoor,Asia,Asia,11,30
Asia\shard0_10544.jpg,outdoor,Asia,Asia,9,30
Asia\shard0_07027.jpg,outdoor,Asia,Asia,12,31
Asia\shard0_29235.jpg,outdoor,Asia,Asia,10,22
Asia\shard0_28993.jpg,outdoor,Asia,Asia,11,30
Asia\shard0_35977.jpg,outdoor,Asia,Asia,10,25
Asia\shard0_28694.jpg,outdoor,Asia,Asia,11,30
Asia\shard0_34666.jpg,outdoor,Asia,Asia,10,28
Asia\shard0_08408.jpg,outdoor,Asia,Asia,12,31
Asia\shard0_34388.jpg,outdoor,Asia,Asia,12,29
Asia\shard0_05994.jpg,outdoor,Asia,Asia,8,29
Asia\shard0_34932.jpg,outdoor,Asia,Asia,12,29
Asia\shard0_35630.jpg,outdoor,Asia,Asia,12,31
Asia\shard0_12621.jpg,outdoor,Asia,Asia,12,21
Asia\shard0_21328.jpg,outdoor,Asia,Asia,9,28
Asia\shard0_34487.jpg,outdoor,Asia,Asia,12,31
Asia\shard0_36650.jpg,outdoor,Asia,Asia,8,29
Asia\shard0_05317.jpg,outdoor,Asia,Asia,12,30
Asia\shard0_35997.jpg,outdoor,Asia,Asia,12,31
Asia\shard0_34900.jpg,outdoor,Asia,Asia,13,22
Asia\shard0_11238.jpg,outdoor,Asia,Asia,11,23
Asia\shard0_18761.jpg,outdoor,Asia,Asia,11,30
Asia\shard0_19842.jpg,outdoor,Asia,Asia,12,31
Asia\shard0_35850.jpg,outdoor,Asia,Asia,11,30
Asia\shard0_34477.jpg,outdoor,Asia,Asia,8,29
Asia\shard0_35638.jpg,outdoor,Asia,Asia,12,21
Asia\shard0_36493.jpg,outdoor,Asia,Asia,9,25
Asia\shard0_37041.jpg,outdoor,Asia,Asia,8,28
Asia\shard0_01518.jpg,outdoor,Asia,Asia,11,30
Asia\shard0_35501.jpg,outdoor,Asia,Asia,11,28
Asia\shard0_15200.jpg,outdoor,Asia,Asia,13,32
Asia\shard0_15575.jpg,outdoor,Asia,Asia,11,30
Asia\shard0_13366.jpg,outdoor,Asia,Asia,10,28
Asia\shard0_34308.jpg,outdoor,Asia,Asia,11,29
Asia\shard0_35847.jpg,outdoor,Asia,Asia,11,28
Asia\shard0_29168.jpg,outdoor,Asia,Asia,12,31
Asia\shard0_34512.jpg,outdoor,Asia,Asia,12,21
Asia\shard0_35058.jpg,outdoor,Asia,Asia,12,31
Asia\shard0_05050.jpg,outdoor,Asia,Asia,12,31
Asia\shard0_33924.jpg,outdoor,Asia,Asia,12,25
Asia\shard0_34876.jpg,outdoor,Asia,Asia,12,20
Asia\shard0_28207.jpg,outdoor,Asia,Asia,12,31
Asia\shard0_36150.jpg,outdoor,Asia,Asia,11,26
Asia\shard0_36570.jpg,outdoor,Asia,Asia,9,28
Asia\shard0_10238.jpg,outdoor,Asia,Asia,12,31
Asia\shard0_36420.jpg,outdoor,Asia,Asia,11,30
Asia\shard0_14671.jpg,outdoor,Asia,Asia,12,21
Asia\shard0_34062.jpg,outdoor,Asia,Asia,12,21
Asia\shard0_34714.jpg,outdoor,Asia,Asia,11,25
Asia\shard0_17533.jpg,outdoor,Asia,Asia,12,31
Asia\shard0_17345.jpg,outdoor,Asia,Asia,11,25
Asia\shard0_35273.jpg,outdoor,Asia,Asia,12,30
Asia\shard0_36945.jpg,outdoor,Asia,Asia,12,28
Asia\shard0_13050.jpg,outdoor,Asia,Asia,13,24
Asia\shard0_34184.jpg,outdoor,Asia,Asia,11,21
Asia\shard0_37056.jpg,outdoor,Asia,Asia,12,30
Asia\shard0_35955.jpg,outdoor,Asia,Asia,12,31
Asia\shard0_36921.jpg,outdoor,Asia,Asia,11,30
Asia\shard0_20951.jpg,outdoor,Asia,Asia,10,27
Asia\shard0_16153.jpg,outdoor,Asia,Asia,10,28
Asia\shard0_36045.jpg,outdoor,Asia,Asia,12,25
Asia\shard0_33928.jpg,outdoor,Asia,Asia,11,25
Asia\shard0_24278.jpg,outdoor,Asia,Asia,11,26
Asia\shard0_23843.jpg,outdoor,Asia,Asia,10,25
Asia\shard0_00362.jpg,outdoor,Asia,Asia,11,26
Asia\shard0_08382.jpg,outdoor,Asia,Asia,11,29
Asia\shard0_17906.jpg,outdoor,Asia,Asia,12,28
Asia\shard0_22685.jpg,outdoor,Asia,Asia,11,30
Asia\shard0_36428.jpg,outdoor,Asia,Asia,12,30
Asia\shard0_35127.jpg,outdoor,Asia,Asia,11,30
Asia\shard0_36049.jpg,outdoor,Asia,Asia,12,23
Asia\shard0_34722.jpg,outdoor,Asia,Asia,12,28
Asia\shard0_34677.jpg,outdoor,Asia,Asia,11,29
Asia\shard0_36646.jpg,outdoor,Asia,Asia,11,30
Asia\shard0_09932.jpg,outdoor,Asia,Asia,11,30
Asia\shard0_34524.jpg,outdoor,Asia,Asia,10,25
Asia\shard0_11489.jpg,outdoor,Asia,Asia,11,25
Asia\shard0_34726.jpg,outdoor,Asia,Asia,11,29
Asia\shard0_35493.jpg,outdoor,Asia,Asia,10,30
Asia\shard0_26080.jpg,outdoor,Asia,Asia,12,31
Asia\shard0_35089.jpg,outdoor,Asia,Asia,12,29
Asia\shard0_34346.jpg,outdoor,Asia,Asia,9,28
Asia\shard0_16240.jpg,outdoor,Asia,Asia,13,20
Asia\shard0_35914.jpg,outdoor,Asia,Asia,11,30
Asia\shard0_34483.jpg,outdoor,Asia,Asia,12,31
Asia\shard0_06260.jpg,outdoor,Asia,Asia,10,28
Asia\shard0_36238.jpg,outdoor,Asia,Asia,11,26
Asia\shard0_36609.jpg,outdoor,Asia,Asia,12,23
Asia\shard0_34891.jpg,outdoor,Asia,Asia,10,30
Asia\shard0_21162.jpg,outdoor,Asia,Asia,12,31
Asia\shard0_36091.jpg,outdoor,Asia,Asia,12,25
Asia\shard0_28445.jpg,outdoor,Asia,Asia,10,28
Asia\shard0_35323.jpg,outdoor,Asia,Asia,11,29
Asia\shard0_34638.jpg,outdoor,Asia,Asia,11,26
Asia\shard0_06001.jpg,outdoor,Asia,Asia,9,30
Asia\shard0_15996.jpg,outdoor,Asia,Asia,11,28
Asia\shard0_34598.jpg,outdoor,Asia,Asia,11,25
Asia\shard0_12187.jpg,outdoor,Asia,Asia,12,31
Asia\shard0_35531.jpg,outdoor,Asia,Asia,12,31
Asia\shard0_27066.jpg,outdoor,Asia,Asia,10,30
Asia\shard0_35570.jpg,outdoor,Asia,Asia,12,21
Asia\shard0_36621.jpg,outdoor,Asia,Asia,11,23
Asia\shard0_02050.jpg,outdoor,Asia,Asia,10,30
Asia\shard0_23074.jpg,outdoor,Asia,Asia,9,28
Asia\shard0_37098.jpg,outdoor,Asia,Asia,11,29
Asia\shard0_19818.jpg,outdoor,Asia,Asia,12,31
Asia\shard0_18207.jpg,outdoor,Asia,Asia,12,21
Asia\shard0_34653.jpg,outdoor,Asia,Asia,12,21
Asia\shard0_19505.jpg,outdoor,Asia,Asia,12,31
Asia\shard0_19151.jpg,outdoor,Asia,Asia,12,21
Asia\shard0_01530.jpg,outdoor,Asia,Asia,10,28
Asia\shard0_34588.jpg,outdoor,Asia,Asia,11,21
Asia\shard0_36198.jpg,outdoor,Asia,Asia,10,28
Asia\shard0_22375.jpg,outdoor,Asia,Asia,12,20
Asia\shard0_34204.jpg,outdoor,Asia,Asia,12,31
Asia\shard0_11324.jpg,outdoor,Asia,Asia,11,26
Asia\shard0_16267.jpg,outdoor,Asia,Asia,9,30
Asia\shard0_02343.jpg,outdoor,Asia,Asia,8,28
Asia\shard0_22072.jpg,outdoor,Asia,Asia,11,30
Asia\shard0_35841.jpg,outdoor,Asia,Asia,11,25
Asia\shard0_29035.jpg,outdoor,Asia,Asia,9,28
Asia\shard0_14326.jpg,outdoor,Asia,Asia,11,30
Asia\shard0_35498.jpg,outdoor,Asia,Asia,12,23
Asia\shard0_21985.jpg,outdoor,Asia,Asia,12,30
Asia\shard0_05361.jpg,outdoor,Asia,Asia,11,29
Asia\shard0_36841.jpg,outdoor,Asia,Asia,9,28
Asia\shard0_06646.jpg,outdoor,Asia,Asia,12,31
Asia\shard0_02636.jpg,outdoor,Asia,Asia,12,25
Asia\shard0_21218.jpg,outdoor,Asia,Asia,11,29
Asia\shard0_23316.jpg,outdoor,Asia,Asia,11,26
Asia\shard0_28558.jpg,outdoor,Asia,Asia,12,31
Asia\shard0_34961.jpg,outdoor,Asia,Asia,10,25
Asia\shard0_07376.jpg,outdoor,Asia,Asia,11,25
Asia\shard0_08390.jpg,outdoor,Asia,Asia,9,28
Asia\shard0_19297.jpg,outdoor,Asia,Asia,8,29
Asia\shard0_36818.jpg,outdoor,Asia,Asia,12,31
Asia\shard0_34757.jpg,outdoor,Asia,Asia,12,31
Asia\shard0_19302.jpg,outdoor,Asia,Asia,11,23
Asia\shard0_35676.jpg,outdoor,Asia,Asia,12,31
Asia\shard0_36116.jpg,outdoor,Asia,Asia,12,31
Asia\shard0_36164.jpg,outdoor,Asia,Asia,12,29
Asia\shard0_34845.jpg,outdoor,Asia,Asia,10,28
Asia\shard0_19805.jpg,outdoor,Asia,Asia,11,30
Asia\shard0_34197.jpg,outdoor,Asia,Asia,11,25
Asia\shard0_35991.jpg,outdoor,Asia,Asia,11,25
Asia\shard0_04685.jpg,outdoor,Asia,Asia,12,31
Asia\shard0_08330.jpg,outdoor,Asia,Asia,12,31
Asia\shard0_35181.jpg,outdoor,Asia,Asia,12,30
Asia\shard0_19665.jpg,outdoor,Asia,Asia,11,30
Asia\shard0_11504.jpg,outdoor,Asia,Asia,12,31
Asia\shard0_36068.jpg,outdoor,Asia,Asia,11,29
Asia\shard0_36485.jpg,outdoor,Asia,Asia,11,26
Asia\shard0_29006.jpg,outdoor,Asia,Asia,9,28
Asia\shard0_33915.jpg,outdoor,Asia,Asia,12,31
Asia\shard0_36610.jpg,outdoor,Asia,Asia,12,21
Asia\shard0_35228.jpg,outdoor,Asia,Asia,12,31
Asia\shard0_16977.jpg,outdoor,Asia,Asia,12,31
Asia\shard0_02166.jpg,outdoor,Asia,Asia,12,31
Asia\shard0_16381.jpg,outdoor,Asia,Asia,9,30
Asia\shard0_35849.jpg,outdoor,Asia,Asia,11,29
Asia\shard0_04800.jpg,outdoor,Asia,Asia,12,29
Asia\shard0_34921.jpg,outdoor,Asia,Asia,10,28
Asia\shard0_21188.jpg,outdoor,Asia,Asia,10,25
Asia\shard0_35765.jpg,outdoor,Asia,Asia,11,28
Asia\shard0_15695.jpg,outdoor,Asia,Asia,12,31
Asia\shard0_26975.jpg,outdoor,Asia,Asia,12,29
Asia\shard0_29064.jpg,outdoor,Asia,Asia,11,26
Asia\shard0_35954.jpg,outdoor,Asia,Asia,9,28
Asia\shard0_34485.jpg,outdoor,Asia,Asia,12,31
Asia\shard0_10548.jpg,outdoor,Asia,Asia,12,31
Asia\shard0_36026.jpg,outdoor,Asia,Asia,11,30
Asia\shard0_02696.jpg,outdoor,Asia,Asia,12,21
Asia\shard0_36995.jpg,outdoor,Asia,Asia,10,28
Asia\shard0_26823.jpg,outdoor,Asia,Asia,11,30
Asia\shard0_34739.jpg,outdoor,Asia,Asia,12,25
Asia\shard0_05345.jpg,outdoor,Asia,Asia,10,28
Asia\shard0_34938.jpg,outdoor,Asia,Asia,12,25
Asia\shard0_36226.jpg,outdoor,Asia,Asia,12,32
Asia\shard0_34343.jpg,outdoor,Asia,Asia,11,30
Asia\shard0_37129.jpg,outdoor,Asia,Asia,10,28
Asia\shard0_35677.jpg,outdoor,Asia,Asia,13,22
Asia\shard0_21124.jpg,outdoor,Asia,Asia,10,25
Asia\shard0_34350.jpg,outdoor,Asia,Asia,9,28
Asia\shard0_09761.jpg,outdoor,Asia,Asia,12,31
Asia\shard0_34959.jpg,outdoor,Asia,Asia,11,28
Asia\shard0_36271.jpg,outdoor,Asia,Asia,13,29
Asia\shard0_36376.jpg,outdoor,Asia,Asia,12,20
Asia\shard0_27626.jpg,outdoor,Asia,Asia,9,28
Asia\shard0_20897.jpg,outdoor,Asia,Asia,11,30
Asia\shard0_02398.jpg,outdoor,Asia,Asia,9,26
Asia\shard0_35551.jpg,outdoor,Asia,Asia,9,27
Asia\shard0_35907.jpg,outdoor,Asia,Asia,10,28
Asia\shard0_29865.jpg,outdoor,Asia,Asia,10,27
Asia\shard0_13404.jpg,outdoor,Asia,Asia,10,27
Asia\shard0_26447.jpg,outdoor,Asia,Asia,12,23
Asia\shard0_34396.jpg,outdoor,Asia,Asia,12,31
Asia\shard0_04584.jpg,outdoor,Asia,Asia,9,26
Asia\shard0_10624.jpg,outdoor,Asia,Asia,10,25
Asia\shard0_27924.jpg,outdoor,Asia,Asia,11,29
Asia\shard0_16487.jpg,outdoor,Asia,Asia,12,31
Asia\shard0_34490.jpg,outdoor,Asia,Asia,12,21
Asia\shard0_04940.jpg,outdoor,Asia,Asia,13,29
Asia\shard0_21444.jpg,outdoor,Asia,Asia,12,31
Asia\shard0_35499.jpg,outdoor,Asia,Asia,8,28
Asia\shard0_05283.jpg,outdoor,Asia,Asia,11,30
Asia\shard0_35868.jpg,outdoor,Asia,Asia,11,28
Asia\shard0_36527.jpg,outdoor,Asia,Asia,13,21
Asia\shard0_23281.jpg,outdoor,Asia,Asia,12,25
Asia\shard0_23702.jpg,outdoor,Asia,Asia,12,21
Asia\shard0_35319.jpg,outdoor,Asia,Asia,12,30
Asia\shard0_35278.jpg,outdoor,Asia,Asia,11,30
Asia\shard0_18932.jpg,outdoor,Asia,Asia,8,29
Asia\shard0_01188.jpg,outdoor,Asia,Asia,9,25
Asia\shard0_35513.jpg,outdoor,Asia,Asia,12,31
Asia\shard0_14323.jpg,outdoor,Asia,Asia,12,31
Asia\shard0_35738.jpg,outdoor,Asia,Asia,11,27
Asia\shard0_36345.jpg,outdoor,Asia,Asia,12,30
Asia\shard0_28385.jpg,outdoor,Asia,Asia,12,25
Asia\shard0_34814.jpg,outdoor,Asia,Asia,9,28
Asia\shard0_34207.jpg,outdoor,Asia,Asia,12,31
Asia\shard0_03930.jpg,outdoor,Asia,Asia,9,26
Asia\shard0_08476.jpg,outdoor,Asia,Asia,12,31
Asia\shard0_33972.jpg,outdoor,Asia,Asia,11,23
Asia\shard0_35220.jpg,outdoor,Asia,Asia,12,29
Asia\shard0_06548.jpg,outdoor,Asia,Asia,8,29
Asia\shard0_24637.jpg,outdoor,Asia,Asia,11,30
Asia\shard0_34468.jpg,outdoor,Asia,Asia,11,30
Asia\shard0_36475.jpg,outdoor,Asia,Asia,11,25
Asia\shard0_16202.jpg,outdoor,Asia,Asia,12,23
Asia\shard0_13309.jpg,outdoor,Asia,Asia,12,30
Asia\shard0_34596.jpg,outdoor,Asia,Asia,9,28
Asia\shard0_06412.jpg,outdoor,Asia,Asia,12,31
Asia\shard0_34096.jpg,outdoor,Asia,Asia,12,31
Asia\shard0_35292.jpg,outdoor,Asia,Asia,12,31
Asia\shard0_35509.jpg,outdoor,Asia,Asia,11,26
Asia\shard0_15186.jpg,outdoor,Asia,Asia,11,26
Asia\shard0_21276.jpg,outdoor,Asia,Asia,12,31
Asia\shard0_37078.jpg,outdoor,Asia,Asia,12,30
Asia\shard0_35215.jpg,outdoor,Asia,Asia,12,30
Asia\shard0_12273.jpg,outdoor,Asia,Asia,11,23
Asia\shard0_01703.jpg,outdoor,Asia,Asia,10,28
Asia\shard0_24984.jpg,outdoor,Asia,Asia,12,30
Asia\shard0_36350.jpg,outdoor,Asia,Asia,10,25
Asia\shard0_13843.jpg,outdoor,Asia,Asia,11,30
Asia\shard0_28317.jpg,outdoor,Asia,Asia,11,29
Asia\shard0_14578.jpg,outdoor,Asia,Asia,11,30
Asia\shard0_37047.jpg,outdoor,Asia,Asia,9,26
Asia\shard0_25605.jpg,outdoor,Asia,Asia,12,29
Asia\shard0_09073.jpg,outdoor,Asia,Asia,12,31
Asia\shard0_20151.jpg,outdoor,Asia,Asia,12,31
Asia\shard0_33914.jpg,outdoor,Asia,Asia,12,21
Asia\shard0_34723.jpg,outdoor,Asia,Asia,10,28
Asia\shard0_10715.jpg,outdoor,Asia,Asia,12,31
Asia\shard0_20331.jpg,outdoor,Asia,Asia,10,25
Asia\shard0_03183.jpg,outdoor,Asia,Asia,11,30
Asia\shard0_34809.jpg,outdoor,Asia,Asia,10,28
Asia\shard0_34563.jpg,outdoor,Asia,Asia,10,25
Asia\shard0_34413.jpg,outdoor,Asia,Asia,10,30
Asia\shard0_28959.jpg,outdoor,Asia,Asia,11,30
Asia\shard0_14974.jpg,outdoor,Asia,Asia,11,29
Asia\shard0_23239.jpg,outdoor,Asia,Asia,10,27
Asia\shard0_34705.jpg,outdoor,Asia,Asia,12,31
Asia\shard0_35685.jpg,outdoor,Asia,Asia,12,31
Asia\shard0_34203.jpg,outdoor,Asia,Asia,10,27
Asia\shard0_24829.jpg,outdoor,Asia,Asia,12,31
Asia\shard0_13837.jpg,outdoor,Asia,Asia,11,26
Asia\shard0_36332.jpg,outdoor,Asia,Asia,13,30
Asia\shard0_20411.jpg,outdoor,Asia,Asia,11,30
Asia\shard0_35210.jpg,outdoor,Asia,Asia,10,28
Asia\shard0_36916.jpg,outdoor,Asia,Asia,12,31
Asia\shard0_10268.jpg,outdoor,Asia,Asia,10,27
Asia\shard0_36901.jpg,outdoor,Asia,Asia,12,31
Asia\shard0_27704.jpg,outdoor,Asia,Asia,12,21
Asia\shard0_34246.jpg,outdoor,Asia,Asia,12,31
Asia\shard0_02667.jpg,outdoor,Asia,Asia,13,25
Asia\shard0_35668.jpg,outdoor,Asia,Asia,11,23
Asia\shard0_35353.jpg,outdoor,Asia,Asia,11,30
Asia\shard0_22693.jpg,outdoor,Asia,Asia,12,30
Asia\shard0_35903.jpg,outdoor,Asia,Asia,11,29
Asia\shard0_12060.jpg,outdoor,Asia,Asia,12,31
Asia\shard0_34319.jpg,outdoor,Asia,Asia,12,31
Asia\shard0_34856.jpg,outdoor,Asia,Asia,11,28
Asia\shard0_36677.jpg,outdoor,Asia,Asia,10,28
Asia\shard0_00498.jpg,outdoor,Asia,Asia,12,23
Asia\shard0_36155.jpg,outdoor,Asia,Asia,12,31
Asia\shard0_02741.jpg,outdoor,Asia,Asia,10,30
Asia\shard0_28214.jpg,outdoor,Asia,Asia,12,29
Asia\shard0_13777.jpg,outdoor,Asia,Asia,9,28
Asia\shard0_29621.jpg,outdoor,Asia,Asia,12,31
Asia\shard0_34501.jpg,outdoor,Asia,Asia,10,25
Asia\shard0_14492.jpg,outdoor,Asia,Asia,10,25
Asia\shard0_06188.jpg,outdoor,Asia,Asia,12,30
Asia\shard0_19673.jpg,outdoor,Asia,Asia,12,29
Asia\shard0_35603.jpg,outdoor,Asia,Asia,12,21
Asia\shard0_07603.jpg,outdoor,Asia,Asia,12,31
Asia\shard0_37015.jpg,outdoor,Asia,Asia,11,24
Asia\shard0_12359.jpg,outdoor,Asia,Asia,11,26
Asia\shard0_28026.jpg,outdoor,Asia,Asia,11,26
Asia\shard0_14870.jpg,outdoor,Asia,Asia,10,28
Asia\shard0_26982.jpg,outdoor,Asia,Asia,12,25
Asia\shard0_37080.jpg,outdoor,Asia,Asia,12,30
Asia\shard0_35280.jpg,outdoor,Asia,Asia,12,20
Asia\shard0_05459.jpg,outdoor,Asia,Asia,12,30
Asia\shard0_22284.jpg,outdoor,Asia,Asia,12,31
Asia\shard0_09351.jpg,outdoor,Asia,Asia,12,31
Asia\shard0_35043.jpg,outdoor,Asia,Asia,11,30
Asia\shard0_28202.jpg,outdoor,Asia,Asia,12,31
Asia\shard0_34478.jpg,outdoor,Asia,Asia,11,30
Asia\shard0_35806.jpg,outdoor,Asia,Asia,11,28
Asia\shard0_29513.jpg,outdoor,Asia,Asia,12,21
Asia\shard0_05354.jpg,outdoor,Asia,Asia,12,31
Asia\shard0_04941.jpg,outdoor,Asia,Asia,11,30
Asia\shard0_11550.jpg,outdoor,Asia,Asia,11,30
Asia\shard0_05366.jpg,outdoor,Asia,Asia,12,31
Asia\shard0_35508.jpg,outdoor,Asia,Asia,11,26
Asia\shard0_28305.jpg,outdoor,Asia,Asia,11,23
Asia\shard0_37054.jpg,outdoor,Asia,Asia,10,25
Asia\shard0_34850.jpg,outdoor,Asia,Asia,9,28
Asia\shard0_12260.jpg,outdoor,Asia,Asia,11,30
Asia\shard0_25789.jpg,outdoor,Asia,Asia,12,31
Asia\shard0_18584.jpg,outdoor,Asia,Asia,9,27
Asia\shard0_34086.jpg,outdoor,Asia,Asia,11,26
Asia\shard0_20299.jpg,outdoor,Asia,Asia,9,28
Asia\shard0_34150.jpg,outdoor,Asia,Asia,10,28
Asia\shard0_34491.jpg,outdoor,Asia,Asia,11,28
Asia\shard0_14526.jpg,outdoor,Asia,Asia,13,32
Asia\shard0_34414.jpg,outdoor,Asia,Asia,9,28
Asia\shard0_01548.jpg,outdoor,Asia,Asia,12,31
Asia\shard0_35852.jpg,outdoor,Asia,Asia,9,30
Asia\shard0_34191.jpg,outdoor,Asia,Asia,11,28
Asia\shard0_36074.jpg,outdoor,Asia,Asia,12,31
Asia\shard0_15711.jpg,outdoor,Asia,Asia,11,30
Asia\shard0_00318.jpg,outdoor,Asia,Asia,11,26
Asia\shard0_13966.jpg,outdoor,Asia,Asia,9,29
Asia\shard0_27805.jpg,outdoor,Asia,Asia,12,31
Asia\shard0_12921.jpg,outdoor,Asia,Asia,9,28
Asia\shard0_36281.jpg,outdoor,Asia,Asia,13,26
Asia\shard0_08716.jpg,outdoor,Asia,Asia,12,21
Asia\shard0_36819.jpg,outdoor,Asia,Asia,11,30
Asia\shard0_07085.jpg,outdoor,Asia,Asia,12,21
Asia\shard0_36382.jpg,outdoor,Asia,Asia,10,25
Asia\shard0_21629.jpg,outdoor,Asia,Asia,10,28
Asia\shard0_22780.jpg,outdoor,Asia,Asia,12,31
Asia\shard0_35609.jpg,outdoor,Asia,Asia,11,29
Asia\shard0_03523.jpg,outdoor,Asia,Asia,12,31
Asia\shard0_34014.jpg,outdoor,Asia,Asia,11,25
Asia\shard0_07866.jpg,outdoor,Asia,Asia,12,30
Asia\shard0_00174.jpg,outdoor,Asia,Asia,11,30
Asia\shard0_06635.jpg,outdoor,Asia,Asia,11,29
Asia\shard0_34647.jpg,outdoor,Asia,Asia,12,21
Asia\shard0_35455.jpg,outdoor,Asia,Asia,11,21
Asia\shard0_34909.jpg,outdoor,Asia,Asia,10,25
Asia\shard0_35033.jpg,outdoor,Asia,Asia,12,31
Asia\shard0_34736.jpg,outdoor,Asia,Asia,10,28
Asia\shard0_33931.jpg,outdoor,Asia,Asia,13,32
Asia\shard0_27706.jpg,outdoor,Asia,Asia,12,20
Asia\shard0_35126.jpg,outdoor,Asia,Asia,9,28
Asia\shard0_35905.jpg,outdoor,Asia,Asia,12,31
Asia\shard0_34760.jpg,outdoor,Asia,Asia,11,23
Asia\shard0_22592.jpg,outdoor,Asia,Asia,12,31
Asia\shard0_09390.jpg,outdoor,Asia,Asia,9,28
Asia\shard0_36707.jpg,outdoor,Asia,Asia,9,28
Asia\shard0_03772.jpg,outdoor,Asia,Asia,11,26
Asia\shard0_22384.jpg,outdoor,Asia,Asia,11,30
Asia\shard0_17482.jpg,outdoor,Asia,Asia,12,29
Asia\shard0_36323.jpg,outdoor,Asia,Asia,12,30
Asia\shard0_00208.jpg,outdoor,Asia,Asia,11,25
Asia\shard0_34016.jpg,outdoor,Asia,Asia,11,30
Asia\shard0_10700.jpg,outdoor,Asia,Asia,12,31
Asia\shard0_05531.jpg,outdoor,Asia,Asia,8,28
Asia\shard0_37091.jpg,outdoor,Asia,Asia,8,29
Asia\shard0_21475.jpg,outdoor,Asia,Asia,13,21
Asia\shard0_07401.jpg,outdoor,Asia,Asia,12,32
Asia\shard0_36241.jpg,outdoor,Asia,Asia,12,31
Asia\shard0_01929.jpg,outdoor,Asia,Asia,12,31
Asia\shard0_35240.jpg,outdoor,Asia,Asia,9,28
Asia\shard0_02549.jpg,outdoor,Asia,Asia,10,25
Asia\shard0_02198.jpg,outdoor,Asia,Asia,11,30
Asia\shard0_34249.jpg,outdoor,Asia,Asia,8,28
Asia\shard0_37025.jpg,outdoor,Asia,Asia,12,24
Asia\shard0_36877.jpg,outdoor,Asia,Asia,9,28
Asia\shard0_18953.jpg,outdoor,Asia,Asia,12,31
Asia\shard0_34992.jpg,outdoor,Asia,Asia,11,29
Asia\shard0_36329.jpg,outdoor,Asia,Asia,11,26
Asia\shard0_34351.jpg,outdoor,Asia,Asia,10,25
Asia\shard0_27362.jpg,outdoor,Asia,Asia,10,30
Asia\shard0_02059.jpg,outdoor,Asia,Asia,8,29
Asia\shard0_34426.jpg,outdoor,Asia,Asia,12,31
Asia\shard0_34070.jpg,outdoor,Asia,Asia,8,29
Asia\shard0_34063.jpg,outdoor,Asia,Asia,12,31
Asia\shard0_36472.jpg,outdoor,Asia,Asia,12,31
Asia\shard0_34146.jpg,outdoor,Asia,Asia,11,27
Asia\shard0_35355.jpg,outdoor,Asia,Asia,12,32
Asia\shard0_36738.jpg,outdoor,Asia,Asia,12,29
Asia\shard0_35252.jpg,outdoor,Asia,Asia,12,24
Asia\shard0_37033.jpg,outdoor,Asia,Asia,12,31
Asia\shard0_34068.jpg,outdoor,Asia,Asia,12,31
Asia\shard0_35101.jpg,outdoor,Asia,Asia,10,28
Asia\shard0_35485.jpg,outdoor,Asia,Asia,12,30
Asia\shard0_11343.jpg,outdoor,Asia,Asia,12,31
Asia\shard0_35375.jpg,outdoor,Asia,Asia,12,31
Asia\shard0_01640.jpg,outdoor,Asia,Asia,12,29
Asia\shard0_17702.jpg,outdoor,Asia,Asia,11,29
Asia\shard0_34966.jpg,outdoor,Asia,Asia,11,29
Asia\shard0_10038.jpg,outdoor,Asia,Asia,11,25
Asia\shard0_34497.jpg,outdoor,Asia,Asia,11,23
Asia\shard0_36710.jpg,outdoor,Asia,Asia,9,28
Asia\shard0_36479.jpg,outdoor,Asia,Asia,12,31
Asia\shard0_14277.jpg,outdoor,Asia,Asia,9,28
Asia\shard0_34839.jpg,outdoor,Asia,Asia,8,28
Asia\shard0_36675.jpg,outdoor,Asia,Asia,11,30
Asia\shard0_25617.jpg,outdoor,Asia,Asia,10,27
Asia\shard0_36722.jpg,outdoor,Asia,Asia,12,21
Asia\shard0_27709.jpg,outdoor,Asia,Asia,8,28
Asia\shard0_03688.jpg,outdoor,Asia,Asia,13,32
Asia\shard0_12576.jpg,outdoor,Asia,Asia,12,31
Asia\shard0_35366.jpg,outdoor,Asia,Asia,10,28
Asia\shard0_23286.jpg,outdoor,Asia,Asia,12,29
Asia\shard0_34744.jpg,outdoor,Asia,Asia,13,32
Asia\shard0_12786.jpg,outdoor,Asia,Asia,11,25
Asia\shard0_36048.jpg,outdoor,Asia,Asia,11,28
Asia\shard0_34469.jpg,outdoor,Asia,Asia,11,26
Asia\shard0_34569.jpg,outdoor,Asia,Asia,12,29
Asia\shard0_25481.jpg,outdoor,Asia,Asia,8,29
Asia\shard0_36283.jpg,outdoor,Asia,Asia,12,21
Asia\shard0_36460.jpg,outdoor,Asia,Asia,10,30
Asia\shard0_24464.jpg,outdoor,Asia,Asia,12,31
Asia\shard0_36174.jpg,outdoor,Asia,Asia,9,29
Asia\shard0_36562.jpg,outdoor,Asia,Asia,12,23
Asia\shard0_21783.jpg,outdoor,Asia,Asia,11,29
Asia\shard0_04632.jpg,outdoor,Asia,Asia,11,25
Asia\shard0_29155.jpg,outdoor,Asia,Asia,12,30
Asia\shard0_01268.jpg,outdoor,Asia,Asia,12,31
Asia\shard0_11903.jpg,outdoor,Asia,Asia,12,31
Asia\shard0_28103.jpg,outdoor,Asia,Asia,12,31
Asia\shard0_17332.jpg,outdoor,Asia,Asia,12,29
Asia\shard0_06791.jpg,outdoor,Asia,Asia,11,23
Asia\shard0_09930.jpg,outdoor,Asia,Asia,12,31
Asia\shard0_36947.jpg,outdoor,Asia,Asia,12,21
Asia\shard0_35083.jpg,outdoor,Asia,Asia,9,28
Asia\shard0_35093.jpg,outdoor,Asia,Asia,11,29
Asia\shard0_08439.jpg,outdoor,Asia,Asia,12,22
Asia\shard0_35118.jpg,outdoor,Asia,Asia,11,30
Asia\shard0_35532.jpg,outdoor,Asia,Asia,8,28
Asia\shard0_35108.jpg,outdoor,Asia,Asia,12,32
Asia\shard0_37095.jpg,outdoor,Asia,Asia,12,31
Asia\shard0_36615.jpg,outdoor,Asia,Asia,12,30
Asia\shard0_34098.jpg,outdoor,Asia,Asia,12,29
Asia\shard0_36402.jpg,outdoor,Asia,Asia,10,28
Asia\shard0_34853.jpg,outdoor,Asia,Asia,13,22
Asia\shard0_28353.jpg,outdoor,Asia,Asia,11,23
Asia\shard0_35642.jpg,outdoor,Asia,Asia,11,28
Asia\shard0_20147.jpg,outdoor,Asia,Asia,10,28
Asia\shard0_35338.jpg,outdoor,Asia,Asia,12,31
Asia\shard0_35415.jpg,outdoor,Asia,Asia,11,30
Asia\shard0_36352.jpg,outdoor,Asia,Asia,12,31
Asia\shard0_03510.jpg,outdoor,Asia,Asia,12,31
Asia\shard0_12084.jpg,outdoor,Asia,Asia,11,30
Asia\shard0_18703.jpg,outdoor,Asia,Asia,10,30
Asia\shard0_08964.jpg,outdoor,Asia,Asia,9,28
Asia\shard0_35811.jpg,outdoor,Asia,Asia,13,32
Asia\shard0_14662.jpg,outdoor,Asia,Asia,13,32
Asia\shard0_14397.jpg,outdoor,Asia,Asia,11,30
Asia\shard0_06470.jpg,outdoor,Asia,Asia,11,30
Asia\shard0_36351.jpg,outdoor,Asia,Asia,10,30
Asia\shard0_25275.jpg,outdoor,Asia,Asia,10,30
Asia\shard0_34810.jpg,outdoor,Asia,Asia,10,30
Asia\shard0_34090.jpg,outdoor,Asia,Asia,11,29
Asia\shard0_36502.jpg,outdoor,Asia,Asia,12,30
Asia\shard0_06048.jpg,outdoor,Asia,Asia,11,30
Asia\shard0_06748.jpg,outdoor,Asia,Asia,12,31
Asia\shard0_03369.jpg,outdoor,Asia,Asia,12,25
Asia\shard0_35586.jpg,outdoor,Asia,Asia,10,26
Asia\shard0_37009.jpg,outdoor,Asia,Asia,10,25
Asia\shard0_27637.jpg,outdoor,Asia,Asia,12,31
Asia\shard0_16904.jpg,outdoor,Asia,Asia,10,28
Asia\shard0_10012.jpg,outdoor,Asia,Asia,10,30
Asia\shard0_08765.jpg,outdoor,Asia,Asia,12,21
Asia\shard0_35951.jpg,outdoor,Asia,Asia,12,31
Asia\shard0_36337.jpg,outdoor,Asia,Asia,13,32
Asia\shard0_17291.jpg,outdoor,Asia,Asia,9,27
Asia\shard0_34558.jpg,outdoor,Asia,Asia,12,31
Asia\shard0_37130.jpg,outdoor,Asia,Asia,9,25
Asia\shard0_29117.jpg,outdoor,Asia,Asia,10,30
Asia\shard0_36963.jpg,outdoor,Asia,Asia,9,30
Asia\shard0_12728.jpg,outdoor,Asia,Asia,10,25
Asia\shard0_35283.jpg,outdoor,Asia,Asia,12,31
Asia\shard0_34129.jpg,outdoor,Asia,Asia,11,29
Asia\shard0_34895.jpg,outdoor,Asia,Asia,12,31
Asia\shard0_36129.jpg,outdoor,Asia,Asia,8,29
Asia\shard0_24768.jpg,outdoor,Asia,Asia,10,25
Asia\shard0_22727.jpg,outdoor,Asia,Asia,12,25
Asia\shard0_35480.jpg,outdoor,Asia,Asia,10,28
Asia\shard0_35866.jpg,outdoor,Asia,Asia,12,21
Asia\shard0_01501.jpg,outdoor,Asia,Asia,9,27
Asia\shard0_35828.jpg,outdoor,Asia,Asia,11,30
Asia\shard0_00420.jpg,outdoor,Asia,Asia,12,31
Asia\shard0_34370.jpg,outdoor,Asia,Asia,11,30
Asia\shard0_25392.jpg,outdoor,Asia,Asia,11,28
Asia\shard0_15759.jpg,outdoor,Asia,Asia,8,28
Asia\shard0_27666.jpg,outdoor,Asia,Asia,12,31
Asia\shard0_35140.jpg,outdoor,Asia,Asia,11,21
Asia\shard0_17519.jpg,outdoor,Asia,Asia,9,28
Asia\shard0_14271.jpg,outdoor,Asia,Asia,11,30
Asia\shard0_37101.jpg,outdoor,Asia,Asia,12,31
Asia\shard0_35751.jpg,outdoor,Asia,Asia,12,21
Asia\shard0_36186.jpg,outdoor,Asia,Asia,12,30
Asia\shard0_12137.jpg,outdoor,Asia,Asia,12,31
Asia\shard0_23342.jpg,outdoor,Asia,Asia,12,31
Asia\shard0_34953.jpg,outdoor,Asia,Asia,11,26
Asia\shard0_36435.jpg,outdoor,Asia,Asia,13,22
Asia\shard0_14517.jpg,outdoor,Asia,Asia,12,30
Asia\shard0_34637.jpg,outdoor,Asia,Asia,12,29
Asia\shard0_35503.jpg,outdoor,Asia,Asia,11,30
Asia\shard0_15311.jpg,outdoor,Asia,Asia,9,28
Asia\shard0_34799.jpg,outdoor,Asia,Asia,9,25
Asia\shard0_35071.jpg,outdoor,Asia,Asia,12,30
Asia\shard0_11863.jpg,outdoor,Asia,Asia,9,28
Asia\shard0_36193.jpg,outdoor,Asia,Asia,9,27
Asia\shard0_11483.jpg,outdoor,Asia,Asia,12,21
Asia\shard0_36257.jpg,outdoor,Asia,Asia,11,29
Asia\shard0_35516.jpg,outdoor,Asia,Asia,10,28
Asia\shard0_37089.jpg,outdoor,Asia,Asia,8,29
Asia\shard0_14241.jpg,outdoor,Asia,Asia,12,21
Asia\shard0_14678.jpg,outdoor,Asia,Asia,12,31
Asia\shard0_36336.jpg,outdoor,Asia,Asia,12,30
Asia\shard0_34832.jpg,outdoor,Asia,Asia,10,28
Asia\shard0_20263.jpg,outdoor,Asia,Asia,10,27
Asia\shard0_08255.jpg,outdoor,Asia,Asia,12,31
Asia\shard0_36194.jpg,outdoor,Asia,Asia,11,23
Asia\shard0_36559.jpg,outdoor,Asia,Asia,12,31
Asia\shard0_04697.jpg,outdoor,Asia,Asia,12,31
Asia\shard0_16008.jpg,outdoor,Asia,Asia,13,30
Asia\shard0_34332.jpg,outdoor,Asia,Asia,8,28
Asia\shard0_19854.jpg,outdoor,Asia,Asia,9,27
Asia\shard0_09704.jpg,outdoor,Asia,Asia,10,28
Asia\shard0_23072.jpg,outdoor,Asia,Asia,12,29
Asia\shard0_16099.jpg,outdoor,Asia,Asia,9,26
Asia\shard0_34405.jpg,outdoor,Asia,Asia,8,28
Asia\shard0_34778.jpg,outdoor,Asia,Asia,11,30
Asia\shard0_09953.jpg,outdoor,Asia,Asia,10,28
Asia\shard0_21862.jpg,outdoor,Asia,Asia,11,30
Asia\shard0_16226.jpg,outdoor,Asia,Asia,10,27
Asia\shard0_11350.jpg,outdoor,Asia,Asia,12,30
Asia\shard0_07641.jpg,outdoor,Asia,Asia,12,31
Asia\shard0_35346.jpg,outdoor,Asia,Asia,9,27
Asia\shard0_35608.jpg,outdoor,Asia,Asia,9,28
Asia\shard0_34291.jpg,outdoor,Asia,Asia,11,28
Asia\shard0_35861.jpg,outdoor,Asia,Asia,11,25
Asia\shard0_34802.jpg,outdoor,Asia,Asia,11,28
Asia\shard0_27365.jpg,outdoor,Asia,Asia,13,28
Asia\shard0_36060.jpg,outdoor,Asia,Asia,10,27
Asia\shard0_19887.jpg,outdoor,Asia,Asia,10,28
Asia\shard0_34134.jpg,outdoor,Asia,Asia,11,28
Asia\shard0_05163.jpg,outdoor,Asia,Asia,12,30
Asia\shard0_25024.jpg,outdoor,Asia,Asia,13,23
Asia\shard0_34187.jpg,outdoor,Asia,Asia,11,28
Asia\shard0_09988.jpg,outdoor,Asia,Asia,12,31
Asia\shard0_34418.jpg,outdoor,Asia,Asia,9,28
Asia\shard0_36489.jpg,outdoor,Asia,Asia,8,28
Asia\shard0_07364.jpg,outdoor,Asia,Asia,12,31
Asia\shard0_16945.jpg,outdoor,Asia,Asia,12,21
Asia\shard0_36413.jpg,outdoor,Asia,Asia,12,30
Asia\shard0_09472.jpg,outdoor,Asia,Asia,10,25
Asia\shard0_34929.jpg,outdoor,Asia,Asia,10,25
Asia\shard0_37076.jpg,outdoor,Asia,Asia,10,28
Asia\shard0_36452.jpg,outdoor,Asia,Asia,12,31
Asia\shard0_35129.jpg,outdoor,Asia,Asia,12,32
Asia\shard0_19069.jpg,outdoor,Asia,Asia,11,29
Asia\shard0_27714.jpg,outdoor,Asia,Asia,9,28
Asia\shard0_35141.jpg,outdoor,Asia,Asia,12,31
Asia\shard0_36554.jpg,outdoor,Asia,Asia,11,25
Asia\shard0_37023.jpg,outdoor,Asia,Asia,12,31
Asia\shard0_35331.jpg,outdoor,Asia,Asia,12,29
Asia\shard0_20647.jpg,outdoor,Asia,Asia,12,31
Asia\shard0_34789.jpg,outdoor,Asia,Asia,11,25
Asia\shard0_37037.jpg,outdoor,Asia,Asia,12,31
Asia\shard0_35904.jpg,outdoor,Asia,Asia,10,28
Asia\shard0_34337.jpg,outdoor,Asia,Asia,11,29
Asia\shard0_33945.jpg,outdoor,Asia,Asia,12,31
Asia\shard0_25817.jpg,outdoor,Asia,Asia,12,31
Asia\shard0_36434.jpg,outdoor,Asia,Asia,11,30
Asia\shard0_34626.jpg,outdoor,Asia,Asia,11,29
Asia\shard0_35944.jpg,outdoor,Asia,Asia,11,30
Asia\shard0_18096.jpg,outdoor,Asia,Asia,11,29
Asia\shard0_35579.jpg,outdoor,Asia,Asia,12,30
Asia\shard0_36782.jpg,outdoor,Asia,Asia,12,32
Asia\shard0_36817.jpg,outdoor,Asia,Asia,11,27
Asia\shard0_27696.jpg,outdoor,Asia,Asia,12,31
Asia\shard0_36061.jpg,outdoor,Asia,Asia,12,21
Asia\shard0_07715.jpg,outdoor,Asia,Asia,11,30
Asia\shard0_14647.jpg,outdoor,Asia,Asia,12,31
Asia\shard0_35085.jpg,outdoor,Asia,Asia,12,31
Asia\shard0_19155.jpg,outdoor,Asia,Asia,10,27
Asia\shard0_20429.jpg,outdoor,Asia,Asia,9,25
Asia\shard0_00689.jpg,outdoor,Asia,Asia,12,31
Asia\shard0_15769.jpg,outdoor,Asia,Asia,11,29
Asia\shard0_15879.jpg,outdoor,Asia,Asia,11,21
Asia\shard0_36113.jpg,outdoor,Asia,Asia,13,29
Asia\shard0_22824.jpg,outdoor,Asia,Asia,12,31
Asia\shard0_25298.jpg,outdoor,Asia,Asia,12,31
Asia\shard0_00701.jpg,outdoor,Asia,Asia,12,31
Asia\shard0_23988.jpg,outdoor,Asia,Asia,11,23
Asia\shard0_34875.jpg,outdoor,Asia,Asia,9,29
Asia\shard0_02903.jpg,outdoor,Asia,Asia,12,30
Asia\shard0_21933.jpg,outdoor,Asia,Asia,12,31
Asia\shard0_34609.jpg,outdoor,Asia,Asia,12,31
Asia\shard0_36537.jpg,outdoor,Asia,Asia,11,30
Asia\shard0_34991.jpg,outdoor,Asia,Asia,10,28
Asia\shard0_35255.jpg,outdoor,Asia,Asia,12,21
Asia\shard0_26572.jpg,outdoor,Asia,Asia,12,31
Asia\shard0_20731.jpg,outdoor,Asia,Asia,10,25
Asia\shard0_22353.jpg,outdoor,Asia,Asia,12,29
Asia\shard0_34030.jpg,outdoor,Asia,Asia,11,30
Asia\shard0_09857.jpg,outdoor,Asia,Asia,10,28
Asia\shard0_34214.jpg,outdoor,Asia,Asia,12,31
Asia\shard0_14336.jpg,outdoor,Asia,Asia,12,31
Asia\shard0_12604.jpg,outdoor,Asia,Asia,12,29
Asia\shard0_02743.jpg,outdoor,Asia,Asia,11,22
Asia\shard0_00074.jpg,outdoor,Asia,Asia,10,25
Asia\shard0_36051.jpg,outdoor,Asia,Asia,11,28
Asia\shard0_13579.jpg,outdoor,Asia,Asia,12,31
Asia\shard0_34640.jpg,outdoor,Asia,Asia,11,23
Asia\shard0_25931.jpg,outdoor,Asia,Asia,12,30
Asia\shard0_28562.jpg,outdoor,Asia,Asia,12,21
Asia\shard0_33996.jpg,outdoor,Asia,Asia,12,31
Asia\shard0_16699.jpg,outdoor,Asia,Asia,10,27
Asia\shard0_25002.jpg,outdoor,Asia,Asia,9,27
Asia\shard0_34699.jpg,outdoor,Asia,Asia,12,31
Asia\shard0_01012.jpg,outdoor,Asia,Asia,10,25
Asia\shard0_36926.jpg,outdoor,Asia,Asia,11,29
Asia\shard0_33988.jpg,outdoor,Asia,Asia,9,30
Asia\shard0_35092.jpg,outdoor,Asia,Asia,11,25
Asia\shard0_13088.jpg,outdoor,Asia,Asia,12,31
Asia\shard0_36511.jpg,outdoor,Asia,Asia,12,25
Asia\shard0_22528.jpg,outdoor,Asia,Asia,9,28
Asia\shard0_36601.jpg,outdoor,Asia,Asia,12,30
Asia\shard0_34797.jpg,outdoor,Asia,Asia,12,31
Asia\shard0_26058.jpg,outdoor,Asia,Asia,12,31
Asia\shard0_25879.jpg,outdoor,Asia,Asia,12,31
Asia\shard0_12526.jpg,outdoor,Asia,Asia,12,31
Asia\shard0_29980.jpg,outdoor,Asia,Asia,10,25
Asia\shard0_17323.jpg,outdoor,Asia,Asia,11,25
Asia\shard0_35154.jpg,outdoor,Asia,Asia,12,31
Asia\shard0_21396.jpg,outdoor,Asia,Asia,11,30
Asia\shard0_23617.jpg,outdoor,Asia,Asia,8,29
Asia\shard0_12916.jpg,outdoor,Asia,Asia,10,28
Asia\shard0_36608.jpg,outdoor,Asia,Asia,12,31
Asia\shard0_34765.jpg,outdoor,Asia,Asia,12,21
Asia\shard0_34378.jpg,outdoor,Asia,Asia,12,21
Asia\shard0_35339.jpg,outdoor,Asia,Asia,12,31
Asia\shard0_37032.jpg,outdoor,Asia,Asia,9,28
Asia\shard0_15617.jpg,outdoor,Asia,Asia,12,31
Asia\shard0_06887.jpg,outdoor,Asia,Asia,11,27
Asia\shard0_36764.jpg,outdoor,Asia,Asia,10,28
Asia\shard0_11696.jpg,outdoor,Asia,Asia,9,29
Asia\shard0_07468.jpg,outdoor,Asia,Asia,11,30
Asia\shard0_05127.jpg,outdoor,Asia,Asia,12,31
Asia\shard0_36811.jpg,outdoor,Asia,Asia,12,31
Asia\shard0_02574.jpg,outdoor,Asia,Asia,12,27
Asia\shard0_34222.jpg,outdoor,Asia,Asia,12,31
Asia\shard0_35290.jpg,outdoor,Asia,Asia,12,21
Asia\shard0_18524.jpg,outdoor,Asia,Asia,9,26
Asia\shard0_34266.jpg,outdoor,Asia,Asia,11,30
Asia\shard0_35696.jpg,outdoor,Asia,Asia,12,31
Asia\shard0_05971.jpg,outdoor,Asia,Asia,13,32
Asia\shard0_35139.jpg,outdoor,Asia,Asia,13,20
Asia\shard0_04501.jpg,outdoor,Asia,Asia,12,29
Asia\shard0_36651.jpg,outdoor,Asia,Asia,10,27
Asia\shard0_28449.jpg,outdoor,Asia,Asia,11,28
Asia\shard0_04614.jpg,outdoor,Asia,Asia,11,21
Asia\shard0_11579.jpg,outdoor,Asia,Asia,11,30
Asia\shard0_37086.jpg,outdoor,Asia,Asia,9,25
Asia\shard0_04163.jpg,outdoor,Asia,Asia,10,28
Asia\shard0_36770.jpg,outdoor,Asia,Asia,10,25
Asia\shard0_08140.jpg,outdoor,Asia,Asia,10,25
Asia\shard0_34218.jpg,outdoor,Asia,Asia,12,30
Asia\shard0_36417.jpg,outdoor,Asia,Asia,11,29
Asia\shard0_34807.jpg,outdoor,Asia,Asia,11,30
Asia\shard0_12941.jpg,outdoor,Asia,Asia,12,21
Asia\shard0_33997.jpg,outdoor,Asia,Asia,11,23
Asia\shard0_36192.jpg,outdoor,Asia,Asia,12,29
Asia\shard0_37042.jpg,outdoor,Asia,Asia,12,31
Asia\shard0_29037.jpg,outdoor,Asia,Asia,12,31
Asia\shard0_35410.jpg,outdoor,Asia,Asia,11,25
Asia\shard0_04258.jpg,outdoor,Asia,Asia,10,29
Asia\shard0_09302.jpg,outdoor,Asia,Asia,10,27
Asia\shard0_12148.jpg,outdoor,Asia,Asia,8,28
Asia\shard0_05435.jpg,outdoor,Asia,Asia,10,28
Asia\shard0_17981.jpg,outdoor,Asia,Asia,11,21
Asia\shard0_23300.jpg,outdoor,Asia,Asia,11,26
Asia\shard0_36956.jpg,outdoor,Asia,Asia,10,28
Asia\shard0_00325.jpg,outdoor,Asia,Asia,12,21
Asia\shard0_36403.jpg,outdoor,Asia,Asia,12,21
Asia\shard0_36784.jpg,outdoor,Asia,Asia,12,31
Asia\shard0_37060.jpg,outdoor,Asia,Asia,12,25
Asia\shard0_06272.jpg,outdoor,Asia,Asia,9,25
Asia\shard0_03087.jpg,outdoor,Asia,Asia,12,21
Asia\shard0_19116.jpg,outdoor,Asia,Asia,12,30
Asia\shard0_34755.jpg,outdoor,Asia,Asia,11,29
Asia\shard0_17866.jpg,outdoor,Asia,Asia,11,29
Asia\shard0_36959.jpg,outdoor,Asia,Asia,12,30
Asia\shard0_18824.jpg,outdoor,Asia,Asia,12,31
Asia\shard0_35479.jpg,outdoor,Asia,Asia,11,30
Asia\shard0_10505.jpg,outdoor,Asia,Asia,11,30
Asia\shard0_23635.jpg,outdoor,Asia,Asia,13,29
Asia\shard0_06976.jpg,outdoor,Asia,Asia,11,30
Asia\shard0_15023.jpg,outdoor,Asia,Asia,12,31
Asia\shard0_35020.jpg,outdoor,Asia,Asia,11,29
Asia\shard0_35002.jpg,outdoor,Asia,Asia,11,29
Asia\shard0_11998.jpg,outdoor,Asia,Asia,11,30
Asia\shard0_13099.jpg,outdoor,Asia,Asia,10,30
Asia\shard0_24566.jpg,outdoor,Asia,Asia,11,26
Asia\shard0_02471.jpg,outdoor,Asia,Asia,10,25
Asia\shard0_10607.jpg,outdoor,Asia,Asia,9,25
Asia\shard0_05890.jpg,outdoor,Asia,Asia,8,28
Asia\shard0_06760.jpg,outdoor,Asia,Asia,12,31
Asia\shard0_35710.jpg,outdoor,Asia,Asia,12,31
Asia\shard0_29200.jpg,outdoor,Asia,Asia,11,29
Asia\shard0_36536.jpg,outdoor,Asia,Asia,12,31
Asia\shard0_11791.jpg,outdoor,Asia,Asia,11,29
Asia\shard0_16601.jpg,outdoor,Asia,Asia,10,25
Asia\shard0_35262.jpg,outdoor,Asia,Asia,11,27
Asia\shard0_36316.jpg,outdoor,Asia,Asia,10,28
Asia\shard0_25369.jpg,outdoor,Asia,Asia,12,20
Asia\shard0_36648.jpg,outdoor,Asia,Asia,11,29
Asia\shard0_36151.jpg,outdoor,Asia,Asia,9,28
Asia\shard0_17754.jpg,outdoor,Asia,Asia,11,29
Asia\shard0_19572.jpg,outdoor,Asia,Asia,12,31
Asia\shard0_35055.jpg,outdoor,Asia,Asia,12,31
Asia\shard0_24327.jpg,outdoor,Asia,Asia,10,25
Asia\shard0_28250.jpg,outdoor,Asia,Asia,12,31
Asia\shard0_36514.jpg,outdoor,Asia,Asia,12,21
Asia\shard0_05944.jpg,outdoor,Asia,Asia,12,31
Asia\shard0_03705.jpg,outdoor,Asia,Asia,12,31
Asia\shard0_21706.jpg,outdoor,Asia,Asia,12,21
Asia\shard0_36135.jpg,outdoor,Asia,Asia,10,30
Asia\shard0_37018.jpg,outdoor,Asia,Asia,12,31
Asia\shard0_34924.jpg,outdoor,Asia,Asia,11,29
Asia\shard0_36465.jpg,outdoor,Asia,Asia,12,29
Asia\shard0_35112.jpg,outdoor,Asia,Asia,11,30
Asia\shard0_01818.jpg,outdoor,Asia,Asia,9,29
Asia\shard0_36783.jpg,outdoor,Asia,Asia,9,28
Asia\shard0_02916.jpg,outdoor,Asia,Asia,13,32
Asia\shard0_01945.jpg,outdoor,Asia,Asia,10,28
Asia\shard0_35279.jpg,outdoor,Asia,Asia,13,22
Asia\shard0_37110.jpg,outdoor,Asia,Asia,13,30
Asia\shard0_35483.jpg,outdoor,Asia,Asia,13,21
Asia\shard0_35061.jpg,outdoor,Asia,Asia,12,31
Asia\shard0_34851.jpg,outdoor,Asia,Asia,12,31
Asia\shard0_35131.jpg,outdoor,Asia,Asia,12,24
Asia\shard0_35074.jpg,outdoor,Asia,Asia,11,30
Asia\shard0_35596.jpg,outdoor,Asia,Asia,12,31
Asia\shard0_35774.jpg,outdoor,Asia,Asia,11,29
Asia\shard0_36277.jpg,outdoor,Asia,Asia,12,30
Asia\shard0_16611.jpg,outdoor,Asia,Asia,12,31
Asia\shard0_34397.jpg,outdoor,Asia,Asia,12,31
Asia\shard0_24613.jpg,outdoor,Asia,Asia,12,31
Asia\shard0_36246.jpg,outdoor,Asia,Asia,12,31
Asia\shard0_34633.jpg,outdoor,Asia,Asia,12,29
Asia\shard0_08246.jpg,outdoor,Asia,Asia,10,28
Asia\shard0_35332.jpg,outdoor,Asia,Asia,9,28
Asia\shard0_35511.jpg,outdoor,Asia,Asia,12,21
Asia\shard0_28350.jpg,outdoor,Asia,Asia,11,30
Asia\shard0_35992.jpg,outdoor,Asia,Asia,10,25
Asia\shard0_36199.jpg,outdoor,Asia,Asia,12,29
Asia\shard0_35217.jpg,outdoor,Asia,Asia,11,30
Asia\shard0_35157.jpg,outdoor,Asia,Asia,11,29
Asia\shard0_07019.jpg,outdoor,Asia,Asia,13,26
Asia\shard0_12388.jpg,outdoor,Asia,Asia,9,27
Asia\shard0_36140.jpg,outdoor,Asia,Asia,12,31
Asia\shard0_01683.jpg,outdoor,Asia,Asia,9,26
Asia\shard0_21575.jpg,outdoor,Asia,Asia,13,22
Asia\shard0_36083.jpg,outdoor,Asia,Asia,11,30
Asia\shard0_36679.jpg,outdoor,Asia,Asia,11,30
Asia\shard0_34990.jpg,outdoor,Asia,Asia,12,31
Asia\shard0_34282.jpg,outdoor,Asia,Asia,10,27
Asia\shard0_35285.jpg,outdoor,Asia,Asia,9,28
Asia\shard0_02616.jpg,outdoor,Asia,Asia,11,29
Asia\shard0_00569.jpg,outdoor,Asia,Asia,10,25
Asia\shard0_35160.jpg,outdoor,Asia,Asia,11,28
Asia\shard0_34994.jpg,outdoor,Asia,Asia,12,30
Asia\shard0_11536.jpg,outdoor,Asia,Asia,11,30
Asia\shard0_22479.jpg,outdoor,Asia,Asia,11,23
Asia\shard0_29650.jpg,outdoor,Asia,Asia,9,28
Asia\shard0_36571.jpg,outdoor,Asia,Asia,9,25
Asia\shard0_25971.jpg,outdoor,Asia,Asia,11,30
Asia\shard0_11675.jpg,outdoor,Asia,Asia,10,28
Asia\shard0_27634.jpg,outdoor,Asia,Asia,13,32
Asia\shard0_07716.jpg,outdoor,Asia,Asia,12,21
Asia\shard0_34235.jpg,outdoor,Asia,Asia,12,29
Asia\shard0_35267.jpg,outdoor,Asia,Asia,12,31
Asia\shard0_34749.jpg,outdoor,Asia,Asia,10,25
Asia\shard0_10329.jpg,outdoor,Asia,Asia,11,26
Asia\shard0_02835.jpg,outdoor,Asia,Asia,12,31
Asia\shard0_12037.jpg,outdoor,Asia,Asia,9,28
Asia\shard0_35379.jpg,outdoor,Asia,Asia,9,28
Asia\shard0_36513.jpg,outdoor,Asia,Asia,11,29
Asia\shard0_35030.jpg,outdoor,Asia,Asia,12,31
Asia\shard0_26350.jpg,outdoor,Asia,Asia,12,31
Asia\shard0_09987.jpg,outdoor,Asia,Asia,10,25
Asia\shard0_22664.jpg,outdoor,Asia,Asia,11,29
Asia\shard0_27561.jpg,outdoor,Asia,Asia,12,30
Asia\shard0_35743.jpg,outdoor,Asia,Asia,10,30
Asia\shard0_35827.jpg,outdoor,Asia,Asia,10,27
Asia\shard0_22342.jpg,outdoor,Asia,Asia,9,25
Asia\shard0_34341.jpg,outdoor,Asia,Asia,12,30
Asia\shard0_34498.jpg,outdoor,Asia,Asia,11,27
Asia\shard0_35383.jpg,outdoor,Asia,Asia,10,28
Asia\shard0_34898.jpg,outdoor,Asia,Asia,13,20
Asia\shard0_35966.jpg,outdoor,Asia,Asia,12,31
Asia\shard0_07579.jpg,outdoor,Asia,Asia,9,28
Asia\shard0_34269.jpg,outdoor,Asia,Asia,12,31
Asia\shard0_20927.jpg,outdoor,Asia,Asia,9,28
Asia\shard0_36197.jpg,outdoor,Asia,Asia,13,28
Asia\shard0_21004.jpg,outdoor,Asia,Asia,9,28
Asia\shard0_04009.jpg,outdoor,Asia,Asia,12,31
Asia\shard0_08779.jpg,outdoor,Asia,Asia,11,30
Asia\shard0_12105.jpg,outdoor,Asia,Asia,12,29
Asia\shard0_36444.jpg,outdoor,Asia,Asia,11,30
Asia\shard0_34375.jpg,outdoor,Asia,Asia,13,32
Asia\shard0_10040.jpg,outdoor,Asia,Asia,11,28
Asia\shard0_20956.jpg,outdoor,Asia,Asia,9,26
Asia\shard0_22508.jpg,outdoor,Asia,Asia,9,28
Asia\shard0_34939.jpg,outdoor,Asia,Asia,9,28
Asia\shard0_36895.jpg,outdoor,Asia,Asia,10,28
Asia\shard0_36714.jpg,outdoor,Asia,Asia,11,29
Asia\shard0_14504.jpg,outdoor,Asia,Asia,11,23
Asia\shard0_36204.jpg,outdoor,Asia,Asia,11,25
Asia\shard0_20594.jpg,outdoor,Asia,Asia,12,31
Asia\shard0_36310.jpg,outdoor,Asia,Asia,13,28
Asia\shard0_36899.jpg,outdoor,Asia,Asia,11,30
Asia\shard0_34738.jpg,outdoor,Asia,Asia,11,30
Asia\shard0_35865.jpg,outdoor,Asia,Asia,11,25
Asia\shard0_36023.jpg,outdoor,Asia,Asia,12,29
Asia\shard0_35854.jpg,outdoor,Asia,Asia,10,28
Asia\shard0_11717.jpg,outdoor,Asia,Asia,12,20
Asia\shard0_36419.jpg,outdoor,Asia,Asia,12,29
Asia\shard0_12194.jpg,outdoor,Asia,Asia,10,27
Asia\shard0_34044.jpg,outdoor,Asia,Asia,11,29
Asia\shard0_34975.jpg,outdoor,Asia,Asia,11,26
Asia\shard0_08696.jpg,outdoor,Asia,Asia,10,28
Asia\shard0_01470.jpg,outdoor,Asia,Asia,12,21
Asia\shard0_21132.jpg,outdoor,Asia,Asia,12,30
Asia\shard0_36075.jpg,outdoor,Asia,Asia,12,31
Asia\shard0_14649.jpg,outdoor,Asia,Asia,10,27
Asia\shard0_36657.jpg,outdoor,Asia,Asia,11,30
Asia\shard0_36635.jpg,outdoor,Asia,Asia,11,30
Asia\shard0_12538.jpg,outdoor,Asia,Asia,8,29
Asia\shard0_05848.jpg,outdoor,Asia,Asia,12,21
Asia\shard0_34278.jpg,outdoor,Asia,Asia,10,25
Asia\shard0_34169.jpg,outdoor,Asia,Asia,8,28
Asia\shard0_15219.jpg,outdoor,Asia,Asia,12,21
Asia\shard0_13067.jpg,outdoor,Asia,Asia,11,30
Asia\shard0_14557.jpg,outdoor,Asia,Asia,10,28
Asia\shard0_03083.jpg,outdoor,Asia,Asia,11,28
Asia\shard0_02810.jpg,outdoor,Asia,Asia,12,29
Asia\shard0_24603.jpg,outdoor,Asia,Asia,12,30
Asia\shard0_07692.jpg,outdoor,Asia,Asia,11,30
Asia\shard0_21166.jpg,outdoor,Asia,Asia,10,28
Asia\shard0_17737.jpg,outdoor,Asia,Asia,12,31
Asia\shard0_36066.jpg,outdoor,Asia,Asia,12,31
Asia\shard0_20694.jpg,outdoor,Asia,Asia,11,29
Asia\shard0_05739.jpg,outdoor,Asia,Asia,14,23
Asia\shard0_28751.jpg,outdoor,Asia,Asia,11,30
Asia\shard0_36446.jpg,outdoor,Asia,Asia,11,26
Asia\shard0_34181.jpg,outdoor,Asia,Asia,10,28
Asia\shard0_29841.jpg,outdoor,Asia,Asia,12,25
Asia\shard0_05468.jpg,outdoor,Asia,Asia,12,29
Asia\shard0_13282.jpg,outdoor,Asia,Asia,11,22
Asia\shard0_19166.jpg,outdoor,Asia,Asia,12,30
Asia\shard0_35720.jpg,outdoor,Asia,Asia,12,21
Asia\shard0_34971.jpg,outdoor,Asia,Asia,13,20
Asia\shard0_34436.jpg,outdoor,Asia,Asia,10,28
Asia\shard0_34555.jpg,outdoor,Asia,Asia,12,31
Asia\shard0_35735.jpg,outdoor,Asia,Asia,13,25
Asia\shard0_23892.jpg,outdoor,Asia,Asia,9,28
Asia\shard0_12574.jpg,outdoor,Asia,Asia,12,30
Asia\shard0_12767.jpg,outdoor,Asia,Asia,11,25
Asia\shard0_01031.jpg,outdoor,Asia,Asia,11,29
Asia\shard0_34007.jpg,outdoor,Asia,Asia,12,30
Asia\shard0_36295.jpg,outdoor,Asia,Asia,12,31
Asia\shard0_35594.jpg,outdoor,Asia,Asia,12,30
Asia\shard0_27563.jpg,outdoor,Asia,Asia,9,28
Asia\shard0_34476.jpg,outdoor,Asia,Asia,10,25
Asia\shard0_36754.jpg,outdoor,Asia,Asia,12,31
Asia\shard0_16007.jpg,outdoor,Asia,Asia,11,28
Asia\shard0_35368.jpg,outdoor,Asia,Asia,11,26
Asia\shard0_22595.jpg,outdoor,Asia,Asia,12,29
Asia\shard0_12512.jpg,outdoor,Asia,Asia,9,28
Asia\shard0_36599.jpg,outdoor,Asia,Asia,11,30
Asia\shard0_04924.jpg,outdoor,Asia,Asia,11,30
Asia\shard0_36412.jpg,outdoor,Asia,Asia,11,25
Asia\shard0_07448.jpg,outdoor,Asia,Asia,11,30
Asia\shard0_34782.jpg,outdoor,Asia,Asia,10,28
Asia\shard0_34322.jpg,outdoor,Asia,Asia,10,28
Asia\shard0_11956.jpg,outdoor,Asia,Asia,12,21
Asia\shard0_15425.jpg,outdoor,Asia,Asia,12,21
Asia\shard0_34656.jpg,outdoor,Asia,Asia,12,31
Asia\shard0_16024.jpg,outdoor,Asia,Asia,12,32
Asia\shard0_36725.jpg,outdoor,Asia,Asia,10,28
Asia\shard0_35114.jpg,outdoor,Asia,Asia,11,26
Asia\shard0_05723.jpg,outdoor,Asia,Asia,11,29
Asia\shard0_22411.jpg,outdoor,Asia,Asia,12,21
Asia\shard0_27806.jpg,outdoor,Asia,Asia,11,30
Asia\shard0_17328.jpg,outdoor,Asia,Asia,11,30
Asia\shard0_05987.jpg,outdoor,Asia,Asia,11,30
Asia\shard0_02585.jpg,outdoor,Asia,Asia,12,28
Asia\shard0_35769.jpg,outdoor,Asia,Asia,11,30
Asia\shard0_17693.jpg,outdoor,Asia,Asia,12,25
Asia\shard0_13531.jpg,outdoor,Asia,Asia,11,30
Asia\shard0_15641.jpg,outdoor,Asia,Asia,10,27
Asia\shard0_36013.jpg,outdoor,Asia,Asia,12,21
Asia\shard0_34544.jpg,outdoor,Asia,Asia,11,29
Asia\shard0_11154.jpg,outdoor,Asia,Asia,11,30
Asia\shard0_16182.jpg,outdoor,Asia,Asia,10,28
Asia\shard0_35775.jpg,outdoor,Asia,Asia,12,32
Asia\shard0_36141.jpg,outdoor,Asia,Asia,11,25
Asia\shard0_35778.jpg,outdoor,Asia,Asia,10,27
Asia\shard0_36445.jpg,outdoor,Asia,Asia,12,31
Asia\shard0_33925.jpg,outdoor,Asia,Asia,12,21
Asia\shard0_36777.jpg,outdoor,Asia,Asia,8,29
Asia\shard0_19215.jpg,outdoor,Asia,Asia,12,32
Asia\shard0_34144.jpg,outdoor,Asia,Asia,9,28
Asia\shard0_00503.jpg,outdoor,Asia,Asia,12,21
Asia\shard0_37135.jpg,outdoor,Asia,Asia,11,30
Asia\shard0_35911.jpg,outdoor,Asia,Asia,11,25
Asia\shard0_35222.jpg,outdoor,Asia,Asia,11,29
Asia\shard0_35695.jpg,outdoor,Asia,Asia,12,21
Asia\shard0_14003.jpg,outdoor,Asia,Asia,12,20
Asia\shard0_36526.jpg,outdoor,Asia,Asia,11,23
Asia\shard0_15136.jpg,outdoor,Asia,Asia,11,29
Asia\shard0_34882.jpg,outdoor,Asia,Asia,11,30
Asia\shard0_36112.jpg,outdoor,Asia,Asia,13,28
Asia\shard0_37081.jpg,outdoor,Asia,Asia,12,31
Asia\shard0_06723.jpg,outdoor,Asia,Asia,10,28
Asia\shard0_35684.jpg,outdoor,Asia,Asia,11,25
Asia\shard0_36115.jpg,outdoor,Asia,Asia,12,29
Asia\shard0_35473.jpg,outdoor,Asia,Asia,9,26
Asia\shard0_34709.jpg,outdoor,Asia,Asia,10,28
Asia\shard0_35246.jpg,outdoor,Asia,Asia,11,30
Asia\shard0_15043.jpg,outdoor,Asia,Asia,10,28
Asia\shard0_36285.jpg,outdoor,Asia,Asia,11,25
Asia\shard0_34822.jpg,outdoor,Asia,Asia,11,30
Asia\shard0_36989.jpg,outdoor,Asia,Asia,13,30
Asia\shard0_21570.jpg,outdoor,Asia,Asia,12,31
Asia\shard0_34031.jpg,outdoor,Asia,Asia,12,21
Asia\shard0_15038.jpg,outdoor,Asia,Asia,10,30
Asia\shard0_34920.jpg,outdoor,Asia,Asia,11,30
Asia\shard0_09624.jpg,outdoor,Asia,Asia,10,30
Asia\shard0_29775.jpg,outdoor,Asia,Asia,11,30
Asia\shard0_35933.jpg,outdoor,Asia,Asia,10,28
Asia\shard0_35011.jpg,outdoor,Asia,Asia,10,25
Asia\shard0_26625.jpg,outdoor,Asia,Asia,11,30
Asia\shard0_35307.jpg,outdoor,Asia,Asia,9,28
Asia\shard0_28798.jpg,outdoor,Asia,Asia,12,31
Asia\shard0_23030.jpg,outdoor,Asia,Asia,10,28
Asia\shard0_35730.jpg,outdoor,Asia,Asia,11,25
Asia\shard0_16260.jpg,outdoor,Asia,Asia,12,32
Asia\shard0_34023.jpg,outdoor,Asia,Asia,12,31
Asia\shard0_35588.jpg,outdoor,Asia,Asia,12,32
Asia\shard0_02285.jpg,outdoor,Asia,Asia,10,28
Asia\shard0_35259.jpg,outdoor,Asia,Asia,12,31
Asia\shard0_21812.jpg,outdoor,Asia,Asia,11,30
Asia\shard0_06238.jpg,outdoor,Asia,Asia,9,28
Asia\shard0_13128.jpg,outdoor,Asia,Asia,10,27
Asia\shard0_26571.jpg,outdoor,Asia,Asia,12,31
Asia\shard0_15910.jpg,outdoor,Asia,Asia,11,30
Asia\shard0_34523.jpg,outdoor,Asia,Asia,9,27
Asia\shard0_36459.jpg,outdoor,Asia,Asia,12,31
Asia\shard0_34962.jpg,outdoor,Asia,Asia,12,29
Asia\shard0_06269.jpg,outdoor,Asia,Asia,11,28
Asia\shard0_34804.jpg,outdoor,Asia,Asia,11,30
Asia\shard0_06004.jpg,outdoor,Asia,Asia,10,28
Asia\shard0_35184.jpg,outdoor,Asia,Asia,11,24
Asia\shard0_36200.jpg,outdoor,Asia,Asia,10,28
Asia\shard0_11792.jpg,outdoor,Asia,Asia,11,30
Asia\shard0_35191.jpg,outdoor,Asia,Asia,11,29
Asia\shard0_00246.jpg,outdoor,Asia,Asia,8,30
Asia\shard0_36742.jpg,outdoor,Asia,Asia,11,21
Asia\shard0_34393.jpg,outdoor,Asia,Asia,12,31
Asia\shard0_29497.jpg,outdoor,Asia,Asia,11,26
Asia\shard0_12729.jpg,outdoor,Asia,Asia,12,31
Asia\shard0_37115.jpg,outdoor,Asia,Asia,11,30
Asia\shard0_01670.jpg,outdoor,Asia,Asia,8,29
Asia\shard0_02370.jpg,outdoor,Asia,Asia,12,31
Asia\shard0_34838.jpg,outdoor,Asia,Asia,11,23
Asia\shard0_36080.jpg,outdoor,Asia,Asia,12,31
Asia\shard0_36951.jpg,outdoor,Asia,Asia,12,30
Asia\shard0_34659.jpg,outdoor,Asia,Asia,11,30
Asia\shard0_33965.jpg,outdoor,Asia,Asia,11,28
Asia\shard0_35456.jpg,outdoor,Asia,Asia,12,25
Asia\shard0_36447.jpg,outdoor,Asia,Asia,12,31
Asia\shard0_34029.jpg,outdoor,Asia,Asia,13,25
Asia\shard0_35359.jpg,outdoor,Asia,Asia,12,31
Asia\shard0_29924.jpg,outdoor,Asia,Asia,11,26
Asia\shard0_26834.jpg,outdoor,Asia,Asia,11,21
Asia\shard0_08746.jpg,outdoor,Asia,Asia,12,31
Asia\shard0_29835.jpg,outdoor,Asia,Asia,12,31
Asia\shard0_34623.jpg,outdoor,Asia,Asia,10,25
Asia\shard0_20496.jpg,outdoor,Asia,Asia,11,30
Asia\shard0_36928.jpg,outdoor,Asia,Asia,12,29
Asia\shard0_15345.jpg,outdoor,Asia,Asia,12,22
Asia\shard0_17850.jpg,outdoor,Asia,Asia,12,21
Asia\shard0_34545.jpg,outdoor,Asia,Asia,11,26
Asia\shard0_07273.jpg,outdoor,Asia,Asia,10,25
Asia\shard0_14795.jpg,outdoor,Asia,Asia,12,30
Asia\shard0_35478.jpg,outdoor,Asia,Asia,11,25
Asia\shard0_08142.jpg,outdoor,Asia,Asia,9,29
Asia\shard0_34224.jpg,outdoor,Asia,Asia,11,30
Asia\shard0_35433.jpg,outdoor,Asia,Asia,11,25
Asia\shard0_27407.jpg,outdoor,Asia,Asia,10,28
Asia\shard0_35500.jpg,outdoor,Asia,Asia,12,31
Asia\shard0_23693.jpg,outdoor,Asia,Asia,10,30
Asia\shard0_19199.jpg,outdoor,Asia,Asia,9,28
Asia\shard0_34954.jpg,outdoor,Asia,Asia,8,28
Asia\shard0_27041.jpg,outdoor,Asia,Asia,12,30
Asia\shard0_36693.jpg,outdoor,Asia,Asia,11,30
Asia\shard0_34106.jpg,outdoor,Asia,Asia,9,28
Asia\shard0_34464.jpg,outdoor,Asia,Asia,10,28
Asia\shard0_13032.jpg,outdoor,Asia,Asia,11,29
Asia\shard0_34157.jpg,outdoor,Asia,Asia,11,29
Asia\shard0_36882.jpg,outdoor,Asia,Asia,11,29
Asia\shard0_19902.jpg,outdoor,Asia,Asia,12,21
Asia\shard0_36532.jpg,outdoor,Asia,Asia,12,30
Asia\shard0_36454.jpg,outdoor,Asia,Asia,10,25
Asia\shard0_34527.jpg,outdoor,Asia,Asia,12,31
Asia\shard0_36358.jpg,outdoor,Asia,Asia,10,28
Asia\shard0_16784.jpg,outdoor,Asia,Asia,12,31
Asia\shard0_33944.jpg,outdoor,Asia,Asia,9,28
Asia\shard0_35017.jpg,outdoor,Asia,Asia,12,31
Asia\shard0_10509.jpg,outdoor,Asia,Asia,13,29
Asia\shard0_21255.jpg,outdoor,Asia,Asia,12,31
Asia\shard0_36912.jpg,outdoor,Asia,Asia,12,30
Asia\shard0_36972.jpg,outdoor,Asia,Asia,12,31
Asia\shard0_36997.jpg,outdoor,Asia,Asia,11,29
Asia\shard0_34439.jpg,outdoor,Asia,Asia,11,26
Asia\shard0_36008.jpg,outdoor,Asia,Asia,12,21
Asia\shard0_28473.jpg,outdoor,Asia,Asia,12,21
Asia\shard0_37040.jpg,outdoor,Asia,Asia,12,20
Asia\shard0_02380.jpg,outdoor,Asia,Asia,10,30
Asia\shard0_01438.jpg,outdoor,Asia,Asia,10,28
Asia\shard0_34273.jpg,outdoor,Asia,Asia,11,27
Asia\shard0_11974.jpg,outdoor,Asia,Asia,12,20
Asia\shard0_21184.jpg,outdoor,Asia,Asia,10,25
Asia\shard0_29713.jpg,outdoor,Asia,Asia,11,29
Asia\shard0_36983.jpg,outdoor,Asia,Asia,12,30
Asia\shard0_37099.jpg,outdoor,Asia,Asia,12,29
Asia\shard0_36054.jpg,outdoor,Asia,Asia,12,21
Asia\shard0_22275.jpg,outdoor,Asia,Asia,11,27
Asia\shard0_29777.jpg,outdoor,Asia,Asia,11,30
Asia\shard0_21257.jpg,outdoor,Asia,Asia,11,25
Asia\shard0_35175.jpg,outdoor,Asia,Asia,12,30
Asia\shard0_36894.jpg,outdoor,Asia,Asia,12,32
Asia\shard0_36378.jpg,outdoor,Asia,Asia,12,31
Asia\shard0_06451.jpg,outdoor,Asia,Asia,9,28
Asia\shard0_33981.jpg,outdoor,Asia,Asia,10,25
Asia\shard0_05885.jpg,outdoor,Asia,Asia,12,30
Asia\shard0_35599.jpg,outdoor,Asia,Asia,12,31
Asia\shard0_35697.jpg,outdoor,Asia,Asia,12,29
Asia\shard0_34829.jpg,outdoor,Asia,Asia,12,31
Asia\shard0_26038.jpg,outdoor,Asia,Asia,10,25
Asia\shard0_17831.jpg,outdoor,Asia,Asia,9,28
Asia\shard0_36805.jpg,outdoor,Asia,Asia,11,29
Asia\shard0_34051.jpg,outdoor,Asia,Asia,11,30
Asia\shard0_35615.jpg,outdoor,Asia,Asia,10,30
Asia\shard0_34849.jpg,outdoor,Asia,Asia,10,28
Asia\shard0_36153.jpg,outdoor,Asia,Asia,12,31
Asia\shard0_21775.jpg,outdoor,Asia,Asia,12,30
Asia\shard0_05572.jpg,outdoor,Asia,Asia,10,28
Asia\shard0_26330.jpg,outdoor,Asia,Asia,13,29
Asia\shard0_35975.jpg,outdoor,Asia,Asia,12,30
Asia\shard0_34285.jpg,outdoor,Asia,Asia,11,30
Asia\shard0_34575.jpg,outdoor,Asia,Asia,11,29
Asia\shard0_27073.jpg,outdoor,Asia,Asia,10,28
Asia\shard0_34050.jpg,outdoor,Asia,Asia,12,31
Asia\shard0_04416.jpg,outdoor,Asia,Asia,12,31
Asia\shard0_35795.jpg,outdoor,Asia,Asia,11,29
Asia\shard0_34233.jpg,outdoor,Asia,Asia,11,25
Asia\shard0_11503.jpg,outdoor,Asia,Asia,12,31
Asia\shard0_14466.jpg,outdoor,Asia,Asia,11,30
Asia\shard0_34735.jpg,outdoor,Asia,Asia,12,31
Asia\shard0_34208.jpg,outdoor,Asia,Asia,11,30
Asia\shard0_02499.jpg,outdoor,Asia,Asia,11,26
Asia\shard0_34001.jpg,outdoor,Asia,Asia,11,25
Asia\shard0_29419.jpg,outdoor,Asia,Asia,12,24
Asia\shard0_25585.jpg,outdoor,Asia,Asia,12,25
Asia\shard0_05570.jpg,outdoor,Asia,Asia,12,21
Asia\shard0_10965.jpg,outdoor,Asia,Asia,12,29
Asia\shard0_34440.jpg,outdoor,Asia,Asia,11,22
Asia\shard0_35733.jpg,outdoor,Asia,Asia,12,21
Asia\shard0_09500.jpg,outdoor,Asia,Asia,12,31
Asia\shard0_34521.jpg,outdoor,Asia,Asia,9,25
Asia\shard0_02036.jpg,outdoor,Asia,Asia,12,31
Asia\shard0_09076.jpg,outdoor,Asia,Asia,12,31
Asia\shard0_03844.jpg,outdoor,Asia,Asia,9,28
Asia\shard0_11961.jpg,outdoor,Asia,Asia,12,21
Asia\shard0_35938.jpg,outdoor,Asia,Asia,11,29
Asia\shard0_36265.jpg,outdoor,Asia,Asia,12,21
Asia\shard0_23050.jpg,outdoor,Asia,Asia,11,26
Asia\shard0_34841.jpg,outdoor,Asia,Asia,9,26
Asia\shard0_35749.jpg,outdoor,Asia,Asia,8,29
Asia\shard0_36907.jpg,outdoor,Asia,Asia,10,28
Asia\shard0_23440.jpg,outdoor,Asia,Asia,12,30
Asia\shard0_36539.jpg,outdoor,Asia,Asia,10,28
Asia\shard0_13514.jpg,outdoor,Asia,Asia,12,31
Asia\shard0_03305.jpg,outdoor,Asia,Asia,12,29
Asia\shard0_23630.jpg,outdoor,Asia,Asia,11,28
Asia\shard0_35282.jpg,outdoor,Asia,Asia,11,26
Asia\shard0_15309.jpg,outdoor,Asia,Asia,11,25
Asia\shard0_34202.jpg,outdoor,Asia,Asia,12,29
Asia\shard0_35156.jpg,outdoor,Asia,Asia,11,30
Asia\shard0_26479.jpg,outdoor,Asia,Asia,9,28
Asia\shard0_02144.jpg,outdoor,Asia,Asia,11,30
Asia\shard0_10835.jpg,outdoor,Asia,Asia,13,22
Asia\shard0_29996.jpg,outdoor,Asia,Asia,13,29
Asia\shard0_00088.jpg,outdoor,Asia,Asia,12,28
Asia\shard0_01325.jpg,outdoor,Asia,Asia,12,30
Asia\shard0_28301.jpg,outdoor,Asia,Asia,10,25
Asia\shard0_08008.jpg,outdoor,Asia,Asia,11,26
Asia\shard0_00109.jpg,outdoor,Asia,Asia,12,21
Asia\shard0_19878.jpg,outdoor,Asia,Asia,10,25
Asia\shard0_14696.jpg,outdoor,Asia,Asia,9,26
Asia\shard0_35238.jpg,outdoor,Asia,Asia,12,31
Asia\shard0_03886.jpg,outdoor,Asia,Asia,12,22
Asia\shard0_17050.jpg,outdoor,Asia,Asia,12,21
Asia\shard0_35229.jpg,outdoor,Asia,Asia,11,25
Asia\shard0_04093.jpg,outdoor,Asia,Asia,11,25
Asia\shard0_35656.jpg,outdoor,Asia,Asia,12,29
Asia\shard0_18476.jpg,outdoor,Asia,Asia,10,27
Asia\shard0_36134.jpg,outdoor,Asia,Asia,12,21
Asia\shard0_35558.jpg,outdoor,Asia,Asia,12,31
Asia\shard0_35182.jpg,outdoor,Asia,Asia,12,31
Asia\shard0_35360.jpg,outdoor,Asia,Asia,12,30
Asia\shard0_24691.jpg,outdoor,Asia,Asia,10,28
Asia\shard0_26051.jpg,outdoor,Asia,Asia,12,31
Asia\shard0_36708.jpg,outdoor,Asia,Asia,12,30
Asia\shard0_37094.jpg,outdoor,Asia,Asia,12,20
Asia\shard0_35424.jpg,outdoor,Asia,Asia,10,25
Asia\shard0_37045.jpg,outdoor,Asia,Asia,10,28
Asia\shard0_36207.jpg,outdoor,Asia,Asia,13,32
Asia\shard0_34142.jpg,outdoor,Asia,Asia,11,29
Asia\shard0_35790.jpg,outdoor,Asia,Asia,9,28
Asia\shard0_34825.jpg,outdoor,Asia,Asia,10,28
Asia\shard0_34121.jpg,outdoor,Asia,Asia,12,31
Asia\shard0_28324.jpg,outdoor,Asia,Asia,10,26
Asia\shard0_21027.jpg,outdoor,Asia,Asia,11,30
Asia\shard0_24960.jpg,outdoor,Asia,Asia,9,28
Asia\shard0_36836.jpg,outdoor,Asia,Asia,12,29
Asia\shard0_35021.jpg,outdoor,Asia,Asia,11,29
Asia\shard0_35310.jpg,outdoor,Asia,Asia,12,31
Asia\shard0_10563.jpg,outdoor,Asia,Asia,12,30
Asia\shard0_35718.jpg,outdoor,Asia,Asia,11,28
Asia\shard0_24140.jpg,outdoor,Asia,Asia,12,29
Asia\shard0_02006.jpg,outdoor,Asia,Asia,12,31
Asia\shard0_34678.jpg,outdoor,Asia,Asia,10,28
Asia\shard0_35747.jpg,outdoor,Asia,Asia,12,21
Asia\shard0_18583.jpg,outdoor,Asia,Asia,12,28
Asia\shard0_36009.jpg,outdoor,Asia,Asia,11,23
Asia\shard0_03960.jpg,outdoor,Asia,Asia,10,27
Asia\shard0_01192.jpg,outdoor,Asia,Asia,12,21
Asia\shard0_36631.jpg,outdoor,Asia,Asia,11,25
Asia\shard0_34312.jpg,outdoor,Asia,Asia,12,25
Asia\shard0_34529.jpg,outdoor,Asia,Asia,12,29
Asia\shard0_09157.jpg,outdoor,Asia,Asia,11,30
Asia\shard0_02282.jpg,outdoor,Asia,Asia,12,30
Asia\shard0_34435.jpg,outdoor,Asia,Asia,11,30
Asia\shard0_19974.jpg,outdoor,Asia,Asia,11,28
Asia\shard0_36052.jpg,outdoor,Asia,Asia,12,31
Asia\shard0_34123.jpg,outdoor,Asia,Asia,12,31
Asia\shard0_36010.jpg,outdoor,Asia,Asia,11,25
Asia\shard0_35741.jpg,outdoor,Asia,Asia,12,31
Asia\shard0_34315.jpg,outdoor,Asia,Asia,11,22
Asia\shard0_08256.jpg,outdoor,Asia,Asia,13,20
Asia\shard0_26810.jpg,outdoor,Asia,Asia,12,30
Asia\shard0_36490.jpg,outdoor,Asia,Asia,11,25
Asia\shard0_35626.jpg,outdoor,Asia,Asia,13,28
Asia\shard0_35896.jpg,outdoor,Asia,Asia,10,30
Asia\shard0_28531.jpg,outdoor,Asia,Asia,11,30
Asia\shard0_34906.jpg,outdoor,Asia,Asia,12,21
Asia\shard0_14679.jpg,outdoor,Asia,Asia,12,29
Asia\shard0_26714.jpg,outdoor,Asia,Asia,11,26
Asia\shard0_16404.jpg,outdoor,Asia,Asia,8,30
Asia\shard0_16447.jpg,outdoor,Asia,Asia,12,31
Asia\shard0_14152.jpg,outdoor,Asia,Asia,13,22
Asia\shard0_21590.jpg,outdoor,Asia,Asia,10,28
Asia\shard0_35488.jpg,outdoor,Asia,Asia,11,30
Asia\shard0_35519.jpg,outdoor,Asia,Asia,12,30
Asia\shard0_35434.jpg,outdoor,Asia,Asia,12,31
Asia\shard0_06298.jpg,outdoor,Asia,Asia,12,31
Asia\shard0_34406.jpg,outdoor,Asia,Asia,10,28
Asia\shard0_00535.jpg,outdoor,Asia,Asia,12,29
Asia\shard0_08084.jpg,outdoor,Asia,Asia,11,27
Asia\shard0_08940.jpg,outdoor,Asia,Asia,11,28
Asia\shard0_11990.jpg,outdoor,Asia,Asia,11,29
Asia\shard0_01055.jpg,outdoor,Asia,Asia,11,25
Asia\shard0_10730.jpg,outdoor,Asia,Asia,11,26
Asia\shard0_05313.jpg,outdoor,Asia,Asia,12,31
Asia\shard0_35521.jpg,outdoor,Asia,Asia,12,31
Asia\shard0_36347.jpg,outdoor,Asia,Asia,10,28
Asia\shard0_20469.jpg,outdoor,Asia,Asia,11,25
Asia\shard0_36407.jpg,outdoor,Asia,Asia,8,28
Asia\shard0_10578.jpg,outdoor,Asia,Asia,9,28
Asia\shard0_34279.jpg,outdoor,Asia,Asia,10,25
Asia\shard0_20613.jpg,outdoor,Asia,Asia,12,21
Asia\shard0_16894.jpg,outdoor,Asia,Asia,10,25
Asia\shard0_05914.jpg,outdoor,Asia,Asia,10,27
Asia\shard0_00929.jpg,outdoor,Asia,Asia,12,20
Asia\shard0_01938.jpg,outdoor,Asia,Asia,12,31
Asia\shard0_34889.jpg,outdoor,Asia,Asia,11,28
Asia\shard0_17257.jpg,outdoor,Asia,Asia,12,31
Asia\shard0_34704.jpg,outdoor,Asia,Asia,12,31
Asia\shard0_34654.jpg,outdoor,Asia,Asia,10,28
Asia\shard0_18219.jpg,outdoor,Asia,Asia,12,31
Asia\shard0_35862.jpg,outdoor,Asia,Asia,12,30
Asia\shard0_34721.jpg,outdoor,Asia,Asia,13,28
Asia\shard0_29528.jpg,outdoor,Asia,Asia,12,31
Asia\shard0_28269.jpg,outdoor,Asia,Asia,12,31
Asia\shard0_17580.jpg,outdoor,Asia,Asia,11,30
Asia\shard0_34099.jpg,outdoor,Asia,Asia,12,20
Asia\shard0_35640.jpg,outdoor,Asia,Asia,12,30
Asia\shard0_36619.jpg,outdoor,Asia,Asia,11,25
Asia\shard0_08834.jpg,outdoor,Asia,Asia,12,25
Asia\shard0_34691.jpg,outdoor,Asia,Asia,9,29
Asia\shard0_35389.jpg,outdoor,Asia,Asia,12,31
Asia\shard0_22973.jpg,outdoor,Asia,Asia,11,30
Asia\shard0_35216.jpg,outdoor,Asia,Asia,12,31
Asia\shard0_36415.jpg,outdoor,Asia,Asia,12,29
Asia\shard0_10237.jpg,outdoor,Asia,Asia,9,25
Asia\shard0_24108.jpg,outdoor,Asia,Asia,9,27
Asia\shard0_35786.jpg,outdoor,Asia,Asia,11,30
Asia\shard0_35969.jpg,outdoor,Asia,Asia,12,32
Asia\shard0_01119.jpg,outdoor,Asia,Asia,12,21
Asia\shard0_36637.jpg,outdoor,Asia,Asia,12,31
Asia\shard0_11338.jpg,outdoor,Asia,Asia,8,29
Asia\shard0_01648.jpg,outdoor,Asia,Asia,12,31
Asia\shard0_11291.jpg,outdoor,Asia,Asia,11,30
Asia\shard0_33938.jpg,outdoor,Asia,Asia,10,28
Asia\shard0_04797.jpg,outdoor,Asia,Asia,12,30
Asia\shard0_27760.jpg,outdoor,Asia,Asia,12,31
Asia\shard0_06258.jpg,outdoor,Asia,Asia,10,27
Asia\shard0_14414.jpg,outdoor,Asia,Asia,12,30
Asia\shard0_34033.jpg,outdoor,Asia,Asia,8,29
Asia\shard0_34151.jpg,outdoor,Asia,Asia,8,28
Asia\shard0_35793.jpg,outdoor,Asia,Asia,11,30
Asia\shard0_12423.jpg,outdoor,Asia,Asia,12,25
Asia\shard0_34472.jpg,outdoor,Asia,Asia,10,29
Asia\shard0_36375.jpg,outdoor,Asia,Asia,11,30
Asia\shard0_00803.jpg,outdoor,Asia,Asia,12,21
Asia\shard0_34492.jpg,outdoor,Asia,Asia,10,25
Asia\shard0_03494.jpg,outdoor,Asia,Asia,13,28
Asia\shard0_23706.jpg,outdoor,Asia,Asia,11,29
Asia\shard0_34360.jpg,outdoor,Asia,Asia,10,28
Asia\shard0_35233.jpg,outdoor,Asia,Asia,11,25
Asia\shard0_01215.jpg,outdoor,Asia,Asia,11,30
Asia\shard0_33919.jpg,outdoor,Asia,Asia,11,25
Asia\shard0_35851.jpg,outdoor,Asia,Asia,12,21
Asia\shard0_34599.jpg,outdoor,Asia,Asia,12,21
Asia\shard0_02478.jpg,outdoor,Asia,Asia,11,30
Asia\shard0_12752.jpg,outdoor,Asia,Asia,9,25
Asia\shard0_34507.jpg,outdoor,Asia,Asia,12,30
Asia\shard0_34417.jpg,outdoor,Asia,Asia,9,30
Asia\shard0_12399.jpg,outdoor,Asia,Asia,11,30
Asia\shard0_09203.jpg,outdoor,Asia,Asia,11,30
Asia\shard0_16297.jpg,outdoor,Asia,Asia,13,26
Asia\shard0_35674.jpg,outdoor,Asia,Asia,11,28
Asia\shard0_02815.jpg,outdoor,Asia,Asia,11,30
Asia\shard0_04247.jpg,outdoor,Asia,Asia,11,28
Asia\shard0_21537.jpg,outdoor,Asia,Asia,11,30
Asia\shard0_34195.jpg,outdoor,Asia,Asia,9,25
Asia\shard0_07633.jpg,outdoor,Asia,Asia,12,21
Asia\shard0_35034.jpg,outdoor,Asia,Asia,9,28
Asia\shard0_21978.jpg,outdoor,Asia,Asia,10,25
Asia\shard0_34453.jpg,outdoor,Asia,Asia,12,31
Asia\shard0_21514.jpg,outdoor,Asia,Asia,10,28
Asia\shard0_35567.jpg,outdoor,Asia,Asia,10,28
Asia\shard0_36960.jpg,outdoor,Asia,Asia,11,23
Asia\shard0_34461.jpg,outdoor,Asia,Asia,12,21
Asia\shard0_07498.jpg,outdoor,Asia,Asia,11,25
Asia\shard0_34399.jpg,outdoor,Asia,Asia,12,30
Asia\shard0_09815.jpg,outdoor,Asia,Asia,12,31
Asia\shard0_35869.jpg,outdoor,Asia,Asia,12,31
Asia\shard0_36879.jpg,outdoor,Asia,Asia,12,25
Asia\shard0_36616.jpg,outdoor,Asia,Asia,11,30
Asia\shard0_34968.jpg,outdoor,Asia,Asia,12,31
Asia\shard0_29677.jpg,outdoor,Asia,Asia,11,27
Asia\shard0_12464.jpg,outdoor,Asia,Asia,10,28
Asia\shard0_06752.jpg,outdoor,Asia,Asia,12,32
Asia\shard0_03985.jpg,outdoor,Asia,Asia,11,28
Asia\shard0_36343.jpg,outdoor,Asia,Asia,12,24
Asia\shard0_34133.jpg,outdoor,Asia,Asia,12,29
Asia\shard0_04535.jpg,outdoor,Asia,Asia,12,31
Asia\shard0_12525.jpg,outdoor,Asia,Asia,11,29
Asia\shard0_34484.jpg,outdoor,Asia,Asia,11,23
Asia\shard0_07542.jpg,outdoor,Asia,Asia,12,30
Asia\shard0_11345.jpg,outdoor,Asia,Asia,12,30
Asia\shard0_04252.jpg,outdoor,Asia,Asia,11,30
Asia\shard0_34541.jpg,outdoor,Asia,Asia,10,25
Asia\shard0_25586.jpg,outdoor,Asia,Asia,11,30
Asia\shard0_34448.jpg,outdoor,Asia,Asia,10,30
Asia\shard0_34326.jpg,outdoor,Asia,Asia,11,29
Asia\shard0_36368.jpg,outdoor,Asia,Asia,12,32
Asia\shard0_36263.jpg,outdoor,Asia,Asia,11,28
Asia\shard0_36614.jpg,outdoor,Asia,Asia,12,30
Asia\shard0_07653.jpg,outdoor,Asia,Asia,12,30
Asia\shard0_23675.jpg,outdoor,Asia,Asia,10,25
Asia\shard0_11877.jpg,outdoor,Asia,Asia,10,25
Asia\shard0_35885.jpg,outdoor,Asia,Asia,10,28
Asia\shard0_36703.jpg,outdoor,Asia,Asia,10,30
Asia\shard0_34259.jpg,outdoor,Asia,Asia,11,30
Asia\shard0_33966.jpg,outdoor,Asia,Asia,12,31
Asia\shard0_36089.jpg,outdoor,Asia,Asia,11,28
Asia\shard0_18561.jpg,outdoor,Asia,Asia,12,31
Asia\shard0_01490.jpg,outdoor,Asia,Asia,10,30
Asia\shard0_35927.jpg,outdoor,Asia,Asia,11,30
Asia\shard0_35451.jpg,outdoor,Asia,Asia,10,28
Asia\shard0_23583.jpg,outdoor,Asia,Asia,11,25
Asia\shard0_35624.jpg,outdoor,Asia,Asia,12,31
Asia\shard0_33955.jpg,outdoor,Asia,Asia,12,31
Asia\shard0_27010.jpg,outdoor,Asia,Asia,12,21
Asia\shard0_35504.jpg,outdoor,Asia,Asia,11,29
Asia\shard0_34167.jpg,outdoor,Asia,Asia,10,28
Asia\shard0_08137.jpg,outdoor,Asia,Asia,12,28
Asia\shard0_08749.jpg,outdoor,Asia,Asia,12,31
Asia\shard0_36311.jpg,outdoor,Asia,Asia,10,27
Asia\shard0_07014.jpg,outdoor,Asia,Asia,11,23
Asia\shard0_06661.jpg,outdoor,Asia,Asia,8,28
Asia\shard0_35949.jpg,outdoor,Asia,Asia,10,28
Asia\shard0_34466.jpg,outdoor,Asia,Asia,11,28
Asia\shard0_26508.jpg,outdoor,Asia,Asia,12,21
Asia\shard0_36864.jpg,outdoor,Asia,Asia,10,28
Asia\shard0_11490.jpg,outdoor,Asia,Asia,12,24
Asia\shard0_35971.jpg,outdoor,Asia,Asia,11,26
Asia\shard0_35721.jpg,outdoor,Asia,Asia,11,27
Asia\shard0_19814.jpg,outdoor,Asia,Asia,12,31
Asia\shard0_01139.jpg,outdoor,Asia,Asia,10,25
Asia\shard0_13616.jpg,outdoor,Asia,Asia,13,29
Asia\shard0_36640.jpg,outdoor,Asia,Asia,10,28
Asia\shard0_36043.jpg,outdoor,Asia,Asia,8,28
Asia\shard0_20206.jpg,outdoor,Asia,Asia,11,29
Asia\shard0_03802.jpg,outdoor,Asia,Asia,9,25
Asia\shard0_34530.jpg,outdoor,Asia,Asia,12,31
Asia\shard0_06404.jpg,outdoor,Asia,Asia,12,30
Asia\shard0_29336.jpg,outdoor,Asia,Asia,10,30
Asia\shard0_36741.jpg,outdoor,Asia,Asia,11,25
Asia\shard0_36885.jpg,outdoor,Asia,Asia,12,31
Asia\shard0_36322.jpg,outdoor,Asia,Asia,11,29
Asia\shard0_36980.jpg,outdoor,Asia,Asia,11,29
Asia\shard0_35716.jpg,outdoor,Asia,Asia,12,32
Asia\shard0_00224.jpg,outdoor,Asia,Asia,10,30
Asia\shard0_35063.jpg,outdoor,Asia,Asia,9,28
Asia\shard0_34052.jpg,outdoor,Asia,Asia,10,25
Asia\shard0_29560.jpg,outdoor,Asia,Asia,9,25
Asia\shard0_11775.jpg,outdoor,Asia,Asia,11,25
Asia\shard0_04358.jpg,outdoor,Asia,Asia,9,28
Asia\shard0_26320.jpg,outdoor,Asia,Asia,11,30
Asia\shard0_06754.jpg,outdoor,Asia,Asia,12,30
Asia\shard0_25677.jpg,outdoor,Asia,Asia,12,31
Asia\shard0_14876.jpg,outdoor,Asia,Asia,12,30
Asia\shard0_36746.jpg,outdoor,Asia,Asia,10,28
Asia\shard0_35830.jpg,outdoor,Asia,Asia,12,31
Asia\shard0_35084.jpg,outdoor,Asia,Asia,9,30
Asia\shard0_34225.jpg,outdoor,Asia,Asia,12,31
Asia\shard0_35892.jpg,outdoor,Asia,Asia,12,21
Asia\shard0_19583.jpg,outdoor,Asia,Asia,9,28
Asia\shard0_35151.jpg,outdoor,Asia,Asia,11,26
Asia\shard0_34058.jpg,outdoor,Asia,Asia,12,31
Asia\shard0_12162.jpg,outdoor,Asia,Asia,11,30
Asia\shard0_00745.jpg,outdoor,Asia,Asia,11,29
Asia\shard0_13904.jpg,outdoor,Asia,Asia,12,30
Asia\shard0_35555.jpg,outdoor,Asia,Asia,10,28
Asia\shard0_09180.jpg,outdoor,Asia,Asia,13,22
Asia\shard0_35487.jpg,outdoor,Asia,Asia,12,30
Asia\shard0_36904.jpg,outdoor,Asia,Asia,11,30
Asia\shard0_35449.jpg,outdoor,Asia,Asia,11,30
Asia\shard0_22222.jpg,outdoor,Asia,Asia,11,30
Asia\shard0_18220.jpg,outdoor,Asia,Asia,12,29
Asia\shard0_16452.jpg,outdoor,Asia,Asia,12,31
Asia\shard0_06386.jpg,outdoor,Asia,Asia,11,27
Asia\shard0_11301.jpg,outdoor,Asia,Asia,12,30
Asia\shard0_06248.jpg,outdoor,Asia,Asia,9,28
Asia\shard0_15653.jpg,outdoor,Asia,Asia,10,25
Asia\shard0_35653.jpg,outdoor,Asia,Asia,11,25
Asia\shard0_35564.jpg,outdoor,Asia,Asia,12,24
Asia\shard0_21912.jpg,outdoor,Asia,Asia,11,30
Asia\shard0_16509.jpg,outdoor,Asia,Asia,11,30
Asia\shard0_08039.jpg,outdoor,Asia,Asia,11,30
Asia\shard0_36309.jpg,outdoor,Asia,Asia,11,30
Asia\shard0_22601.jpg,outdoor,Asia,Asia,11,29
Asia\shard0_36372.jpg,outdoor,Asia,Asia,9,28
Asia\shard0_25097.jpg,outdoor,Asia,Asia,11,25
Asia\shard0_20071.jpg,outdoor,Asia,Asia,11,29
Asia\shard0_34349.jpg,outdoor,Asia,Asia,11,30
Asia\shard0_25187.jpg,outdoor,Asia,Asia,12,31
Asia\shard0_36652.jpg,outdoor,Asia,Asia,11,29
Asia\shard0_19922.jpg,outdoor,Asia,Asia,12,29
Asia\shard0_27552.jpg,outdoor,Asia,Asia,12,21
Asia\shard0_19963.jpg,outdoor,Asia,Asia,11,25
Asia\shard0_36669.jpg,outdoor,Asia,Asia,12,25
Asia\shard0_36704.jpg,outdoor,Asia,Asia,10,25
Asia\shard0_35815.jpg,outdoor,Asia,Asia,11,30
Asia\shard0_01453.jpg,outdoor,Asia,Asia,9,28
Asia\shard0_18652.jpg,outdoor,Asia,Asia,10,25
Asia\shard0_12982.jpg,outdoor,Asia,Asia,12,21
Asia\shard0_29720.jpg,outdoor,Asia,Asia,11,25
Asia\shard0_34578.jpg,outdoor,Asia,Asia,10,26
Asia\shard0_35444.jpg,outdoor,Asia,Asia,9,28
Asia\shard0_36388.jpg,outdoor,Asia,Asia,12,21
Asia\shard0_34374.jpg,outdoor,Asia,Asia,11,29
Asia\shard0_02407.jpg,outdoor,Asia,Asia,12,25
Asia\shard0_18119.jpg,outdoor,Asia,Asia,11,29
Asia\shard0_15011.jpg,outdoor,Asia,Asia,11,30
Asia\shard0_14938.jpg,outdoor,Asia,Asia,10,25
Asia\shard0_13082.jpg,outdoor,Asia,Asia,12,31
Asia\shard0_24802.jpg,outdoor,Asia,Asia,12,21
Asia\shard0_19491.jpg,outdoor,Asia,Asia,11,30
Asia\shard0_08538.jpg,outdoor,Asia,Asia,11,30
Asia\shard0_37068.jpg,outdoor,Asia,Asia,10,26
Asia\shard0_34884.jpg,outdoor,Asia,Asia,9,28
Asia\shard0_34155.jpg,outdoor,Asia,Asia,10,28
Asia\shard0_34948.jpg,outdoor,Asia,Asia,11,30
Asia\shard0_34080.jpg,outdoor,Asia,Asia,12,29
Asia\shard0_22414.jpg,outdoor,Asia,Asia,10,28
Asia\shard0_14356.jpg,outdoor,Asia,Asia,12,31
Asia\shard0_13135.jpg,outdoor,Asia,Asia,12,29
Asia\shard0_36978.jpg,outdoor,Asia,Asia,9,28
Asia\shard0_35109.jpg,outdoor,Asia,Asia,12,29
Asia\shard0_27298.jpg,outdoor,Asia,Asia,11,29
Asia\shard0_36273.jpg,outdoor,Asia,Asia,10,25
Asia\shard0_36239.jpg,outdoor,Asia,Asia,11,30
Asia\shard0_36130.jpg,outdoor,Asia,Asia,12,21
Asia\shard0_10947.jpg,outdoor,Asia,Asia,12,25
Asia\shard0_02944.jpg,outdoor,Asia,Asia,10,28
Asia\shard0_00695.jpg,outdoor,Asia,Asia,12,31
Asia\shard0_36869.jpg,outdoor,Asia,Asia,11,26
Asia\shard0_11841.jpg,outdoor,Asia,Asia,10,27
Asia\shard0_01632.jpg,outdoor,Asia,Asia,11,30
Asia\shard0_37044.jpg,outdoor,Asia,Asia,11,30
Asia\shard0_19248.jpg,outdoor,Asia,Asia,11,30
Asia\shard0_35802.jpg,outdoor,Asia,Asia,11,30
Asia\shard0_36037.jpg,outdoor,Asia,Asia,10,27
Asia\shard0_36294.jpg,outdoor,Asia,Asia,11,29
Asia\shard0_29369.jpg,outdoor,Asia,Asia,10,28
Asia\shard0_18404.jpg,outdoor,Asia,Asia,8,28
Asia\shard0_21367.jpg,outdoor,Asia,Asia,12,30
Asia\shard0_03709.jpg,outdoor,Asia,Asia,13,28
Asia\shard0_08647.jpg,outdoor,Asia,Asia,12,30
Asia\shard0_27215.jpg,outdoor,Asia,Asia,12,30
Asia\shard0_08426.jpg,outdoor,Asia,Asia,10,28
Asia\shard0_36047.jpg,outdoor,Asia,Asia,12,31
Asia\shard0_29810.jpg,outdoor,Asia,Asia,12,21
Asia\shard0_22520.jpg,outdoor,Asia,Asia,11,26
Asia\shard0_24482.jpg,outdoor,Asia,Asia,12,28
Asia\shard0_34872.jpg,outdoor,Asia,Asia,9,25
Asia\shard0_36576.jpg,outdoor,Asia,Asia,12,31
Asia\shard0_34316.jpg,outdoor,Asia,Asia,10,28
Asia\shard0_24955.jpg,outdoor,Asia,Asia,9,28
Asia\shard0_19510.jpg,outdoor,Asia,Asia,10,30
Asia\shard0_35373.jpg,outdoor,Asia,Asia,11,29
Asia\shard0_36874.jpg,outdoor,Asia,Asia,12,31
Asia\shard0_35906.jpg,outdoor,Asia,Asia,11,30
Asia\shard0_22811.jpg,outdoor,Asia,Asia,10,28
Asia\shard0_34571.jpg,outdoor,Asia,Asia,10,28
Asia\shard0_36149.jpg,outdoor,Asia,Asia,13,30
Asia\shard0_27086.jpg,outdoor,Asia,Asia,12,21
Asia\shard0_19145.jpg,outdoor,Asia,Asia,10,28
Asia\shard0_24962.jpg,outdoor,Asia,Asia,9,25
Asia\shard0_35857.jpg,outdoor,Asia,Asia,11,23
Asia\shard0_35133.jpg,outdoor,Asia,Asia,12,31
Asia\shard0_15442.jpg,outdoor,Asia,Asia,11,30
Asia\shard0_35301.jpg,outdoor,Asia,Asia,12,29
Asia\shard0_12267.jpg,outdoor,Asia,Asia,12,31
Asia\shard0_35416.jpg,outdoor,Asia,Asia,10,28
Asia\shard0_03979.jpg,outdoor,Asia,Asia,11,26
Asia\shard0_12062.jpg,outdoor,Asia,Asia,12,31
Asia\shard0_37120.jpg,outdoor,Asia,Asia,12,31
Asia\shard0_18405.jpg,outdoor,Asia,Asia,11,30
Asia\shard0_37052.jpg,outdoor,Asia,Asia,11,25
Asia\shard0_34965.jpg,outdoor,Asia,Asia,12,28
Asia\shard0_35888.jpg,outdoor,Asia,Asia,12,30
Asia\shard0_19306.jpg,outdoor,Asia,Asia,11,26
Asia\shard0_17084.jpg,outdoor,Asia,Asia,10,28
Asia\shard0_34470.jpg,outdoor,Asia,Asia,12,31
Asia\shard0_17039.jpg,outdoor,Asia,Asia,13,32
Asia\shard0_35275.jpg,outdoor,Asia,Asia,12,31
Asia\shard0_18559.jpg,outdoor,Asia,Asia,11,30
Asia\shard0_24139.jpg,outdoor,Asia,Asia,11,23
Asia\shard0_35823.jpg,outdoor,Asia,Asia,11,25
Asia\shard0_35908.jpg,outdoor,Asia,Asia,11,29
Asia\shard0_37007.jpg,outdoor,Asia,Asia,11,27
Asia\shard0_14185.jpg,outdoor,Asia,Asia,11,29
Asia\shard0_02555.jpg,outdoor,Asia,Asia,12,21
Asia\shard0_37022.jpg,outdoor,Asia,Asia,11,28
Asia\shard0_13585.jpg,outdoor,Asia,Asia,11,29
Asia\shard0_35562.jpg,outdoor,Asia,Asia,11,28
Asia\shard0_11895.jpg,outdoor,Asia,Asia,12,21
Asia\shard0_36824.jpg,outdoor,Asia,Asia,12,31
Asia\shard0_35073.jpg,outdoor,Asia,Asia,11,29
Asia\shard0_04492.jpg,outdoor,Asia,Asia,10,28
Asia\shard0_01344.jpg,outdoor,Asia,Asia,12,20
Asia\shard0_35052.jpg,outdoor,Asia,Asia,11,28
Asia\shard0_06810.jpg,outdoor,Asia,Asia,9,28
Asia\shard0_36209.jpg,outdoor,Asia,Asia,9,28
Asia\shard0_34585.jpg,outdoor,Asia,Asia,11,30
Asia\shard0_36740.jpg,outdoor,Asia,Asia,11,29
Asia\shard0_06833.jpg,outdoor,Asia,Asia,8,29
Asia\shard0_22121.jpg,outdoor,Asia,Asia,12,21
Asia\shard0_36096.jpg,outdoor,Asia,Asia,11,28
Asia\shard0_33971.jpg,outdoor,Asia,Asia,11,27
Asia\shard0_10100.jpg,outdoor,Asia,Asia,11,26
Asia\shard0_34379.jpg,outdoor,Asia,Asia,10,30
Asia\shard0_20786.jpg,outdoor,Asia,Asia,12,31
Asia\shard0_29306.jpg,outdoor,Asia,Asia,10,30
Asia\shard0_13952.jpg,outdoor,Asia,Asia,9,28
Asia\shard0_36313.jpg,outdoor,Asia,Asia,12,30
Asia\shard0_36962.jpg,outdoor,Asia,Asia,12,31
Asia\shard0_34769.jpg,outdoor,Asia,Asia,12,30
Asia\shard0_25087.jpg,outdoor,Asia,Asia,11,25
Asia\shard0_00684.jpg,outdoor,Asia,Asia,12,25
Asia\shard0_35426.jpg,outdoor,Asia,Asia,12,31
Asia\shard0_36170.jpg,outdoor,Asia,Asia,9,25
Asia\shard0_34449.jpg,outdoor,Asia,Asia,11,28
Asia\shard0_36236.jpg,outdoor,Asia,Asia,12,30
Asia\shard0_15792.jpg,outdoor,Asia,Asia,12,20
Asia\shard0_25573.jpg,outdoor,Asia,Asia,11,30
Asia\shard0_17872.jpg,outdoor,Asia,Asia,9,28
Asia\shard0_35569.jpg,outdoor,Asia,Asia,11,30
Asia\shard0_34610.jpg,outdoor,Asia,Asia,12,31
Asia\shard0_35867.jpg,outdoor,Asia,Asia,11,29
Asia\shard0_35076.jpg,outdoor,Asia,Asia,12,20
Asia\shard0_33953.jpg,outdoor,Asia,Asia,11,27
Asia\shard0_11388.jpg,outdoor,Asia,Asia,11,30
Asia\shard0_35604.jpg,outdoor,Asia,Asia,10,30
Asia\shard0_36030.jpg,outdoor,Asia,Asia,10,28
Asia\shard0_12021.jpg,outdoor,Asia,Asia,12,31
Asia\shard0_07179.jpg,outdoor,Asia,Asia,12,29
Asia\shard0_24422.jpg,outdoor,Asia,Asia,12,30
Asia\shard0_26752.jpg,outdoor,Asia,Asia,10,28
Asia\shard0_13091.jpg,outdoor,Asia,Asia,10,28
Asia\shard0_10512.jpg,outdoor,Asia,Asia,10,28
Asia\shard0_02058.jpg,outdoor,Asia,Asia,12,29
Asia\shard0_07230.jpg,outdoor,Asia,Asia,11,26
Asia\shard0_36031.jpg,outdoor,Asia,Asia,11,29
Asia\shard0_26388.jpg,outdoor,Asia,Asia,10,28
Asia\shard0_35946.jpg,outdoor,Asia,Asia,9,26
Asia\shard0_35330.jpg,outdoor,Asia,Asia,12,31
Asia\shard0_37016.jpg,outdoor,Asia,Asia,12,31
Asia\shard0_01605.jpg,outdoor,Asia,Asia,12,31
Asia\shard0_35756.jpg,outdoor,Asia,Asia,11,30
Asia\shard0_36366.jpg,outdoor,Asia,Asia,12,29
Asia\shard0_34330.jpg,outdoor,Asia,Asia,11,25
Asia\shard0_12340.jpg,outdoor,Asia,Asia,11,30
Asia\shard0_35147.jpg,outdoor,Asia,Asia,9,26
Asia\shard0_26483.jpg,outdoor,Asia,Asia,11,29
Asia\shard0_00255.jpg,outdoor,Asia,Asia,8,28
Asia\shard0_34964.jpg,outdoor,Asia,Asia,9,26
Asia\shard0_04871.jpg,outdoor,Asia,Asia,12,20
Asia\shard0_17087.jpg,outdoor,Asia,Asia,9,28
Asia\shard0_19035.jpg,outdoor,Asia,Asia,11,29
Asia\shard0_23235.jpg,outdoor,Asia,Asia,12,29
Asia\shard0_36748.jpg,outdoor,Asia,Asia,11,25
Asia\shard0_36743.jpg,outdoor,Asia,Asia,11,30
Asia\shard0_35477.jpg,outdoor,Asia,Asia,10,23
Asia\shard0_36555.jpg,outdoor,Asia,Asia,11,25
Asia\shard0_25524.jpg,outdoor,Asia,Asia,12,28
Asia\shard0_34936.jpg,outdoor,Asia,Asia,9,28
Asia\shard0_35475.jpg,outdoor,Asia,Asia,12,31
Asia\shard0_36279.jpg,outdoor,Asia,Asia,12,29
Asia\shard0_27351.jpg,outdoor,Asia,Asia,11,30
Asia\shard0_13614.jpg,outdoor,Asia,Asia,8,29
Asia\shard0_34552.jpg,outdoor,Asia,Asia,13,30
Asia\shard0_14368.jpg,outdoor,Asia,Asia,12,31
Asia\shard0_08402.jpg,outdoor,Asia,Asia,13,32
Asia\shard0_34733.jpg,outdoor,Asia,Asia,11,29
Asia\shard0_28626.jpg,outdoor,Asia,Asia,9,28
Asia\shard0_05901.jpg,outdoor,Asia,Asia,12,30
Asia\shard0_35666.jpg,outdoor,Asia,Asia,13,22
Asia\shard0_36056.jpg,outdoor,Asia,Asia,11,22
Asia\shard0_08734.jpg,outdoor,Asia,Asia,12,31
Asia\shard0_21819.jpg,outdoor,Asia,Asia,11,30
Asia\shard0_16276.jpg,outdoor,Asia,Asia,12,31
Asia\shard0_35616.jpg,outdoor,Asia,Asia,8,29
Asia\shard0_36759.jpg,outdoor,Asia,Asia,12,32
Asia\shard0_36750.jpg,outdoor,Asia,Asia,10,28
Asia\shard0_35605.jpg,outdoor,Asia,Asia,9,28
Asia\shard0_36269.jpg,outdoor,Asia,Asia,12,31
Asia\shard0_28609.jpg,outdoor,Asia,Asia,10,29
Asia\shard0_35193.jpg,outdoor,Asia,Asia,10,25
Asia\shard0_28633.jpg,outdoor,Asia,Asia,13,30
Asia\shard0_34307.jpg,outdoor,Asia,Asia,11,25
Asia\shard0_06239.jpg,outdoor,Asia,Asia,11,29
Asia\shard0_36847.jpg,outdoor,Asia,Asia,11,29
Asia\shard0_21168.jpg,outdoor,Asia,Asia,12,21
Asia\shard0_26517.jpg,outdoor,Asia,Asia,10,25
Asia\shard0_09360.jpg,outdoor,Asia,Asia,12,31
Asia\shard0_34874.jpg,outdoor,Asia,Asia,12,31
Asia\shard0_35031.jpg,outdoor,Asia,Asia,12,31
Asia\shard0_35103.jpg,outdoor,Asia,Asia,9,29
Asia\shard0_34661.jpg,outdoor,Asia,Asia,12,31
Asia\shard0_35855.jpg,outdoor,Asia,Asia,12,30
Asia\shard0_19640.jpg,outdoor,Asia,Asia,12,30
Asia\shard0_36495.jpg,outdoor,Asia,Asia,9,28
Asia\shard0_36020.jpg,outdoor,Asia,Asia,9,29
Asia\shard0_15488.jpg,outdoor,Asia,Asia,8,28
Asia\shard0_28493.jpg,outdoor,Asia,Asia,9,26
Asia\shard0_34447.jpg,outdoor,Asia,Asia,12,31
Asia\shard0_16231.jpg,outdoor,Asia,Asia,11,29
Asia\shard0_36119.jpg,outdoor,Asia,Asia,11,29
Asia\shard0_17459.jpg,outdoor,Asia,Asia,11,30
Asia\shard0_36484.jpg,outdoor,Asia,Asia,10,28
Asia\shard0_35486.jpg,outdoor,Asia,Asia,8,31
Asia\shard0_36825.jpg,outdoor,Asia,Asia,12,31
Asia\shard0_16121.jpg,outdoor,Asia,Asia,11,30
Asia\shard0_27211.jpg,outdoor,Asia,Asia,12,30
Asia\shard0_02679.jpg,outdoor,Asia,Asia,10,28
Asia\shard0_36182.jpg,outdoor,Asia,Asia,12,30
Asia\shard0_36706.jpg,outdoor,Asia,Asia,11,30
Asia\shard0_35776.jpg,outdoor,Asia,Asia,10,25
Asia\shard0_35660.jpg,outdoor,Asia,Asia,9,29
Asia\shard0_09891.jpg,outdoor,Asia,Asia,12,21
Asia\shard0_23682.jpg,outdoor,Asia,Asia,10,28
Asia\shard0_11688.jpg,outdoor,Asia,Asia,10,28
Asia\shard0_19443.jpg,outdoor,Asia,Asia,12,31
Asia\shard0_14378.jpg,outdoor,Asia,Asia,11,27
Asia\shard0_08291.jpg,outdoor,Asia,Asia,12,30
Asia\shard0_09516.jpg,outdoor,Asia,Asia,11,27
Asia\shard0_18142.jpg,outdoor,Asia,Asia,12,31
Asia\shard0_17835.jpg,outdoor,Asia,Asia,9,28
Asia\shard0_35680.jpg,outdoor,Asia,Asia,11,30
Asia\shard0_08679.jpg,outdoor,Asia,Asia,11,24
Asia\shard0_10691.jpg,outdoor,Asia,Asia,10,28
Asia\shard0_36292.jpg,outdoor,Asia,Asia,12,31
Asia\shard0_26967.jpg,outdoor,Asia,Asia,12,28
Asia\shard0_16249.jpg,outdoor,Asia,Asia,11,26
Asia\shard0_34027.jpg,outdoor,Asia,Asia,12,30
Asia\shard0_18308.jpg,outdoor,Asia,Asia,10,28
Asia\shard0_35662.jpg,outdoor,Asia,Asia,10,27
Asia\shard0_36752.jpg,outdoor,Asia,Asia,11,30
Asia\shard0_02118.jpg,outdoor,Asia,Asia,12,31
Asia\shard0_12175.jpg,outdoor,Asia,Asia,12,31
Asia\shard0_36665.jpg,outdoor,Asia,Asia,12,31
Asia\shard0_34117.jpg,outdoor,Asia,Asia,12,31
Asia\shard0_17267.jpg,outdoor,Asia,Asia,12,29
Asia\shard0_29119.jpg,outdoor,Asia,Asia,11,30
Asia\shard0_13214.jpg,outdoor,Asia,Asia,12,21
Asia\shard0_02174.jpg,outdoor,Asia,Asia,12,29
Asia\shard0_11066.jpg,outdoor,Asia,Asia,11,25
Asia\shard0_36597.jpg,outdoor,Asia,Asia,10,28
Asia\shard0_36519.jpg,outdoor,Asia,Asia,11,26
Asia\shard0_37000.jpg,outdoor,Asia,Asia,10,26
Asia\shard0_10707.jpg,outdoor,Asia,Asia,11,30
Asia\shard0_06341.jpg,outdoor,Asia,Asia,11,29
Asia\shard0_04582.jpg,outdoor,Asia,Asia,12,31
Asia\shard0_35414.jpg,outdoor,Asia,Asia,12,31
Asia\shard0_35891.jpg,outdoor,Asia,Asia,12,31
Asia\shard0_35715.jpg,outdoor,Asia,Asia,11,25
Asia\shard0_35782.jpg,outdoor,Asia,Asia,13,29
Asia\shard0_00844.jpg,outdoor,Asia,Asia,12,31
Asia\shard0_37005.jpg,outdoor,Asia,Asia,11,30
Asia\shard0_16068.jpg,outdoor,Asia,Asia,11,30
Asia\shard0_14018.jpg,outdoor,Asia,Asia,12,31
Asia\shard0_12534.jpg,outdoor,Asia,Asia,8,28
Asia\shard0_19534.jpg,outdoor,Asia,Asia,11,25
Asia\shard0_17923.jpg,outdoor,Asia,Asia,11,30
Asia\shard0_00102.jpg,outdoor,Asia,Asia,11,26
Asia\shard0_36006.jpg,outdoor,Asia,Asia,12,30
Asia\shard0_25889.jpg,outdoor,Asia,Asia,11,30
Asia\shard0_36133.jpg,outdoor,Asia,Asia,12,20
Asia\shard0_34741.jpg,outdoor,Asia,Asia,9,28
Asia\shard0_35984.jpg,outdoor,Asia,Asia,11,30
Asia\shard0_36891.jpg,outdoor,Asia,Asia,11,24
Asia\shard0_35050.jpg,outdoor,Asia,Asia,12,20
Asia\shard0_36002.jpg,outdoor,Asia,Asia,10,25
Asia\shard0_17229.jpg,outdoor,Asia,Asia,8,28
Asia\shard0_13324.jpg,outdoor,Asia,Asia,11,30
Asia\shard0_11417.jpg,outdoor,Asia,Asia,12,30
Asia\shard0_27710.jpg,outdoor,Asia,Asia,11,30
Asia\shard0_34808.jpg,outdoor,Asia,Asia,12,29
Asia\shard0_35277.jpg,outdoor,Asia,Asia,11,29
Asia\shard0_34824.jpg,outdoor,Asia,Asia,10,25
Asia\shard0_34536.jpg,outdoor,Asia,Asia,11,27
Asia\shard0_18292.jpg,outdoor,Asia,Asia,9,25
Asia\shard0_09724.jpg,outdoor,Asia,Asia,11,30
Asia\shard0_00966.jpg,outdoor,Asia,Asia,11,30
Asia\shard0_13618.jpg,outdoor,Asia,Asia,12,21
Asia\shard0_34131.jpg,outdoor,Asia,Asia,12,29
Asia\shard0_35549.jpg,outdoor,Asia,Asia,12,31
Asia\shard0_29328.jpg,outdoor,Asia,Asia,12,31
Asia\shard0_13286.jpg,outdoor,Asia,Asia,11,29
Asia\shard0_17784.jpg,outdoor,Asia,Asia,12,30
Asia\shard0_18546.jpg,outdoor,Asia,Asia,10,28
Asia\shard0_35099.jpg,outdoor,Asia,Asia,10,30
Asia\shard0_33977.jpg,outdoor,Asia,Asia,11,29
Asia\shard0_15720.jpg,outdoor,Asia,Asia,12,25
Asia\shard0_35411.jpg,outdoor,Asia,Asia,10,28
Asia\shard0_06931.jpg,outdoor,Asia,Asia,11,29
Asia\shard0_35173.jpg,outdoor,Asia,Asia,10,28
Asia\shard0_34833.jpg,outdoor,Asia,Asia,11,29
Asia\shard0_00363.jpg,outdoor,Asia,Asia,12,31
Asia\shard0_11442.jpg,outdoor,Asia,Asia,10,28
Asia\shard0_00630.jpg,outdoor,Asia,Asia,12,31
Asia\shard0_35843.jpg,outdoor,Asia,Asia,12,31
Asia\shard0_36806.jpg,outdoor,Asia,Asia,11,30
Asia\shard0_35724.jpg,outdoor,Asia,Asia,12,29
Asia\shard0_08913.jpg,outdoor,Asia,Asia,11,24
Asia\shard0_34984.jpg,outdoor,Asia,Asia,10,27
Asia\shard0_14713.jpg,outdoor,Asia,Asia,12,31
Asia\shard0_29628.jpg,outdoor,Asia,Asia,12,31
Asia\shard0_33949.jpg,outdoor,Asia,Asia,12,31
Asia\shard0_09178.jpg,outdoor,Asia,Asia,12,21
Asia\shard0_35601.jpg,outdoor,Asia,Asia,10,28
Asia\shard0_27610.jpg,outdoor,Asia,Asia,11,29
Asia\shard0_36999.jpg,outdoor,Asia,Asia,12,32
Asia\shard0_36104.jpg,outdoor,Asia,Asia,12,30
Asia\shard0_36346.jpg,outdoor,Asia,Asia,12,25
Asia\shard0_04190.jpg,outdoor,Asia,Asia,12,31
Asia\shard0_36232.jpg,outdoor,Asia,Asia,12,29
Asia\shard0_12646.jpg,outdoor,Asia,Asia,11,29
Asia\shard0_22722.jpg,outdoor,Asia,Asia,11,29
Asia\shard0_35130.jpg,outdoor,Asia,Asia,11,30
Asia\shard0_02689.jpg,outdoor,Asia,Asia,12,21
Asia\shard0_35932.jpg,outdoor,Asia,Asia,11,26
Asia\shard0_27327.jpg,outdoor,Asia,Asia,11,25
Asia\shard0_35767.jpg,outdoor,Asia,Asia,10,30
Asia\shard0_10583.jpg,outdoor,Asia,Asia,12,25
Asia\shard0_35467.jpg,outdoor,Asia,Asia,11,25
Asia\shard0_36896.jpg,outdoor,Asia,Asia,10,28
Asia\shard0_21799.jpg,outdoor,Asia,Asia,12,31
Asia\shard0_09690.jpg,outdoor,Asia,Asia,11,27
Asia\shard0_37002.jpg,outdoor,Asia,Asia,11,26
Asia\shard0_28311.jpg,outdoor,Asia,Asia,12,21
Asia\shard0_29181.jpg,outdoor,Asia,Asia,12,31
Asia\shard0_34295.jpg,outdoor,Asia,Asia,11,25
Asia\shard0_02318.jpg,outdoor,Asia,Asia,12,31
Asia\shard0_37093.jpg,outdoor,Asia,Asia,12,25
Asia\shard0_34180.jpg,outdoor,Asia,Asia,12,31
Asia\shard0_35880.jpg,outdoor,Asia,Asia,12,31
Asia\shard0_15811.jpg,outdoor,Asia,Asia,12,31
Asia\shard0_37087.jpg,outdoor,Asia,Asia,11,23
Asia\shard0_03272.jpg,outdoor,Asia,Asia,11,29
Asia\shard0_18114.jpg,outdoor,Asia,Asia,11,28
Asia\shard0_16085.jpg,outdoor,Asia,Asia,10,28
Asia\shard0_11665.jpg,outdoor,Asia,Asia,13,32
Asia\shard0_36598.jpg,outdoor,Asia,Asia,12,31
Asia\shard0_10264.jpg,outdoor,Asia,Asia,11,26
Asia\shard0_03076.jpg,outdoor,Asia,Asia,10,28
Asia\shard0_05312.jpg,outdoor,Asia,Asia,12,31
Asia\shard0_35143.jpg,outdoor,Asia,Asia,12,32
Asia\shard0_36695.jpg,outdoor,Asia,Asia,11,30
Asia\shard0_16991.jpg,outdoor,Asia,Asia,13,20
Asia\shard0_36781.jpg,outdoor,Asia,Asia,10,25
Asia\shard0_36898.jpg,outdoor,Asia,Asia,12,31
Asia\shard0_35187.jpg,outdoor,Asia,Asia,12,31
Asia\shard0_17154.jpg,outdoor,Asia,Asia,12,21
Asia\shard0_35110.jpg,outdoor,Asia,Asia,10,28
Asia\shard0_34549.jpg,outdoor,Asia,Asia,11,28
Asia\shard0_19832.jpg,outdoor,Asia,Asia,11,28
Asia\shard0_36340.jpg,outdoor,Asia,Asia,12,21
Asia\shard0_00338.jpg,outdoor,Asia,Asia,11,30
Asia\shard0_36127.jpg,outdoor,Asia,Asia,11,29
Asia\shard0_37097.jpg,outdoor,Asia,Asia,11,26
Asia\shard0_09311.jpg,outdoor,Asia,Asia,11,30
Asia\shard0_11119.jpg,outdoor,Asia,Asia,10,26
Asia\shard0_36545.jpg,outdoor,Asia,Asia,11,26
Asia\shard0_36029.jpg,outdoor,Asia,Asia,12,32
Asia\shard0_36606.jpg,outdoor,Asia,Asia,12,31
Asia\shard0_24275.jpg,outdoor,Asia,Asia,13,32
Asia\shard0_15528.jpg,outdoor,Asia,Asia,10,28
Asia\shard0_35805.jpg,outdoor,Asia,Asia,9,28
Asia\shard0_34781.jpg,outdoor,Asia,Asia,12,29
Asia\shard0_12756.jpg,outdoor,Asia,Asia,12,30
Asia\shard0_03862.jpg,outdoor,Asia,Asia,10,27
Asia\shard0_34314.jpg,outdoor,Asia,Asia,12,29
Asia\shard0_28982.jpg,outdoor,Asia,Asia,12,31
Asia\shard0_35042.jpg,outdoor,Asia,Asia,11,29
Asia\shard0_37059.jpg,outdoor,Asia,Asia,12,31
Asia\shard0_34682.jpg,outdoor,Asia,Asia,12,24
Asia\shard0_34335.jpg,outdoor,Asia,Asia,12,21
Asia\shard0_27411.jpg,outdoor,Asia,Asia,9,28
Asia\shard0_35584.jpg,outdoor,Asia,Asia,11,26
Asia\shard0_16778.jpg,outdoor,Asia,Asia,11,28
Asia\shard0_08033.jpg,outdoor,Asia,Asia,12,31
Asia\shard0_15467.jpg,outdoor,Asia,Asia,10,28
Asia\shard0_37092.jpg,outdoor,Asia,Asia,10,28
Asia\shard0_35469.jpg,outdoor,Asia,Asia,12,31
Asia\shard0_36905.jpg,outdoor,Asia,Asia,11,29
Asia\shard0_10738.jpg,outdoor,Asia,Asia,12,31
Asia\shard0_36698.jpg,outdoor,Asia,Asia,12,25
Asia\shard0_19524.jpg,outdoor,Asia,Asia,9,28
Asia\shard0_18449.jpg,outdoor,Asia,Asia,13,22
Asia\shard0_22810.jpg,outdoor,Asia,Asia,11,30
Asia\shard0_36564.jpg,outdoor,Asia,Asia,13,22
Asia\shard0_24731.jpg,outdoor,Asia,Asia,12,30
Asia\shard0_36982.jpg,outdoor,Asia,Asia,8,29
Asia\shard0_20913.jpg,outdoor,Asia,Asia,12,32
Asia\shard0_36878.jpg,outdoor,Asia,Asia,13,28
Asia\shard0_35678.jpg,outdoor,Asia,Asia,12,31
Asia\shard0_26025.jpg,outdoor,Asia,Asia,12,31
Asia\shard0_02748.jpg,outdoor,Asia,Asia,12,29
Asia\shard0_27605.jpg,outdoor,Asia,Asia,10,28
Asia\shard0_15486.jpg,outdoor,Asia,Asia,12,31
Asia\shard0_36328.jpg,outdoor,Asia,Asia,9,26
Asia\shard0_35711.jpg,outdoor,Asia,Asia,12,31
Asia\shard0_36968.jpg,outdoor,Asia,Asia,12,21
Asia\shard0_14025.jpg,outdoor,Asia,Asia,13,20
Asia\shard0_34005.jpg,outdoor,Asia,Asia,12,31
Asia\shard0_35858.jpg,outdoor,Asia,Asia,11,30
Asia\shard0_33932.jpg,outdoor,Asia,Asia,11,21
Asia\shard0_34540.jpg,outdoor,Asia,Asia,12,31
Asia\shard0_01697.jpg,outdoor,Asia,Asia,11,30
Asia\shard0_36799.jpg,outdoor,Asia,Asia,10,27
Asia\shard0_35165.jpg,outdoor,Asia,Asia,12,30
Asia\shard0_36243.jpg,outdoor,Asia,Asia,10,28
Asia\shard0_36432.jpg,outdoor,Asia,Asia,12,29
Asia\shard0_04322.jpg,outdoor,Asia,Asia,13,29
Asia\shard0_01883.jpg,outdoor,Asia,Asia,12,29
Asia\shard0_23255.jpg,outdoor,Asia,Asia,11,30
Asia\shard0_23241.jpg,outdoor,Asia,Asia,10,25
Asia\shard0_26744.jpg,outdoor,Asia,Asia,12,31
Asia\shard0_09969.jpg,outdoor,Asia,Asia,12,31
Asia\shard0_10604.jpg,outdoor,Asia,Asia,10,28
Asia\shard0_27493.jpg,outdoor,Asia,Asia,10,28
Asia\shard0_36254.jpg,outdoor,Asia,Asia,12,30
Asia\shard0_34362.jpg,outdoor,Asia,Asia,9,28
Asia\shard0_34539.jpg,outdoor,Asia,Asia,12,31
Asia\shard0_06998.jpg,outdoor,Asia,Asia,11,30
Asia\shard0_18402.jpg,outdoor,Asia,Asia,12,31
Asia\shard0_34645.jpg,outdoor,Asia,Asia,12,31
Asia\shard0_35704.jpg,outdoor,Asia,Asia,10,28
Asia\shard0_27284.jpg,outdoor,Asia,Asia,9,30
Asia\shard0_36222.jpg,outdoor,Asia,Asia,12,31
Asia\shard0_36755.jpg,outdoor,Asia,Asia,9,29
Asia\shard0_34280.jpg,outdoor,Asia,Asia,12,30
Asia\shard0_36024.jpg,outdoor,Asia,Asia,12,29
Asia\shard0_36829.jpg,outdoor,Asia,Asia,11,29
Asia\shard0_36100.jpg,outdoor,Asia,Asia,12,31
Asia\shard0_07701.jpg,outdoor,Asia,Asia,10,30
Asia\shard0_34729.jpg,outdoor,Asia,Asia,10,25
Asia\shard0_21457.jpg,outdoor,Asia,Asia,11,25
Asia\shard0_35836.jpg,outdoor,Asia,Asia,10,27
Asia\shard0_34263.jpg,outdoor,Asia,Asia,10,25
Asia\shard0_14128.jpg,outdoor,Asia,Asia,9,28
Asia\shard0_36973.jpg,outdoor,Asia,Asia,13,29
Asia\shard0_10572.jpg,outdoor,Asia,Asia,12,25
Asia\shard0_34881.jpg,outdoor,Asia,Asia,10,28
Asia\shard0_36688.jpg,outdoor,Asia,Asia,12,31
Asia\shard0_28738.jpg,outdoor,Asia,Asia,12,31
Asia\shard0_04429.jpg,outdoor,Asia,Asia,12,31
Asia\shard0_26510.jpg,outdoor,Asia,Asia,10,28
Asia\shard0_36552.jpg,outdoor,Asia,Asia,12,31
Asia\shard0_23157.jpg,outdoor,Asia,Asia,11,29
Asia\shard0_34538.jpg,outdoor,Asia,Asia,11,23
Asia\shard0_34104.jpg,outdoor,Asia,Asia,10,28
Asia\shard0_35102.jpg,outdoor,Asia,Asia,11,25
Asia\shard0_29028.jpg,outdoor,Asia,Asia,12,31
Asia\shard0_10768.jpg,outdoor,Asia,Asia,12,21
Asia\shard0_37113.jpg,outdoor,Asia,Asia,9,28
Asia\shard0_34870.jpg,outdoor,Asia,Asia,10,28
Asia\shard0_35245.jpg,outdoor,Asia,Asia,12,31
Asia\shard0_36809.jpg,outdoor,Asia,Asia,12,31
Asia\shard0_34082.jpg,outdoor,Asia,Asia,10,28
Asia\shard0_35882.jpg,outdoor,Asia,Asia,13,21
Asia\shard0_08329.jpg,outdoor,Asia,Asia,11,28
Asia\shard0_29637.jpg,outdoor,Asia,Asia,11,28
Asia\shard0_27984.jpg,outdoor,Asia,Asia,12,31
Asia\shard0_35779.jpg,outdoor,Asia,Asia,12,31
Asia\shard0_36300.jpg,outdoor,Asia,Asia,12,31
Asia\shard0_02578.jpg,outdoor,Asia,Asia,10,28
Asia\shard0_24818.jpg,outdoor,Asia,Asia,10,28
Asia\shard0_34136.jpg,outdoor,Asia,Asia,11,29
Asia\shard0_22176.jpg,outdoor,Asia,Asia,11,29
Asia\shard0_34970.jpg,outdoor,Asia,Asia,10,28
Asia\shard0_37010.jpg,outdoor,Asia,Asia,11,30
Asia\shard0_35917.jpg,outdoor,Asia,Asia,12,28
Asia\shard0_35607.jpg,outdoor,Asia,Asia,12,28
Asia\shard0_11121.jpg,outdoor,Asia,Asia,13,32
Asia\shard0_28911.jpg,outdoor,Asia,Asia,11,26
Asia\shard0_36629.jpg,outdoor,Asia,Asia,10,28
Asia\shard0_35088.jpg,outdoor,Asia,Asia,11,29
Asia\shard0_36589.jpg,outdoor,Asia,Asia,11,30
Asia\shard0_03191.jpg,outdoor,Asia,Asia,12,31
Asia\shard0_18230.jpg,outdoor,Asia,Asia,10,26
Asia\shard0_36389.jpg,outdoor,Asia,Asia,8,28
Asia\shard0_10327.jpg,outdoor,Asia,Asia,9,28
Asia\shard0_34528.jpg,outdoor,Asia,Asia,12,31
Asia\shard0_35587.jpg,outdoor,Asia,Asia,10,28
Asia\shard0_34025.jpg,outdoor,Asia,Asia,10,30
Asia\shard0_35968.jpg,outdoor,Asia,Asia,11,25
Asia\shard0_03354.jpg,outdoor,Asia,Asia,12,31
Asia\shard0_35813.jpg,outdoor,Asia,Asia,13,28
Asia\shard0_34772.jpg,outdoor,Asia,Asia,12,31
Asia\shard0_05149.jpg,outdoor,Asia,Asia,11,23
Asia\shard0_12499.jpg,outdoor,Asia,Asia,11,21
Asia\shard0_06946.jpg,outdoor,Asia,Asia,12,31
Asia\shard0_02199.jpg,outdoor,Asia,Asia,12,21
Asia\shard0_36359.jpg,outdoor,Asia,Asia,11,30
Asia\shard0_03449.jpg,outdoor,Asia,Asia,11,30
Asia\shard0_13289.jpg,outdoor,Asia,Asia,11,25
Asia\shard0_34716.jpg,outdoor,Asia,Asia,11,26
Asia\shard0_23198.jpg,outdoor,Asia,Asia,12,28
Asia\shard0_27956.jpg,outdoor,Asia,Asia,11,30
Asia\shard0_27487.jpg,outdoor,Asia,Asia,13,29
Asia\shard0_36996.jpg,outdoor,Asia,Asia,11,26
Asia\shard0_27629.jpg,outdoor,Asia,Asia,11,26
Asia\shard0_36964.jpg,outdoor,Asia,Asia,12,31
Asia\shard0_18338.jpg,outdoor,Asia,Asia,9,28
Asia\shard0_26875.jpg,outdoor,Asia,Asia,9,28
Asia\shard0_36711.jpg,outdoor,Asia,Asia,11,30
Asia\shard0_34944.jpg,outdoor,Asia,Asia,12,30
Asia\shard0_36769.jpg,outdoor,Asia,Asia,11,22
Asia\shard0_28316.jpg,outdoor,Asia,Asia,9,28
Asia\shard0_13626.jpg,outdoor,Asia,Asia,12,31
Asia\shard0_25779.jpg,outdoor,Asia,Asia,11,29
Asia\shard0_34664.jpg,outdoor,Asia,Asia,12,21
Asia\shard0_10782.jpg,outdoor,Asia,Asia,11,30
Asia\shard0_00050.jpg,outdoor,Asia,Asia,12,31
Asia\shard0_34474.jpg,outdoor,Asia,Asia,10,28
Asia\shard0_11619.jpg,outdoor,Asia,Asia,11,26
Asia\shard0_37012.jpg,outdoor,Asia,Asia,12,29
Asia\shard0_35912.jpg,outdoor,Asia,Asia,12,31
Asia\shard0_26519.jpg,outdoor,Asia,Asia,12,21
Asia\shard0_36244.jpg,outdoor,Asia,Asia,12,28
Asia\shard0_36690.jpg,outdoor,Asia,Asia,12,29
Asia\shard0_36689.jpg,outdoor,Asia,Asia,11,30
Asia\shard0_20741.jpg,outdoor,Asia,Asia,10,28
Asia\shard0_36859.jpg,outdoor,Asia,Asia,11,29
Asia\shard0_35047.jpg,outdoor,Asia,Asia,10,28
Asia\shard0_24533.jpg,outdoor,Asia,Asia,12,29
Asia\shard0_29765.jpg,outdoor,Asia,Asia,10,28
Asia\shard0_18081.jpg,outdoor,Asia,Asia,11,25
Asia\shard0_36443.jpg,outdoor,Asia,Asia,10,25
Asia\shard0_36942.jpg,outdoor,Asia,Asia,11,30
Asia\shard0_26486.jpg,outdoor,Asia,Asia,12,29
Asia\shard0_36668.jpg,outdoor,Asia,Asia,8,28
Asia\shard0_34164.jpg,outdoor,Asia,Asia,11,29
Asia\shard0_11220.jpg,outdoor,Asia,Asia,11,30
Asia\shard0_11440.jpg,outdoor,Asia,Asia,11,27
Asia\shard0_20105.jpg,outdoor,Asia,Asia,12,31
Asia\shard0_36792.jpg,outdoor,Asia,Asia,11,25
Asia\shard0_05532.jpg,outdoor,Asia,Asia,12,31
Asia\shard0_10849.jpg,outdoor,Asia,Asia,11,29
Asia\shard0_23065.jpg,outdoor,Asia,Asia,10,28
Asia\shard0_23872.jpg,outdoor,Asia,Asia,11,28
Asia\shard0_11778.jpg,outdoor,Asia,Asia,13,21
Asia\shard0_36644.jpg,outdoor,Asia,Asia,12,30
Asia\shard0_20630.jpg,outdoor,Asia,Asia,12,21
Asia\shard0_28418.jpg,outdoor,Asia,Asia,11,28
Asia\shard0_15733.jpg,outdoor,Asia,Asia,12,29
Asia\shard0_35365.jpg,outdoor,Asia,Asia,12,29
Asia\shard0_35372.jpg,outdoor,Asia,Asia,12,31
Asia\shard0_21067.jpg,outdoor,Asia,Asia,12,31
Asia\shard0_22645.jpg,outdoor,Asia,Asia,9,29
Asia\shard0_22707.jpg,outdoor,Asia,Asia,11,29
Asia\shard0_36430.jpg,outdoor,Asia,Asia,12,31
Asia\shard0_34607.jpg,outdoor,Asia,Asia,12,31
Asia\shard0_36439.jpg,outdoor,Asia,Asia,12,31
Asia\shard0_24157.jpg,outdoor,Asia,Asia,12,21
Asia\shard0_36628.jpg,outdoor,Asia,Asia,12,31
Asia\shard0_34227.jpg,outdoor,Asia,Asia,12,31
Asia\shard0_24761.jpg,outdoor,Asia,Asia,9,28
Asia\shard0_26921.jpg,outdoor,Asia,Asia,10,28
Asia\shard0_21927.jpg,outdoor,Asia,Asia,12,32
Asia\shard0_36987.jpg,outdoor,Asia,Asia,11,30
Asia\shard0_37024.jpg,outdoor,Asia,Asia,12,31
Asia\shard0_26585.jpg,outdoor,Asia,Asia,10,28
Asia\shard0_16908.jpg,outdoor,Asia,Asia,12,29
Asia\shard0_12750.jpg,outdoor,Asia,Asia,10,30
Asia\shard0_35391.jpg,outdoor,Asia,Asia,11,30
Asia\shard0_36022.jpg,outdoor,Asia,Asia,12,29
Asia\shard0_25942.jpg,outdoor,Asia,Asia,11,29
Asia\shard0_35258.jpg,outdoor,Asia,Asia,11,29
Asia\shard0_35459.jpg,outdoor,Asia,Asia,12,32
Asia\shard0_35288.jpg,outdoor,Asia,Asia,10,30
Asia\shard0_29237.jpg,outdoor,Asia,Asia,12,30
Asia\shard0_36196.jpg,outdoor,Asia,Asia,10,27
Asia\shard0_36455.jpg,outdoor,Asia,Asia,12,30
Asia\shard0_27786.jpg,outdoor,Asia,Asia,12,30
Asia\shard0_18870.jpg,outdoor,Asia,Asia,9,28
Asia\shard0_35200.jpg,outdoor,Asia,Asia,12,31
Asia\shard0_16986.jpg,outdoor,Asia,Asia,11,29
Asia\shard0_09198.jpg,outdoor,Asia,Asia,9,28
Asia\shard0_36338.jpg,outdoor,Asia,Asia,9,26
Asia\shard0_27183.jpg,outdoor,Asia,Asia,9,28
Asia\shard0_35583.jpg,outdoor,Asia,Asia,10,25
Asia\shard0_36923.jpg,outdoor,Asia,Asia,12,31
Asia\shard0_36718.jpg,outdoor,Asia,Asia,12,29
Asia\shard0_35121.jpg,outdoor,Asia,Asia,13,24
Asia\shard0_28310.jpg,outdoor,Asia,Asia,10,28
Asia\shard0_34012.jpg,outdoor,Asia,Asia,12,31
Asia\shard0_01671.jpg,outdoor,Asia,Asia,11,30
Asia\shard0_16304.jpg,outdoor,Asia,Asia,12,20
Asia\shard0_09591.jpg,outdoor,Asia,Asia,11,29
Asia\shard0_36453.jpg,outdoor,Asia,Asia,11,30
Asia\shard0_35573.jpg,outdoor,Asia,Asia,9,30
Asia\shard0_13802.jpg,outdoor,Asia,Asia,11,25
Asia\shard0_23946.jpg,outdoor,Asia,Asia,12,31
Asia\shard0_35825.jpg,outdoor,Asia,Asia,12,31
Asia\shard0_33929.jpg,outdoor,Asia,Asia,11,29
Asia\shard0_16588.jpg,outdoor,Asia,Asia,10,28
Asia\shard0_03520.jpg,outdoor,Asia,Asia,11,30
Asia\shard0_06775.jpg,outdoor,Asia,Asia,12,30
Asia\shard0_35669.jpg,outdoor,Asia,Asia,12,31
Asia\shard0_13940.jpg,outdoor,Asia,Asia,11,25
Asia\shard0_06868.jpg,outdoor,Asia,Asia,10,25
Asia\shard0_35611.jpg,outdoor,Asia,Asia,12,31
Asia\shard0_36903.jpg,outdoor,Asia,Asia,9,28
Asia\shard0_36418.jpg,outdoor,Asia,Asia,13,32
Asia\shard0_16417.jpg,outdoor,Asia,Asia,12,21
Asia\shard0_35386.jpg,outdoor,Asia,Asia,10,28
Asia\shard0_23966.jpg,outdoor,Asia,Asia,12,29
Asia\shard0_35345.jpg,outdoor,Asia,Asia,12,21
Asia\shard0_15563.jpg,outdoor,Asia,Asia,11,29
Asia\shard0_25526.jpg,outdoor,Asia,Asia,10,28
Asia\shard0_35542.jpg,outdoor,Asia,Asia,11,29
Asia\shard0_33957.jpg,outdoor,Asia,Asia,12,31
Asia\shard0_35465.jpg,outdoor,Asia,Asia,10,30
Asia\shard0_34455.jpg,outdoor,Asia,Asia,12,30
Asia\shard0_12880.jpg,outdoor,Asia,Asia,11,29
Asia\shard0_28258.jpg,outdoor,Asia,Asia,10,25
Asia\shard0_34982.jpg,outdoor,Asia,Asia,11,30
Asia\shard0_08461.jpg,outdoor,Asia,Asia,11,30
Asia\shard0_36120.jpg,outdoor,Asia,Asia,12,31
Asia\shard0_36094.jpg,outdoor,Asia,Asia,12,31
Asia\shard0_35883.jpg,outdoor,Asia,Asia,9,30
Asia\shard0_12588.jpg,outdoor,Asia,Asia,11,29
Asia\shard0_29908.jpg,outdoor,Asia,Asia,11,30
Asia\shard0_03391.jpg,outdoor,Asia,Asia,11,29
Asia\shard0_34511.jpg,outdoor,Asia,Asia,12,31
Asia\shard0_36082.jpg,outdoor,Asia,Asia,11,29
Asia\shard0_34339.jpg,outdoor,Asia,Asia,12,29
Asia\shard0_36027.jpg,outdoor,Asia,Asia,13,22
Asia\shard0_34687.jpg,outdoor,Asia,Asia,12,25
Asia\shard0_36850.jpg,outdoor,Asia,Asia,11,30
Asia\shard0_28946.jpg,outdoor,Asia,Asia,13,22
Asia\shard0_06512.jpg,outdoor,Asia,Asia,10,28
Asia\shard0_34787.jpg,outdoor,Asia,Asia,11,28
Asia\shard0_07249.jpg,outdoor,Asia,Asia,8,29
Asia\shard0_27532.jpg,outdoor,Asia,Asia,11,27
Asia\shard0_06771.jpg,outdoor,Asia,Asia,11,30
Asia\shard0_35308.jpg,outdoor,Asia,Asia,12,31
Asia\shard0_24594.jpg,outdoor,Asia,Asia,12,32
Asia\shard0_18496.jpg,outdoor,Asia,Asia,11,26
Asia\shard0_36154.jpg,outdoor,Asia,Asia,11,25
Asia\shard0_24150.jpg,outdoor,Asia,Asia,10,28
Asia\shard0_35395.jpg,outdoor,Asia,Asia,9,28
Asia\shard0_34210.jpg,outdoor,Asia,Asia,11,23
Asia\shard0_18314.jpg,outdoor,Asia,Asia,9,28
Asia\shard0_22152.jpg,outdoor,Asia,Asia,12,29
Asia\shard0_35192.jpg,outdoor,Asia,Asia,10,25
Asia\shard0_01151.jpg,outdoor,Asia,Asia,12,31
Asia\shard0_34288.jpg,outdoor,Asia,Asia,12,31
Asia\shard0_18782.jpg,outdoor,Asia,Asia,12,30
Asia\shard0_36110.jpg,outdoor,Asia,Asia,12,31
Asia\shard0_08365.jpg,outdoor,Asia,Asia,12,31
Asia\shard0_06536.jpg,outdoor,Asia,Asia,13,22
Asia\shard0_34604.jpg,outdoor,Asia,Asia,12,30
Asia\shard0_12468.jpg,outdoor,Asia,Asia,12,29
Asia\shard0_34660.jpg,outdoor,Asia,Asia,12,28
Asia\shard0_12716.jpg,outdoor,Asia,Asia,9,28
Asia\shard0_17223.jpg,outdoor,Asia,Asia,9,28
Asia\shard0_14080.jpg,outdoor,Asia,Asia,12,31
Asia\shard0_05931.jpg,outdoor,Asia,Asia,12,29
Asia\shard0_35526.jpg,outdoor,Asia,Asia,12,21
Asia\shard0_34795.jpg,outdoor,Asia,Asia,12,31
Asia\shard0_16278.jpg,outdoor,Asia,Asia,12,22
Asia\shard0_20463.jpg,outdoor,Asia,Asia,11,30
Asia\shard0_36810.jpg,outdoor,Asia,Asia,12,30
Asia\shard0_07730.jpg,outdoor,Asia,Asia,13,32
Asia\shard0_36509.jpg,outdoor,Asia,Asia,11,22
Asia\shard0_12985.jpg,outdoor,Asia,Asia,10,25
Asia\shard0_34752.jpg,outdoor,Asia,Asia,12,31
Asia\shard0_16119.jpg,outdoor,Asia,Asia,12,21
Asia\shard0_34130.jpg,outdoor,Asia,Asia,10,28
Asia\shard0_03409.jpg,outdoor,Asia,Asia,12,30
Asia\shard0_02758.jpg,outdoor,Asia,Asia,9,28
Asia\shard0_25663.jpg,outdoor,Asia,Asia,10,28
Asia\shard0_35553.jpg,outdoor,Asia,Asia,11,23
Asia\shard0_34969.jpg,outdoor,Asia,Asia,12,29
Asia\shard0_11684.jpg,outdoor,Asia,Asia,11,30
Asia\shard0_24241.jpg,outdoor,Asia,Asia,11,30
Asia\shard0_17972.jpg,outdoor,Asia,Asia,12,31
Asia\shard0_35271.jpg,outdoor,Asia,Asia,10,25
Asia\shard0_36694.jpg,outdoor,Asia,Asia,12,31
Asia\shard0_16331.jpg,outdoor,Asia,Asia,11,30
Asia\shard0_36039.jpg,outdoor,Asia,Asia,13,28
Asia\shard0_36692.jpg,outdoor,Asia,Asia,12,31
Asia\shard0_25707.jpg,outdoor,Asia,Asia,12,29
Asia\shard0_34073.jpg,outdoor,Asia,Asia,12,31
Asia\shard0_36189.jpg,outdoor,Asia,Asia,12,31
Asia\shard0_34642.jpg,outdoor,Asia,Asia,12,31
Asia\shard0_00627.jpg,outdoor,Asia,Asia,12,31
Asia\shard0_12559.jpg,outdoor,Asia,Asia,13,32
Asia\shard0_35164.jpg,outdoor,Asia,Asia,12,31
Asia\shard0_36751.jpg,outdoor,Asia,Asia,11,30
Asia\shard0_23866.jpg,outdoor,Asia,Asia,9,27
Asia\shard0_35920.jpg,outdoor,Asia,Asia,10,25
Asia\shard0_22530.jpg,outdoor,Asia,Asia,13,26
Asia\shard0_34442.jpg,outdoor,Asia,Asia,12,21
Asia\shard0_22062.jpg,outdoor,Asia,Asia,12,30
Asia\shard0_35837.jpg,outdoor,Asia,Asia,11,28
Asia\shard0_35270.jpg,outdoor,Asia,Asia,10,27
Asia\shard0_36620.jpg,outdoor,Asia,Asia,11,25
Asia\shard0_35639.jpg,outdoor,Asia,Asia,13,29
Asia\shard0_34238.jpg,outdoor,Asia,Asia,12,21
Asia\shard0_04075.jpg,outdoor,Asia,Asia,12,31
Asia\shard0_34286.jpg,outdoor,Asia,Asia,12,30
Asia\shard0_34826.jpg,outdoor,Asia,Asia,12,30
Asia\shard0_10168.jpg,outdoor,Asia,Asia,8,29
Asia\shard0_34949.jpg,outdoor,Asia,Asia,11,30
Asia\shard0_20797.jpg,outdoor,Asia,Asia,11,30
Asia\shard0_34565.jpg,outdoor,Asia,Asia,12,31
Asia\shard0_35745.jpg,outdoor,Asia,Asia,9,25
Asia\shard0_34304.jpg,outdoor,Asia,Asia,11,29
Asia\shard0_10836.jpg,outdoor,Asia,Asia,11,26
Asia\shard0_36840.jpg,outdoor,Asia,Asia,11,27
Asia\shard0_36272.jpg,outdoor,Asia,Asia,12,32
Asia\shard0_24738.jpg,outdoor,Asia,Asia,11,26
Asia\shard0_35728.jpg,outdoor,Asia,Asia,12,31
Asia\shard0_20318.jpg,outdoor,Asia,Asia,10,30
Asia\shard0_36976.jpg,outdoor,Asia,Asia,10,25
Asia\shard0_33964.jpg,outdoor,Asia,Asia,9,28
Asia\shard0_09551.jpg,outdoor,Asia,Asia,11,30
Asia\shard0_37064.jpg,outdoor,Asia,Asia,11,30
Asia\shard0_35468.jpg,outdoor,Asia,Asia,11,29
Asia\shard0_35924.jpg,outdoor,Asia,Asia,10,25
Asia\shard0_03262.jpg,outdoor,Asia,Asia,12,28
Asia\shard0_29075.jpg,outdoor,Asia,Asia,9,28
Asia\shard0_15775.jpg,outdoor,Asia,Asia,12,21
Asia\shard0_35491.jpg,outdoor,Asia,Asia,12,30
Asia\shard0_36826.jpg,outdoor,Asia,Asia,10,25
Asia\shard0_34254.jpg,outdoor,Asia,Asia,9,28
Asia\shard0_35171.jpg,outdoor,Asia,Asia,11,29
Asia\shard0_17276.jpg,outdoor,Asia,Asia,12,21
Asia\shard0_08118.jpg,outdoor,Asia,Asia,12,32
Asia\shard0_36966.jpg,outdoor,Asia,Asia,11,30
Asia\shard0_35772.jpg,outdoor,Asia,Asia,11,30
Asia\shard0_12251.jpg,outdoor,Asia,Asia,11,30
Asia\shard0_34728.jpg,outdoor,Asia,Asia,12,20
Asia\shard0_00428.jpg,outdoor,Asia,Asia,10,25
Asia\shard0_36573.jpg,outdoor,Asia,Asia,12,31
Asia\shard0_07874.jpg,outdoor,Asia,Asia,12,32
Asia\shard0_18892.jpg,outdoor,Asia,Asia,10,28
Asia\shard0_34767.jpg,outdoor,Asia,Asia,12,21
Asia\shard0_15483.jpg,outdoor,Asia,Asia,8,29
Asia\shard0_19500.jpg,outdoor,Asia,Asia,10,25
Asia\shard0_34945.jpg,outdoor,Asia,Asia,11,30
Asia\shard0_35686.jpg,outdoor,Asia,Asia,12,30
Asia\shard0_36736.jpg,outdoor,Asia,Asia,10,25
Asia\shard0_24396.jpg,outdoor,Asia,Asia,12,31
Asia\shard0_34878.jpg,outdoor,Asia,Asia,9,28
Asia\shard0_12517.jpg,outdoor,Asia,Asia,12,28
Asia\shard0_36568.jpg,outdoor,Asia,Asia,12,31
Asia\shard0_27306.jpg,outdoor,Asia,Asia,12,29
Asia\shard0_02372.jpg,outdoor,Asia,Asia,10,28
Asia\shard0_35792.jpg,outdoor,Asia,Asia,11,30
Asia\shard0_36225.jpg,outdoor,Asia,Asia,11,25
Asia\shard0_36667.jpg,outdoor,Asia,Asia,12,21
Asia\shard0_34438.jpg,outdoor,Asia,Asia,12,25
Asia\shard0_23908.jpg,outdoor,Asia,Asia,12,31
Asia\shard0_05872.jpg,outdoor,Asia,Asia,10,28
Asia\shard0_19777.jpg,outdoor,Asia,Asia,10,25
Asia\shard0_07980.jpg,outdoor,Asia,Asia,12,21
Asia\shard0_34488.jpg,outdoor,Asia,Asia,13,29
Asia\shard0_26570.jpg,outdoor,Asia,Asia,9,28
Asia\shard0_36065.jpg,outdoor,Asia,Asia,9,26
Asia\shard0_17477.jpg,outdoor,Asia,Asia,11,30
Asia\shard0_17974.jpg,outdoor,Asia,Asia,11,25
Asia\shard0_20775.jpg,outdoor,Asia,Asia,12,31
Asia\shard0_13758.jpg,outdoor,Asia,Asia,9,28
Asia\shard0_36765.jpg,outdoor,Asia,Asia,12,20
Asia\shard0_36229.jpg,outdoor,Asia,Asia,12,30
Europe\shard0_06408.jpg,outdoor,Europe,Europe,12,17
Europe\shard0_19789.jpg,outdoor,Europe,Europe,14,18
Europe\shard0_24430.jpg,outdoor,Europe,Europe,14,19
Europe\shard0_19397.jpg,outdoor,Europe,Europe,13,19
Europe\shard0_23712.jpg,outdoor,Europe,Europe,13,19
Europe\shard0_25059.jpg,outdoor,Europe,Europe,13,18
Europe\shard0_14855.jpg,outdoor,Europe,Europe,14,17
Europe\shard0_16451.jpg,outdoor,Europe,Europe,14,17
Europe\shard0_18268.jpg,outdoor,Europe,Europe,13,17
Europe\shard0_19201.jpg,outdoor,Europe,Europe,13,17
Europe\shard0_28391.jpg,outdoor,Europe,Europe,14,17
Europe\shard0_01362.jpg,outdoor,Europe,Europe,13,17
Europe\shard0_26580.jpg,outdoor,Europe,Europe,14,17
Europe\shard0_01317.jpg,outdoor,Europe,Europe,13,19
Europe\shard0_22416.jpg,outdoor,Europe,Europe,13,18
Europe\shard0_25923.jpg,outdoor,Europe,Europe,13,18
Europe\shard0_06842.jpg,outdoor,Europe,Europe,13,18
Europe\shard0_17407.jpg,outdoor,Europe,Europe,14,18
Europe\shard0_26340.jpg,outdoor,Europe,Europe,12,17
Europe\shard0_23102.jpg,outdoor,Europe,Europe,14,18
Europe\shard0_28181.jpg,outdoor,Europe,Europe,14,18
Europe\shard0_12796.jpg,outdoor,Europe,Europe,14,18
Europe\shard0_09090.jpg,outdoor,Europe,Europe,13,19
Europe\shard0_02952.jpg,outdoor,Europe,Europe,13,19
Europe\shard0_23354.jpg,outdoor,Europe,Europe,13,18
Europe\shard0_29846.jpg,outdoor,Europe,Europe,13,18
Europe\shard0_24502.jpg,outdoor,Europe,Europe,14,19
Europe\shard0_15764.jpg,outdoor,Europe,Europe,13,18
Europe\shard0_16386.jpg,outdoor,Europe,Europe,13,20
Europe\shard0_07254.jpg,outdoor,Europe,Europe,14,17
Europe\shard0_15304.jpg,outdoor,Europe,Europe,13,20
Europe\shard0_13267.jpg,outdoor,Europe,Europe,13,18
Europe\shard0_16755.jpg,outdoor,Europe,Europe,13,17
Europe\shard0_28787.jpg,outdoor,Europe,Europe,14,20
Europe\shard0_14283.jpg,outdoor,Europe,Europe,12,20
Europe\shard0_10317.jpg,outdoor,Europe,Europe,12,17
Europe\shard0_01021.jpg,outdoor,Europe,Europe,14,17
Europe\shard0_28776.jpg,outdoor,Europe,Europe,14,19
Europe\shard0_14996.jpg,outdoor,Europe,Europe,13,18
Europe\shard0_01491.jpg,outdoor,Europe,Europe,13,17
Europe\shard0_24621.jpg,outdoor,Europe,Europe,14,17
Europe\shard0_14132.jpg,outdoor,Europe,Europe,14,18
Europe\shard0_18360.jpg,outdoor,Europe,Europe,13,18
Europe\shard0_02362.jpg,outdoor,Europe,Europe,12,20
Europe\shard0_00160.jpg,outdoor,Europe,Europe,14,18
Europe\shard0_14753.jpg,outdoor,Europe,Europe,14,18
Europe\shard0_26969.jpg,outdoor,Europe,Europe,14,20
Europe\shard0_20958.jpg,outdoor,Europe,Europe,14,17
Europe\shard0_11853.jpg,outdoor,Europe,Europe,14,17
Europe\shard0_16473.jpg,outdoor,Europe,Europe,14,17
Europe\shard0_26010.jpg,outdoor,Europe,Europe,13,18
Europe\shard0_28800.jpg,outdoor,Europe,Europe,13,18
Europe\shard0_23484.jpg,outdoor,Europe,Europe,13,18
Europe\shard0_16950.jpg,outdoor,Europe,Europe,15,20
Europe\shard0_28760.jpg,outdoor,Europe,Europe,13,18
Europe\shard0_18411.jpg,outdoor,Europe,Europe,13,18
Europe\shard0_21368.jpg,outdoor,Europe,Europe,14,18
Europe\shard0_18371.jpg,outdoor,Europe,Europe,13,17
Europe\shard0_14801.jpg,outdoor,Europe,Europe,13,19
Europe\shard0_26159.jpg,outdoor,Europe,Europe,14,17
Europe\shard0_26898.jpg,outdoor,Europe,Europe,13,18
Europe\shard0_24223.jpg,outdoor,Europe,Europe,14,17
Europe\shard0_08704.jpg,outdoor,Europe,Europe,14,19
Europe\shard0_05176.jpg,outdoor,Europe,Europe,14,18
Europe\shard0_01659.jpg,outdoor,Europe,Europe,14,17
Europe\shard0_27404.jpg,outdoor,Europe,Europe,12,17
Europe\shard0_03187.jpg,outdoor,Europe,Europe,13,17
Europe\shard0_12302.jpg,outdoor,Europe,Europe,14,17
Europe\shard0_01596.jpg,outdoor,Europe,Europe,15,21
Europe\shard0_27329.jpg,outdoor,Europe,Europe,14,17
Europe\shard0_02676.jpg,outdoor,Europe,Europe,14,17
Europe\shard0_01710.jpg,outdoor,Europe,Europe,13,18
Europe\shard0_19774.jpg,outdoor,Europe,Europe,12,17
Europe\shard0_10235.jpg,outdoor,Europe,Europe,14,17
Europe\shard0_01681.jpg,outdoor,Europe,Europe,13,18
Europe\shard0_14432.jpg,outdoor,Europe,Europe,14,21
Europe\shard0_02965.jpg,outdoor,Europe,Europe,13,17
Europe\shard0_23663.jpg,outdoor,Europe,Europe,13,18
Europe\shard0_20045.jpg,outdoor,Europe,Europe,13,18
Europe\shard0_18730.jpg,outdoor,Europe,Europe,13,19
Europe\shard0_16078.jpg,outdoor,Europe,Europe,14,19
Europe\shard0_17861.jpg,outdoor,Europe,Europe,13,18
Europe\shard0_29247.jpg,outdoor,Europe,Europe,13,18
Europe\shard0_29550.jpg,outdoor,Europe,Europe,15,20
Europe\shard0_04114.jpg,outdoor,Europe,Europe,13,20
Europe\shard0_02482.jpg,outdoor,Europe,Europe,14,18
Europe\shard0_10753.jpg,outdoor,Europe,Europe,14,19
Europe\shard0_04891.jpg,outdoor,Europe,Europe,14,19
Europe\shard0_00793.jpg,outdoor,Europe,Europe,14,18
Europe\shard0_16424.jpg,outdoor,Europe,Europe,14,18
Europe\shard0_27712.jpg,outdoor,Europe,Europe,13,18
Europe\shard0_00412.jpg,outdoor,Europe,Europe,14,17
Europe\shard0_00185.jpg,outdoor,Europe,Europe,14,17
Europe\shard0_05918.jpg,outdoor,Europe,Europe,16,20
Europe\shard0_04421.jpg,outdoor,Europe,Europe,14,17
Europe\shard0_15495.jpg,outdoor,Europe,Europe,14,19
Europe\shard0_06403.jpg,outdoor,Europe,Europe,14,21
Europe\shard0_07663.jpg,outdoor,Europe,Europe,13,18
Europe\shard0_18935.jpg,outdoor,Europe,Europe,14,17
Europe\shard0_22612.jpg,outdoor,Europe,Europe,14,17
Europe\shard0_21019.jpg,outdoor,Europe,Europe,12,20
Europe\shard0_17860.jpg,outdoor,Europe,Europe,12,17
Europe\shard0_25527.jpg,outdoor,Europe,Europe,14,18
Europe\shard0_08525.jpg,outdoor,Europe,Europe,14,19
Europe\shard0_10772.jpg,outdoor,Europe,Europe,15,19
Europe\shard0_13380.jpg,outdoor,Europe,Europe,14,17
Europe\shard0_24762.jpg,outdoor,Europe,Europe,13,19
Europe\shard0_28559.jpg,outdoor,Europe,Europe,13,17
Europe\shard0_05916.jpg,outdoor,Europe,Europe,13,18
Europe\shard0_10434.jpg,outdoor,Europe,Europe,13,19
Europe\shard0_28224.jpg,outdoor,Europe,Europe,13,19
Europe\shard0_23278.jpg,outdoor,Europe,Europe,13,20
Europe\shard0_19800.jpg,outdoor,Europe,Europe,14,17
Europe\shard0_10252.jpg,outdoor,Europe,Europe,13,18
Europe\shard0_23406.jpg,outdoor,Europe,Europe,14,17
Europe\shard0_29124.jpg,outdoor,Europe,Europe,14,20
Europe\shard0_13409.jpg,outdoor,Europe,Europe,13,19
Europe\shard0_25469.jpg,outdoor,Europe,Europe,14,17
Europe\shard0_02809.jpg,outdoor,Europe,Europe,12,17
Europe\shard0_15347.jpg,outdoor,Europe,Europe,13,19
Europe\shard0_17842.jpg,outdoor,Europe,Europe,14,17
Europe\shard0_17454.jpg,outdoor,Europe,Europe,14,17
Europe\shard0_00202.jpg,outdoor,Europe,Europe,13,18
Europe\shard0_28137.jpg,outdoor,Europe,Europe,14,17
Europe\shard0_27424.jpg,outdoor,Europe,Europe,14,20
Europe\shard0_23950.jpg,outdoor,Europe,Europe,15,20
Europe\shard0_18117.jpg,outdoor,Europe,Europe,14,17
Europe\shard0_02090.jpg,outdoor,Europe,Europe,12,18
Europe\shard0_08141.jpg,outdoor,Europe,Europe,13,18
Europe\shard0_20917.jpg,outdoor,Europe,Europe,13,18
Europe\shard0_02235.jpg,outdoor,Europe,Europe,15,20
Europe\shard0_07534.jpg,outdoor,Europe,Europe,13,18
Europe\shard0_08371.jpg,outdoor,Europe,Europe,14,18
Europe\shard0_10312.jpg,outdoor,Europe,Europe,15,18
Europe\shard0_02547.jpg,outdoor,Europe,Europe,13,19
Europe\shard0_15837.jpg,outdoor,Europe,Europe,13,18
Europe\shard0_28257.jpg,outdoor,Europe,Europe,13,18
Europe\shard0_08131.jpg,outdoor,Europe,Europe,13,18
Europe\shard0_02893.jpg,outdoor,Europe,Europe,13,17
Europe\shard0_12366.jpg,outdoor,Europe,Europe,13,19
Europe\shard0_22726.jpg,outdoor,Europe,Europe,14,17
Europe\shard0_07396.jpg,outdoor,Europe,Europe,14,17
Europe\shard0_12157.jpg,outdoor,Europe,Europe,13,18
Europe\shard0_10085.jpg,outdoor,Europe,Europe,13,17
Europe\shard0_01267.jpg,outdoor,Europe,Europe,12,19
Europe\shard0_28988.jpg,outdoor,Europe,Europe,12,17
Europe\shard0_21416.jpg,outdoor,Europe,Europe,13,18
Europe\shard0_01133.jpg,outdoor,Europe,Europe,13,17
Europe\shard0_11217.jpg,outdoor,Europe,Europe,13,18
Europe\shard0_09787.jpg,outdoor,Europe,Europe,14,17
Europe\shard0_10087.jpg,outdoor,Europe,Europe,13,18
Europe\shard0_28711.jpg,outdoor,Europe,Europe,13,19
Europe\shard0_19928.jpg,outdoor,Europe,Europe,13,18
Europe\shard0_22237.jpg,outdoor,Europe,Europe,14,20
Europe\shard0_16324.jpg,outdoor,Europe,Europe,15,18
Europe\shard0_28220.jpg,outdoor,Europe,Europe,13,17
Europe\shard0_09138.jpg,outdoor,Europe,Europe,13,19
Europe\shard0_08474.jpg,outdoor,Europe,Europe,13,18
Europe\shard0_20224.jpg,outdoor,Europe,Europe,13,19
Europe\shard0_03425.jpg,outdoor,Europe,Europe,15,20
Europe\shard0_12135.jpg,outdoor,Europe,Europe,14,17
Europe\shard0_25449.jpg,outdoor,Europe,Europe,13,19
Europe\shard0_06802.jpg,outdoor,Europe,Europe,14,17
Europe\shard0_19664.jpg,outdoor,Europe,Europe,14,17
Europe\shard0_12715.jpg,outdoor,Europe,Europe,13,18
Europe\shard0_22082.jpg,outdoor,Europe,Europe,13,17
Europe\shard0_01465.jpg,outdoor,Europe,Europe,14,17
Europe\shard0_09458.jpg,outdoor,Europe,Europe,13,18
Europe\shard0_16820.jpg,outdoor,Europe,Europe,12,20
Europe\shard0_28588.jpg,outdoor,Europe,Europe,13,19
Europe\shard0_19561.jpg,outdoor,Europe,Europe,13,17
Europe\shard0_23620.jpg,outdoor,Europe,Europe,13,19
Europe\shard0_27829.jpg,outdoor,Europe,Europe,13,19
Europe\shard0_18707.jpg,outdoor,Europe,Europe,14,17
Europe\shard0_21211.jpg,outdoor,Europe,Europe,14,19
Europe\shard0_06090.jpg,outdoor,Europe,Europe,13,18
Europe\shard0_13536.jpg,outdoor,Europe,Europe,14,18
Europe\shard0_25985.jpg,outdoor,Europe,Europe,14,17
Europe\shard0_25506.jpg,outdoor,Europe,Europe,14,18
Europe\shard0_25282.jpg,outdoor,Europe,Europe,14,17
Europe\shard0_20764.jpg,outdoor,Europe,Europe,14,17
Europe\shard0_05406.jpg,outdoor,Europe,Europe,14,17
Europe\shard0_03603.jpg,outdoor,Europe,Europe,14,19
Europe\shard0_27251.jpg,outdoor,Europe,Europe,14,18
Europe\shard0_18799.jpg,outdoor,Europe,Europe,14,19
Europe\shard0_28508.jpg,outdoor,Europe,Europe,13,18
Europe\shard0_19638.jpg,outdoor,Europe,Europe,14,18
Europe\shard0_19398.jpg,outdoor,Europe,Europe,14,19
Europe\shard0_27516.jpg,outdoor,Europe,Europe,13,18
Europe\shard0_20689.jpg,outdoor,Europe,Europe,15,15
Europe\shard0_20269.jpg,outdoor,Europe,Europe,13,19
Europe\shard0_05654.jpg,outdoor,Europe,Europe,13,19
Europe\shard0_00467.jpg,outdoor,Europe,Europe,13,19
Europe\shard0_01862.jpg,outdoor,Europe,Europe,12,17
Europe\shard0_02659.jpg,outdoor,Europe,Europe,13,17
Europe\shard0_15471.jpg,outdoor,Europe,Europe,14,17
Europe\shard0_01137.jpg,outdoor,Europe,Europe,14,18
Europe\shard0_18709.jpg,outdoor,Europe,Europe,13,17
Europe\shard0_11357.jpg,outdoor,Europe,Europe,15,20
Europe\shard0_19574.jpg,outdoor,Europe,Europe,14,17
Europe\shard0_03672.jpg,outdoor,Europe,Europe,15,16
Europe\shard0_21698.jpg,outdoor,Europe,Europe,13,18
Europe\shard0_21946.jpg,outdoor,Europe,Europe,13,18
Europe\shard0_01714.jpg,outdoor,Europe,Europe,13,19
Europe\shard0_05475.jpg,outdoor,Europe,Europe,14,17
Europe\shard0_03349.jpg,outdoor,Europe,Europe,12,17
Europe\shard0_26310.jpg,outdoor,Europe,Europe,14,17
Europe\shard0_10974.jpg,outdoor,Europe,Europe,13,19
Europe\shard0_21724.jpg,outdoor,Europe,Europe,13,18
Europe\shard0_05728.jpg,outdoor,Europe,Europe,13,17
Europe\shard0_23529.jpg,outdoor,Europe,Europe,13,18
Europe\shard0_09898.jpg,outdoor,Europe,Europe,14,17
Europe\shard0_05829.jpg,outdoor,Europe,Europe,14,19
Europe\shard0_04724.jpg,outdoor,Europe,Europe,12,20
Europe\shard0_17001.jpg,outdoor,Europe,Europe,13,19
Europe\shard0_11656.jpg,outdoor,Europe,Europe,13,18
Europe\shard0_21691.jpg,outdoor,Europe,Europe,13,18
Europe\shard0_28436.jpg,outdoor,Europe,Europe,13,19
Europe\shard0_29553.jpg,outdoor,Europe,Europe,14,17
Europe\shard0_19855.jpg,outdoor,Europe,Europe,12,17
Europe\shard0_11660.jpg,outdoor,Europe,Europe,13,21
Europe\shard0_26783.jpg,outdoor,Europe,Europe,13,17
Europe\shard0_01108.jpg,outdoor,Europe,Europe,14,17
Europe\shard0_11728.jpg,outdoor,Europe,Europe,13,19
Europe\shard0_24256.jpg,outdoor,Europe,Europe,13,20
Europe\shard0_25650.jpg,outdoor,Europe,Europe,13,18
Europe\shard0_19750.jpg,outdoor,Europe,Europe,12,17
Europe\shard0_18060.jpg,outdoor,Europe,Europe,13,18
Europe\shard0_25983.jpg,outdoor,Europe,Europe,13,17
Europe\shard0_17321.jpg,outdoor,Europe,Europe,13,17
Europe\shard0_20016.jpg,outdoor,Europe,Europe,13,19
Europe\shard0_19060.jpg,outdoor,Europe,Europe,13,18
Europe\shard0_04368.jpg,outdoor,Europe,Europe,12,17
Europe\shard0_12532.jpg,outdoor,Europe,Europe,13,17
Europe\shard0_06654.jpg,outdoor,Europe,Europe,14,19
Europe\shard0_07223.jpg,outdoor,Europe,Europe,14,18
Europe\shard0_10502.jpg,outdoor,Europe,Europe,15,18
Europe\shard0_17313.jpg,outdoor,Europe,Europe,14,17
Europe\shard0_06675.jpg,outdoor,Europe,Europe,13,19
Europe\shard0_12430.jpg,outdoor,Europe,Europe,13,17
Europe\shard0_23525.jpg,outdoor,Europe,Europe,13,18
Europe\shard0_25025.jpg,outdoor,Europe,Europe,12,17
Europe\shard0_02293.jpg,outdoor,Europe,Europe,13,18
Europe\shard0_00214.jpg,outdoor,Europe,Europe,13,19
Europe\shard0_29966.jpg,outdoor,Europe,Europe,12,17
Europe\shard0_03096.jpg,outdoor,Europe,Europe,12,17
Europe\shard0_09021.jpg,outdoor,Europe,Europe,14,17
Europe\shard0_25641.jpg,outdoor,Europe,Europe,14,17
Europe\shard0_11166.jpg,outdoor,Europe,Europe,14,17
Europe\shard0_19126.jpg,outdoor,Europe,Europe,13,18
Europe\shard0_16006.jpg,outdoor,Europe,Europe,13,19
Europe\shard0_17769.jpg,outdoor,Europe,Europe,15,18
Europe\shard0_24757.jpg,outdoor,Europe,Europe,12,19
Europe\shard0_21331.jpg,outdoor,Europe,Europe,12,17
Europe\shard0_16884.jpg,outdoor,Europe,Europe,13,19
Europe\shard0_05355.jpg,outdoor,Europe,Europe,15,16
Europe\shard0_14092.jpg,outdoor,Europe,Europe,13,19
Europe\shard0_08043.jpg,outdoor,Europe,Europe,14,19
Europe\shard0_04754.jpg,outdoor,Europe,Europe,13,19
Europe\shard0_15087.jpg,outdoor,Europe,Europe,14,17
Europe\shard0_27624.jpg,outdoor,Europe,Europe,14,17
Europe\shard0_15204.jpg,outdoor,Europe,Europe,14,18
Europe\shard0_12356.jpg,outdoor,Europe,Europe,14,17
Europe\shard0_11897.jpg,outdoor,Europe,Europe,13,18
Europe\shard0_08604.jpg,outdoor,Europe,Europe,13,19
Europe\shard0_25508.jpg,outdoor,Europe,Europe,14,19
Europe\shard0_00705.jpg,outdoor,Europe,Europe,14,19
Europe\shard0_06111.jpg,outdoor,Europe,Europe,13,18
Europe\shard0_08865.jpg,outdoor,Europe,Europe,14,19
Europe\shard0_08509.jpg,outdoor,Europe,Europe,14,19
Europe\shard0_09015.jpg,outdoor,Europe,Europe,13,18
Europe\shard0_01635.jpg,outdoor,Europe,Europe,14,17
Europe\shard0_21029.jpg,outdoor,Europe,Europe,14,17
Europe\shard0_02179.jpg,outdoor,Europe,Europe,13,18
Europe\shard0_05526.jpg,outdoor,Europe,Europe,13,18
Europe\shard0_27139.jpg,outdoor,Europe,Europe,14,18
Europe\shard0_08645.jpg,outdoor,Europe,Europe,14,17
Europe\shard0_23156.jpg,outdoor,Europe,Europe,13,18
Europe\shard0_06918.jpg,outdoor,Europe,Europe,13,18
Europe\shard0_22553.jpg,outdoor,Europe,Europe,14,18
Europe\shard0_22460.jpg,outdoor,Europe,Europe,14,19
Europe\shard0_01730.jpg,outdoor,Europe,Europe,14,19
Europe\shard0_21229.jpg,outdoor,Europe,Europe,13,17
Europe\shard0_17666.jpg,outdoor,Europe,Europe,14,18
Europe\shard0_04460.jpg,outdoor,Europe,Europe,13,18
Europe\shard0_06682.jpg,outdoor,Europe,Europe,14,19
Europe\shard0_21761.jpg,outdoor,Europe,Europe,14,18
Europe\shard0_29786.jpg,outdoor,Europe,Europe,13,18
Europe\shard0_02765.jpg,outdoor,Europe,Europe,13,17
Europe\shard0_05334.jpg,outdoor,Europe,Europe,14,17
Europe\shard0_08108.jpg,outdoor,Europe,Europe,13,17
Europe\shard0_08443.jpg,outdoor,Europe,Europe,13,17
Europe\shard0_00696.jpg,outdoor,Europe,Europe,13,17
Europe\shard0_03493.jpg,outdoor,Europe,Europe,13,18
Europe\shard0_03135.jpg,outdoor,Europe,Europe,13,18
Europe\shard0_27744.jpg,outdoor,Europe,Europe,14,17
Europe\shard0_10906.jpg,outdoor,Europe,Europe,13,18
Europe\shard0_17939.jpg,outdoor,Europe,Europe,13,19
Europe\shard0_09051.jpg,outdoor,Europe,Europe,14,18
Europe\shard0_09258.jpg,outdoor,Europe,Europe,13,18
Europe\shard0_29551.jpg,outdoor,Europe,Europe,12,17
Europe\shard0_12569.jpg,outdoor,Europe,Europe,13,17
Europe\shard0_15468.jpg,outdoor,Europe,Europe,14,17
Europe\shard0_28231.jpg,outdoor,Europe,Europe,14,19
Europe\shard0_21717.jpg,outdoor,Europe,Europe,14,17
Europe\shard0_02098.jpg,outdoor,Europe,Europe,14,18
Europe\shard0_23220.jpg,outdoor,Europe,Europe,12,17
Europe\shard0_07059.jpg,outdoor,Europe,Europe,13,17
Europe\shard0_17662.jpg,outdoor,Europe,Europe,13,18
Europe\shard0_26871.jpg,outdoor,Europe,Europe,14,17
Europe\shard0_23970.jpg,outdoor,Europe,Europe,13,18
Europe\shard0_02824.jpg,outdoor,Europe,Europe,14,18
Europe\shard0_07488.jpg,outdoor,Europe,Europe,14,19
Europe\shard0_20211.jpg,outdoor,Europe,Europe,13,19
Europe\shard0_02197.jpg,outdoor,Europe,Europe,13,18
Europe\shard0_25266.jpg,outdoor,Europe,Europe,14,17
Europe\shard0_10446.jpg,outdoor,Europe,Europe,12,17
Europe\shard0_05450.jpg,outdoor,Europe,Europe,13,19
Europe\shard0_25016.jpg,outdoor,Europe,Europe,13,17
Europe\shard0_13625.jpg,outdoor,Europe,Europe,13,19
Europe\shard0_28368.jpg,outdoor,Europe,Europe,14,17
Europe\shard0_03588.jpg,outdoor,Europe,Europe,14,17
Europe\shard0_28924.jpg,outdoor,Europe,Europe,13,19
Europe\shard0_05679.jpg,outdoor,Europe,Europe,15,20
Europe\shard0_20432.jpg,outdoor,Europe,Europe,13,18
Europe\shard0_25492.jpg,outdoor,Europe,Europe,13,19
Europe\shard0_26999.jpg,outdoor,Europe,Europe,14,17
Europe\shard0_17277.jpg,outdoor,Europe,Europe,14,18
Europe\shard0_22351.jpg,outdoor,Europe,Europe,13,18
Europe\shard0_09018.jpg,outdoor,Europe,Europe,13,19
Europe\shard0_17747.jpg,outdoor,Europe,Europe,14,18
Europe\shard0_16873.jpg,outdoor,Europe,Europe,13,18
Europe\shard0_03638.jpg,outdoor,Europe,Europe,13,19
Europe\shard0_11299.jpg,outdoor,Europe,Europe,13,18
Europe\shard0_18401.jpg,outdoor,Europe,Europe,14,17
Europe\shard0_18152.jpg,outdoor,Europe,Europe,13,19
Europe\shard0_00047.jpg,outdoor,Europe,Europe,13,19
Europe\shard0_27207.jpg,outdoor,Europe,Europe,15,20
Europe\shard0_15992.jpg,outdoor,Europe,Europe,13,18
Europe\shard0_01225.jpg,outdoor,Europe,Europe,14,17
Europe\shard0_11094.jpg,outdoor,Europe,Europe,14,18
Europe\shard0_21332.jpg,outdoor,Europe,Europe,13,19
Europe\shard0_04680.jpg,outdoor,Europe,Europe,14,19
Europe\shard0_08111.jpg,outdoor,Europe,Europe,13,18
Europe\shard0_15730.jpg,outdoor,Europe,Europe,13,20
Europe\shard0_08406.jpg,outdoor,Europe,Europe,14,17
Europe\shard0_28829.jpg,outdoor,Europe,Europe,14,19
Europe\shard0_07486.jpg,outdoor,Europe,Europe,15,15
Europe\shard0_05409.jpg,outdoor,Europe,Europe,14,19
Europe\shard0_01609.jpg,outdoor,Europe,Europe,14,17
Europe\shard0_04847.jpg,outdoor,Europe,Europe,14,19
Europe\shard0_10497.jpg,outdoor,Europe,Europe,14,17
Europe\shard0_23797.jpg,outdoor,Europe,Europe,14,19
Europe\shard0_27775.jpg,outdoor,Europe,Europe,13,19
Europe\shard0_27910.jpg,outdoor,Europe,Europe,13,18
Europe\shard0_24941.jpg,outdoor,Europe,Europe,13,21
Europe\shard0_29500.jpg,outdoor,Europe,Europe,13,18
Europe\shard0_04714.jpg,outdoor,Europe,Europe,12,20
Europe\shard0_14121.jpg,outdoor,Europe,Europe,13,18
Europe\shard0_11827.jpg,outdoor,Europe,Europe,13,17
Europe\shard0_09644.jpg,outdoor,Europe,Europe,14,17
Europe\shard0_11352.jpg,outdoor,Europe,Europe,15,19
Europe\shard0_20476.jpg,outdoor,Europe,Europe,14,19
Europe\shard0_07234.jpg,outdoor,Europe,Europe,14,19
Europe\shard0_26617.jpg,outdoor,Europe,Europe,13,18
Europe\shard0_13461.jpg,outdoor,Europe,Europe,13,19
Europe\shard0_05268.jpg,outdoor,Europe,Europe,14,18
Europe\shard0_22233.jpg,outdoor,Europe,Europe,13,18
Europe\shard0_07331.jpg,outdoor,Europe,Europe,13,17
Europe\shard0_08770.jpg,outdoor,Europe,Europe,13,17
Europe\shard0_27353.jpg,outdoor,Europe,Europe,14,18
Europe\shard0_22763.jpg,outdoor,Europe,Europe,13,17
Europe\shard0_11447.jpg,outdoor,Europe,Europe,12,20
Europe\shard0_29382.jpg,outdoor,Europe,Europe,13,17
Europe\shard0_20942.jpg,outdoor,Europe,Europe,14,18
Europe\shard0_26148.jpg,outdoor,Europe,Europe,13,18
Europe\shard0_11914.jpg,outdoor,Europe,Europe,14,18
Europe\shard0_20644.jpg,outdoor,Europe,Europe,13,18
Europe\shard0_01510.jpg,outdoor,Europe,Europe,14,19
Europe\shard0_23127.jpg,outdoor,Europe,Europe,13,20
Europe\shard0_04048.jpg,outdoor,Europe,Europe,14,17
Europe\shard0_19332.jpg,outdoor,Europe,Europe,14,18
Europe\shard0_20396.jpg,outdoor,Europe,Europe,14,17
Europe\shard0_25020.jpg,outdoor,Europe,Europe,14,19
Europe\shard0_13481.jpg,outdoor,Europe,Europe,15,20
Europe\shard0_28736.jpg,outdoor,Europe,Europe,14,21
Europe\shard0_22551.jpg,outdoor,Europe,Europe,13,19
Europe\shard0_11156.jpg,outdoor,Europe,Europe,14,20
Europe\shard0_03965.jpg,outdoor,Europe,Europe,13,19
Europe\shard0_20119.jpg,outdoor,Europe,Europe,13,19
Europe\shard0_08306.jpg,outdoor,Europe,Europe,14,17
Europe\shard0_03651.jpg,outdoor,Europe,Europe,14,17
Europe\shard0_17617.jpg,outdoor,Europe,Europe,13,19
Europe\shard0_02761.jpg,outdoor,Europe,Europe,13,18
Europe\shard0_02114.jpg,outdoor,Europe,Europe,13,17
Europe\shard0_07690.jpg,outdoor,Europe,Europe,14,18
Europe\shard0_27660.jpg,outdoor,Europe,Europe,14,19
Europe\shard0_22739.jpg,outdoor,Europe,Europe,14,17
Europe\shard0_10131.jpg,outdoor,Europe,Europe,13,19
Europe\shard0_05762.jpg,outdoor,Europe,Europe,13,17
Europe\shard0_02600.jpg,outdoor,Europe,Europe,13,18
Europe\shard0_00115.jpg,outdoor,Europe,Europe,14,17
Europe\shard0_08952.jpg,outdoor,Europe,Europe,14,19
Europe\shard0_15532.jpg,outdoor,Europe,Europe,13,18
Europe\shard0_00157.jpg,outdoor,Europe,Europe,14,17
Europe\shard0_19762.jpg,outdoor,Europe,Europe,14,17
Europe\shard0_07529.jpg,outdoor,Europe,Europe,14,17
Europe\shard0_10482.jpg,outdoor,Europe,Europe,15,18
Europe\shard0_03774.jpg,outdoor,Europe,Europe,12,19
Europe\shard0_18574.jpg,outdoor,Europe,Europe,14,18
Europe\shard0_11208.jpg,outdoor,Europe,Europe,14,17
Europe\shard0_26554.jpg,outdoor,Europe,Europe,13,19
Europe\shard0_15574.jpg,outdoor,Europe,Europe,14,17
Europe\shard0_07660.jpg,outdoor,Europe,Europe,14,17
Europe\shard0_14105.jpg,outdoor,Europe,Europe,14,18
Europe\shard0_18566.jpg,outdoor,Europe,Europe,15,20
Europe\shard0_26404.jpg,outdoor,Europe,Europe,13,18
Europe\shard0_20631.jpg,outdoor,Europe,Europe,14,18
Europe\shard0_06609.jpg,outdoor,Europe,Europe,14,17
Europe\shard0_22376.jpg,outdoor,Europe,Europe,13,18
Europe\shard0_10490.jpg,outdoor,Europe,Europe,14,17
Europe\shard0_18403.jpg,outdoor,Europe,Europe,13,18
Europe\shard0_00091.jpg,outdoor,Europe,Europe,14,18
Europe\shard0_24042.jpg,outdoor,Europe,Europe,13,19
Europe\shard0_00228.jpg,outdoor,Europe,Europe,14,17
Europe\shard0_04099.jpg,outdoor,Europe,Europe,13,20
Europe\shard0_12200.jpg,outdoor,Europe,Europe,14,20
Europe\shard0_28610.jpg,outdoor,Europe,Europe,14,17
Europe\shard0_25410.jpg,outdoor,Europe,Europe,13,17
Europe\shard0_17643.jpg,outdoor,Europe,Europe,13,18
Europe\shard0_05769.jpg,outdoor,Europe,Europe,13,19
Europe\shard0_00877.jpg,outdoor,Europe,Europe,14,17
Europe\shard0_07739.jpg,outdoor,Europe,Europe,13,18
Europe\shard0_21123.jpg,outdoor,Europe,Europe,14,17
Europe\shard0_23660.jpg,outdoor,Europe,Europe,13,18
Europe\shard0_28246.jpg,outdoor,Europe,Europe,14,18
Europe\shard0_18731.jpg,outdoor,Europe,Europe,13,19
Europe\shard0_14553.jpg,outdoor,Europe,Europe,13,18
Europe\shard0_04822.jpg,outdoor,Europe,Europe,13,19
Europe\shard0_10006.jpg,outdoor,Europe,Europe,13,19
Europe\shard0_03808.jpg,outdoor,Europe,Europe,13,17
Europe\shard0_07111.jpg,outdoor,Europe,Europe,14,17
Europe\shard0_19733.jpg,outdoor,Europe,Europe,15,20
Europe\shard0_16084.jpg,outdoor,Europe,Europe,14,17
Europe\shard0_10162.jpg,outdoor,Europe,Europe,14,18
Europe\shard0_08756.jpg,outdoor,Europe,Europe,13,18
Europe\shard0_26543.jpg,outdoor,Europe,Europe,14,18
Europe\shard0_21048.jpg,outdoor,Europe,Europe,12,17
Europe\shard0_15485.jpg,outdoor,Europe,Europe,14,17
Europe\shard0_21275.jpg,outdoor,Europe,Europe,14,17
Europe\shard0_09130.jpg,outdoor,Europe,Europe,13,20
Europe\shard0_10846.jpg,outdoor,Europe,Europe,13,19
Europe\shard0_09600.jpg,outdoor,Europe,Europe,12,17
Europe\shard0_12393.jpg,outdoor,Europe,Europe,14,19
Europe\shard0_07341.jpg,outdoor,Europe,Europe,14,17
Europe\shard0_26781.jpg,outdoor,Europe,Europe,13,18
Europe\shard0_17731.jpg,outdoor,Europe,Europe,13,17
Europe\shard0_15079.jpg,outdoor,Europe,Europe,13,18
Europe\shard0_23068.jpg,outdoor,Europe,Europe,14,19
Europe\shard0_14837.jpg,outdoor,Europe,Europe,14,19
Europe\shard0_00975.jpg,outdoor,Europe,Europe,14,17
Europe\shard0_09226.jpg,outdoor,Europe,Europe,13,19
Europe\shard0_19484.jpg,outdoor,Europe,Europe,13,18
Europe\shard0_06212.jpg,outdoor,Europe,Europe,13,18
Europe\shard0_07041.jpg,outdoor,Europe,Europe,14,18
Europe\shard0_11650.jpg,outdoor,Europe,Europe,13,18
Europe\shard0_20792.jpg,outdoor,Europe,Europe,14,17
Europe\shard0_15177.jpg,outdoor,Europe,Europe,13,18
Europe\shard0_29194.jpg,outdoor,Europe,Europe,13,18
Europe\shard0_08580.jpg,outdoor,Europe,Europe,14,17
Europe\shard0_07860.jpg,outdoor,Europe,Europe,14,19
Europe\shard0_17878.jpg,outdoor,Europe,Europe,13,18
Europe\shard0_07566.jpg,outdoor,Europe,Europe,13,18
Europe\shard0_18891.jpg,outdoor,Europe,Europe,13,18
Europe\shard0_20626.jpg,outdoor,Europe,Europe,14,18
Europe\shard0_08665.jpg,outdoor,Europe,Europe,14,17
Europe\shard0_22118.jpg,outdoor,Europe,Europe,14,18
Europe\shard0_21697.jpg,outdoor,Europe,Europe,14,21
Europe\shard0_14290.jpg,outdoor,Europe,Europe,14,17
Europe\shard0_27416.jpg,outdoor,Europe,Europe,13,19
Europe\shard0_29277.jpg,outdoor,Europe,Europe,13,18
Europe\shard0_02550.jpg,outdoor,Europe,Europe,13,19
Europe\shard0_22396.jpg,outdoor,Europe,Europe,14,19
Europe\shard0_21974.jpg,outdoor,Europe,Europe,15,15
Europe\shard0_10358.jpg,outdoor,Europe,Europe,13,18
Europe\shard0_17117.jpg,outdoor,Europe,Europe,14,20
Europe\shard0_08848.jpg,outdoor,Europe,Europe,13,19
Europe\shard0_00269.jpg,outdoor,Europe,Europe,13,18
Europe\shard0_01158.jpg,outdoor,Europe,Europe,13,19
Europe\shard0_01187.jpg,outdoor,Europe,Europe,13,17
Europe\shard0_10727.jpg,outdoor,Europe,Europe,13,19
Europe\shard0_15300.jpg,outdoor,Europe,Europe,14,17
Europe\shard0_14407.jpg,outdoor,Europe,Europe,14,19
Europe\shard0_11152.jpg,outdoor,Europe,Europe,14,17
Europe\shard0_29793.jpg,outdoor,Europe,Europe,14,17
Europe\shard0_13052.jpg,outdoor,Europe,Europe,13,17
Europe\shard0_02609.jpg,outdoor,Europe,Europe,14,17
Europe\shard0_15583.jpg,outdoor,Europe,Europe,14,19
Europe\shard0_26206.jpg,outdoor,Europe,Europe,13,17
Europe\shard0_26731.jpg,outdoor,Europe,Europe,13,19
Europe\shard0_27164.jpg,outdoor,Europe,Europe,14,18
Europe\shard0_20282.jpg,outdoor,Europe,Europe,14,17
Europe\shard0_18748.jpg,outdoor,Europe,Europe,14,19
Europe\shard0_00932.jpg,outdoor,Europe,Europe,14,17
Europe\shard0_03080.jpg,outdoor,Europe,Europe,14,18
Europe\shard0_05386.jpg,outdoor,Europe,Europe,13,18
Europe\shard0_04000.jpg,outdoor,Europe,Europe,13,18
Europe\shard0_10823.jpg,outdoor,Europe,Europe,13,19
Europe\shard0_03841.jpg,outdoor,Europe,Europe,14,17
Europe\shard0_03200.jpg,outdoor,Europe,Europe,13,19
Europe\shard0_19204.jpg,outdoor,Europe,Europe,13,17
Europe\shard0_28643.jpg,outdoor,Europe,Europe,13,18
Europe\shard0_00991.jpg,outdoor,Europe,Europe,13,19
Europe\shard0_06281.jpg,outdoor,Europe,Europe,14,17
Europe\shard0_03550.jpg,outdoor,Europe,Europe,13,19
Europe\shard0_19029.jpg,outdoor,Europe,Europe,13,18
Europe\shard0_06864.jpg,outdoor,Europe,Europe,14,17
Europe\shard0_29376.jpg,outdoor,Europe,Europe,13,18
Europe\shard0_16239.jpg,outdoor,Europe,Europe,13,18
Europe\shard0_17314.jpg,outdoor,Europe,Europe,13,18
Europe\shard0_25504.jpg,outdoor,Europe,Europe,14,17
Europe\shard0_26555.jpg,outdoor,Europe,Europe,13,17
Europe\shard0_06355.jpg,outdoor,Europe,Europe,13,18
Europe\shard0_10729.jpg,outdoor,Europe,Europe,14,17
Europe\shard0_15141.jpg,outdoor,Europe,Europe,14,19
Europe\shard0_28666.jpg,outdoor,Europe,Europe,13,18
Europe\shard0_07100.jpg,outdoor,Europe,Europe,13,18
Europe\shard0_23216.jpg,outdoor,Europe,Europe,13,19
Europe\shard0_05397.jpg,outdoor,Europe,Europe,14,17
Europe\shard0_19899.jpg,outdoor,Europe,Europe,13,17
Europe\shard0_18130.jpg,outdoor,Europe,Europe,14,18
Europe\shard0_10921.jpg,outdoor,Europe,Europe,13,19
Europe\shard0_09030.jpg,outdoor,Europe,Europe,13,18
Europe\shard0_15651.jpg,outdoor,Europe,Europe,14,17
Europe\shard0_14762.jpg,outdoor,Europe,Europe,13,18
Europe\shard0_11141.jpg,outdoor,Europe,Europe,12,17
Europe\shard0_22915.jpg,outdoor,Europe,Europe,13,18
Europe\shard0_15611.jpg,outdoor,Europe,Europe,14,17
Europe\shard0_26248.jpg,outdoor,Europe,Europe,12,17
Europe\shard0_00104.jpg,outdoor,Europe,Europe,14,19
Europe\shard0_17522.jpg,outdoor,Europe,Europe,14,17
Europe\shard0_29052.jpg,outdoor,Europe,Europe,14,18
Europe\shard0_04329.jpg,outdoor,Europe,Europe,14,17
Europe\shard0_00480.jpg,outdoor,Europe,Europe,13,18
Europe\shard0_20311.jpg,outdoor,Europe,Europe,13,19
Europe\shard0_21900.jpg,outdoor,Europe,Europe,13,18
Europe\shard0_10669.jpg,outdoor,Europe,Europe,14,19
Europe\shard0_28453.jpg,outdoor,Europe,Europe,13,19
Europe\shard0_06096.jpg,outdoor,Europe,Europe,13,19
Europe\shard0_14643.jpg,outdoor,Europe,Europe,13,18
Europe\shard0_02360.jpg,outdoor,Europe,Europe,14,17
Europe\shard0_05618.jpg,outdoor,Europe,Europe,14,18
Europe\shard0_26624.jpg,outdoor,Europe,Europe,14,18
Europe\shard0_19518.jpg,outdoor,Europe,Europe,13,17
Europe\shard0_20032.jpg,outdoor,Europe,Europe,14,17
Europe\shard0_22965.jpg,outdoor,Europe,Europe,13,19
Europe\shard0_13715.jpg,outdoor,Europe,Europe,13,17
Europe\shard0_13483.jpg,outdoor,Europe,Europe,13,17
Europe\shard0_19858.jpg,outdoor,Europe,Europe,14,17
Europe\shard0_03197.jpg,outdoor,Europe,Europe,14,18
Europe\shard0_21103.jpg,outdoor,Europe,Europe,13,17
Europe\shard0_03740.jpg,outdoor,Europe,Europe,13,19
Europe\shard0_16136.jpg,outdoor,Europe,Europe,13,18
Europe\shard0_21813.jpg,outdoor,Europe,Europe,14,17
Europe\shard0_03201.jpg,outdoor,Europe,Europe,14,17
Europe\shard0_03287.jpg,outdoor,Europe,Europe,14,19
Europe\shard0_21038.jpg,outdoor,Europe,Europe,14,17
Europe\shard0_23965.jpg,outdoor,Europe,Europe,13,19
Europe\shard0_04934.jpg,outdoor,Europe,Europe,13,19
Europe\shard0_04893.jpg,outdoor,Europe,Europe,13,18
Europe\shard0_19643.jpg,outdoor,Europe,Europe,13,17
Europe\shard0_29143.jpg,outdoor,Europe,Europe,13,19
Europe\shard0_11178.jpg,outdoor,Europe,Europe,14,17
Europe\shard0_23026.jpg,outdoor,Europe,Europe,13,18
Europe\shard0_22814.jpg,outdoor,Europe,Europe,14,17
Europe\shard0_18322.jpg,outdoor,Europe,Europe,12,19
Europe\shard0_19008.jpg,outdoor,Europe,Europe,14,20
Europe\shard0_10802.jpg,outdoor,Europe,Europe,14,17
Europe\shard0_06505.jpg,outdoor,Europe,Europe,14,21
Europe\shard0_25631.jpg,outdoor,Europe,Europe,14,18
Europe\shard0_01758.jpg,outdoor,Europe,Europe,14,18
Europe\shard0_08449.jpg,outdoor,Europe,Europe,13,18
Europe\shard0_01647.jpg,outdoor,Europe,Europe,14,19
Europe\shard0_04881.jpg,outdoor,Europe,Europe,14,19
Europe\shard0_10735.jpg,outdoor,Europe,Europe,14,19
Europe\shard0_12849.jpg,outdoor,Europe,Europe,14,18
Europe\shard0_28061.jpg,outdoor,Europe,Europe,13,18
Europe\shard0_17288.jpg,outdoor,Europe,Europe,14,19
Europe\shard0_00389.jpg,outdoor,Europe,Europe,14,18
Europe\shard0_29834.jpg,outdoor,Europe,Europe,13,20
Europe\shard0_22464.jpg,outdoor,Europe,Europe,14,19
Europe\shard0_06215.jpg,outdoor,Europe,Europe,13,17
Europe\shard0_29171.jpg,outdoor,Europe,Europe,13,17
Europe\shard0_22167.jpg,outdoor,Europe,Europe,14,18
Europe\shard0_00533.jpg,outdoor,Europe,Europe,13,18
Europe\shard0_23359.jpg,outdoor,Europe,Europe,14,18
Europe\shard0_16956.jpg,outdoor,Europe,Europe,13,19
Europe\shard0_05215.jpg,outdoor,Europe,Europe,14,18
Europe\shard0_27081.jpg,outdoor,Europe,Europe,13,19
Europe\shard0_16393.jpg,outdoor,Europe,Europe,14,19
Europe\shard0_13833.jpg,outdoor,Europe,Europe,14,18
Europe\shard0_28662.jpg,outdoor,Europe,Europe,14,17
Europe\shard0_18998.jpg,outdoor,Europe,Europe,14,17
Europe\shard0_07740.jpg,outdoor,Europe,Europe,14,17
Europe\shard0_08804.jpg,outdoor,Europe,Europe,14,17
Europe\shard0_09748.jpg,outdoor,Europe,Europe,12,19
Europe\shard0_24627.jpg,outdoor,Europe,Europe,14,19
Europe\shard0_03195.jpg,outdoor,Europe,Europe,13,18
Europe\shard0_08194.jpg,outdoor,Europe,Europe,13,18
Europe\shard0_29330.jpg,outdoor,Europe,Europe,13,19
Europe\shard0_01804.jpg,outdoor,Europe,Europe,13,17
Europe\shard0_07826.jpg,outdoor,Europe,Europe,13,18
Europe\shard0_24130.jpg,outdoor,Europe,Europe,14,17
Europe\shard0_03164.jpg,outdoor,Europe,Europe,13,19
Europe\shard0_12317.jpg,outdoor,Europe,Europe,13,18
Europe\shard0_04228.jpg,outdoor,Europe,Europe,14,17
Europe\shard0_00567.jpg,outdoor,Europe,Europe,14,17
Europe\shard0_05336.jpg,outdoor,Europe,Europe,13,18
Europe\shard0_21440.jpg,outdoor,Europe,Europe,14,18
Europe\shard0_11044.jpg,outdoor,Europe,Europe,13,17
Europe\shard0_08363.jpg,outdoor,Europe,Europe,14,26
Europe\shard0_18597.jpg,outdoor,Europe,Europe,14,18
Europe\shard0_11292.jpg,outdoor,Europe,Europe,15,18
Europe\shard0_16776.jpg,outdoor,Europe,Europe,14,18
Europe\shard0_17819.jpg,outdoor,Europe,Europe,13,18
Europe\shard0_19241.jpg,outdoor,Europe,Europe,13,19
Europe\shard0_03946.jpg,outdoor,Europe,Europe,13,19
Europe\shard0_17882.jpg,outdoor,Europe,Europe,14,18
Europe\shard0_20918.jpg,outdoor,Europe,Europe,13,20
Europe\shard0_02185.jpg,outdoor,Europe,Europe,14,17
Europe\shard0_25278.jpg,outdoor,Europe,Europe,12,17
Europe\shard0_05867.jpg,outdoor,Europe,Europe,13,18
Europe\shard0_21393.jpg,outdoor,Europe,Europe,12,17
Europe\shard0_05082.jpg,outdoor,Europe,Europe,13,20
Europe\shard0_05597.jpg,outdoor,Europe,Europe,13,19
Europe\shard0_29905.jpg,outdoor,Europe,Europe,13,18
Europe\shard0_05807.jpg,outdoor,Europe,Europe,14,18
Europe\shard0_23429.jpg,outdoor,Europe,Europe,14,18
Europe\shard0_25984.jpg,outdoor,Europe,Europe,14,18
Europe\shard0_17763.jpg,outdoor,Europe,Europe,14,19
Europe\shard0_17319.jpg,outdoor,Europe,Europe,14,18
Europe\shard0_19778.jpg,outdoor,Europe,Europe,13,19
Europe\shard0_13101.jpg,outdoor,Europe,Europe,14,20
Europe\shard0_03851.jpg,outdoor,Europe,Europe,14,19
Europe\shard0_28051.jpg,outdoor,Europe,Europe,14,17
Europe\shard0_09913.jpg,outdoor,Europe,Europe,14,17
Europe\shard0_26576.jpg,outdoor,Europe,Europe,13,18
Europe\shard0_05068.jpg,outdoor,Europe,Europe,14,18
Europe\shard0_24460.jpg,outdoor,Europe,Europe,13,18
Europe\shard0_01064.jpg,outdoor,Europe,Europe,12,17
Europe\shard0_02606.jpg,outdoor,Europe,Europe,14,18
Europe\shard0_25629.jpg,outdoor,Europe,Europe,13,18
Europe\shard0_10105.jpg,outdoor,Europe,Europe,14,18
Europe\shard0_25391.jpg,outdoor,Europe,Europe,13,19
Europe\shard0_11926.jpg,outdoor,Europe,Europe,13,19
Europe\shard0_02337.jpg,outdoor,Europe,Europe,13,19
Europe\shard0_27089.jpg,outdoor,Europe,Europe,14,17
Europe\shard0_11203.jpg,outdoor,Europe,Europe,13,18
Europe\shard0_09882.jpg,outdoor,Europe,Europe,14,18
Europe\shard0_26154.jpg,outdoor,Europe,Europe,14,17
Europe\shard0_13868.jpg,outdoor,Europe,Europe,13,19
Europe\shard0_29473.jpg,outdoor,Europe,Europe,14,18
Europe\shard0_25551.jpg,outdoor,Europe,Europe,12,17
Europe\shard0_28700.jpg,outdoor,Europe,Europe,14,17
Europe\shard0_25883.jpg,outdoor,Europe,Europe,13,18
Europe\shard0_10438.jpg,outdoor,Europe,Europe,13,18
Europe\shard0_24994.jpg,outdoor,Europe,Europe,14,20
Europe\shard0_02709.jpg,outdoor,Europe,Europe,13,19
Europe\shard0_12421.jpg,outdoor,Europe,Europe,13,18
Europe\shard0_20316.jpg,outdoor,Europe,Europe,13,18
Europe\shard0_11857.jpg,outdoor,Europe,Europe,14,18
Europe\shard0_10638.jpg,outdoor,Europe,Europe,14,17
Europe\shard0_17494.jpg,outdoor,Europe,Europe,15,15
Europe\shard0_26097.jpg,outdoor,Europe,Europe,14,19
Europe\shard0_14908.jpg,outdoor,Europe,Europe,13,18
Europe\shard0_18819.jpg,outdoor,Europe,Europe,14,17
Europe\shard0_13613.jpg,outdoor,Europe,Europe,13,20
Europe\shard0_14513.jpg,outdoor,Europe,Europe,14,20
Europe\shard0_29438.jpg,outdoor,Europe,Europe,15,20
Europe\shard0_29893.jpg,outdoor,Europe,Europe,14,17
Europe\shard0_06315.jpg,outdoor,Europe,Europe,14,20
Europe\shard0_15628.jpg,outdoor,Europe,Europe,13,18
Europe\shard0_17379.jpg,outdoor,Europe,Europe,13,19
Europe\shard0_24753.jpg,outdoor,Europe,Europe,14,17
Europe\shard0_21688.jpg,outdoor,Europe,Europe,15,19
Europe\shard0_22346.jpg,outdoor,Europe,Europe,13,19
Europe\shard0_13537.jpg,outdoor,Europe,Europe,13,18
Europe\shard0_02394.jpg,outdoor,Europe,Europe,13,18
Europe\shard0_11032.jpg,outdoor,Europe,Europe,13,19
Europe\shard0_13842.jpg,outdoor,Europe,Europe,13,19
Europe\shard0_05798.jpg,outdoor,Europe,Europe,12,17
Europe\shard0_22098.jpg,outdoor,Europe,Europe,13,19
Europe\shard0_26084.jpg,outdoor,Europe,Europe,15,16
Europe\shard0_13265.jpg,outdoor,Europe,Europe,15,20
Europe\shard0_26290.jpg,outdoor,Europe,Europe,14,17
Europe\shard0_14542.jpg,outdoor,Europe,Europe,13,19
Europe\shard0_13349.jpg,outdoor,Europe,Europe,15,20
Europe\shard0_08600.jpg,outdoor,Europe,Europe,14,26
Europe\shard0_11560.jpg,outdoor,Europe,Europe,14,19
Europe\shard0_28833.jpg,outdoor,Europe,Europe,12,17
Europe\shard0_08327.jpg,outdoor,Europe,Europe,13,18
Europe\shard0_25155.jpg,outdoor,Europe,Europe,13,18
Europe\shard0_09925.jpg,outdoor,Europe,Europe,14,17
Europe\shard0_20746.jpg,outdoor,Europe,Europe,14,17
Europe\shard0_14508.jpg,outdoor,Europe,Europe,13,19
Europe\shard0_02322.jpg,outdoor,Europe,Europe,14,17
Europe\shard0_11957.jpg,outdoor,Europe,Europe,12,17
Europe\shard0_13466.jpg,outdoor,Europe,Europe,15,15
Europe\shard0_13640.jpg,outdoor,Europe,Europe,12,18
Europe\shard0_15729.jpg,outdoor,Europe,Europe,14,19
Europe\shard0_24134.jpg,outdoor,Europe,Europe,14,18
Europe\shard0_19147.jpg,outdoor,Europe,Europe,14,19
Europe\shard0_27160.jpg,outdoor,Europe,Europe,13,18
Europe\shard0_14329.jpg,outdoor,Europe,Europe,14,17
Europe\shard0_22568.jpg,outdoor,Europe,Europe,13,19
Europe\shard0_10401.jpg,outdoor,Europe,Europe,13,18
Europe\shard0_29002.jpg,outdoor,Europe,Europe,14,17
Europe\shard0_21130.jpg,outdoor,Europe,Europe,15,20
Europe\shard0_01356.jpg,outdoor,Europe,Europe,14,18
Europe\shard0_10433.jpg,outdoor,Europe,Europe,14,19
Europe\shard0_20789.jpg,outdoor,Europe,Europe,14,17
Europe\shard0_09254.jpg,outdoor,Europe,Europe,14,18
Europe\shard0_28238.jpg,outdoor,Europe,Europe,14,18
Europe\shard0_15636.jpg,outdoor,Europe,Europe,14,17
Europe\shard0_23209.jpg,outdoor,Europe,Europe,14,17
Europe\shard0_13666.jpg,outdoor,Europe,Europe,13,17
Europe\shard0_19274.jpg,outdoor,Europe,Europe,13,18
Europe\shard0_00334.jpg,outdoor,Europe,Europe,14,19
Europe\shard0_13350.jpg,outdoor,Europe,Europe,12,17
Europe\shard0_15354.jpg,outdoor,Europe,Europe,14,18
Europe\shard0_21504.jpg,outdoor,Europe,Europe,14,18
Europe\shard0_11825.jpg,outdoor,Europe,Europe,14,17
Europe\shard0_08456.jpg,outdoor,Europe,Europe,14,17
Europe\shard0_15445.jpg,outdoor,Europe,Europe,14,19
Europe\shard0_22768.jpg,outdoor,Europe,Europe,14,18
Europe\shard0_17189.jpg,outdoor,Europe,Europe,15,18
Europe\shard0_29417.jpg,outdoor,Europe,Europe,14,18
Europe\shard0_03700.jpg,outdoor,Europe,Europe,13,18
Europe\shard0_13850.jpg,outdoor,Europe,Europe,14,18
Europe\shard0_11215.jpg,outdoor,Europe,Europe,13,17
Europe\shard0_28636.jpg,outdoor,Europe,Europe,13,19
Europe\shard0_17363.jpg,outdoor,Europe,Europe,13,17
Europe\shard0_17372.jpg,outdoor,Europe,Europe,13,20
Europe\shard0_10152.jpg,outdoor,Europe,Europe,13,18
Europe\shard0_29806.jpg,outdoor,Europe,Europe,14,17
Europe\shard0_27608.jpg,outdoor,Europe,Europe,13,19
Europe\shard0_22134.jpg,outdoor,Europe,Europe,14,17
Europe\shard0_22730.jpg,outdoor,Europe,Europe,13,18
Europe\shard0_17870.jpg,outdoor,Europe,Europe,13,17
Europe\shard0_20079.jpg,outdoor,Europe,Europe,13,17
Europe\shard0_21446.jpg,outdoor,Europe,Europe,14,18
Europe\shard0_21065.jpg,outdoor,Europe,Europe,12,17
Europe\shard0_13841.jpg,outdoor,Europe,Europe,13,19
Europe\shard0_23566.jpg,outdoor,Europe,Europe,14,19
Europe\shard0_11564.jpg,outdoor,Europe,Europe,14,17
Europe\shard0_15544.jpg,outdoor,Europe,Europe,13,17
Europe\shard0_27672.jpg,outdoor,Europe,Europe,14,17
Europe\shard0_13158.jpg,outdoor,Europe,Europe,14,18
Europe\shard0_27936.jpg,outdoor,Europe,Europe,13,17
Europe\shard0_06733.jpg,outdoor,Europe,Europe,15,20
Europe\shard0_13723.jpg,outdoor,Europe,Europe,14,33
Europe\shard0_17623.jpg,outdoor,Europe,Europe,13,18
Europe\shard0_04760.jpg,outdoor,Europe,Europe,13,17
Europe\shard0_28830.jpg,outdoor,Europe,Europe,13,17
Europe\shard0_21565.jpg,outdoor,Europe,Europe,13,18
Europe\shard0_22808.jpg,outdoor,Europe,Europe,14,17
Europe\shard0_29381.jpg,outdoor,Europe,Europe,13,18
Europe\shard0_00602.jpg,outdoor,Europe,Europe,12,20
Europe\shard0_03614.jpg,outdoor,Europe,Europe,13,18
Europe\shard0_05190.jpg,outdoor,Europe,Europe,14,18
Europe\shard0_10084.jpg,outdoor,Europe,Europe,14,17
Europe\shard0_22483.jpg,outdoor,Europe,Europe,15,19
Europe\shard0_21090.jpg,outdoor,Europe,Europe,13,17
Europe\shard0_19876.jpg,outdoor,Europe,Europe,13,19
Europe\shard0_05536.jpg,outdoor,Europe,Europe,15,20
Europe\shard0_00698.jpg,outdoor,Europe,Europe,14,19
Europe\shard0_17135.jpg,outdoor,Europe,Europe,13,18
Europe\shard0_11774.jpg,outdoor,Europe,Europe,14,17
Europe\shard0_28267.jpg,outdoor,Europe,Europe,12,17
Europe\shard0_01844.jpg,outdoor,Europe,Europe,12,17
Europe\shard0_03791.jpg,outdoor,Europe,Europe,14,17
Europe\shard0_00791.jpg,outdoor,Europe,Europe,14,19
Europe\shard0_07837.jpg,outdoor,Europe,Europe,14,18
Europe\shard0_03558.jpg,outdoor,Europe,Europe,14,19
Europe\shard0_22734.jpg,outdoor,Europe,Europe,13,17
Europe\shard0_09208.jpg,outdoor,Europe,Europe,14,18
Europe\shard0_18306.jpg,outdoor,Europe,Europe,14,17
Europe\shard0_06991.jpg,outdoor,Europe,Europe,14,17
Europe\shard0_26123.jpg,outdoor,Europe,Europe,13,18
Europe\shard0_09091.jpg,outdoor,Europe,Europe,13,18
Europe\shard0_04837.jpg,outdoor,Europe,Europe,14,17
Europe\shard0_15893.jpg,outdoor,Europe,Europe,13,18
Europe\shard0_21893.jpg,outdoor,Europe,Europe,13,17
Europe\shard0_16947.jpg,outdoor,Europe,Europe,13,17
Europe\shard0_05001.jpg,outdoor,Europe,Europe,14,21
Europe\shard0_23003.jpg,outdoor,Europe,Europe,13,18
Europe\shard0_15849.jpg,outdoor,Europe,Europe,13,20
Europe\shard0_24246.jpg,outdoor,Europe,Europe,12,17
Europe\shard0_18068.jpg,outdoor,Europe,Europe,14,18
Europe\shard0_15375.jpg,outdoor,Europe,Europe,13,17
Europe\shard0_01135.jpg,outdoor,Europe,Europe,13,18
Europe\shard0_10545.jpg,outdoor,Europe,Europe,14,17
Europe\shard0_29507.jpg,outdoor,Europe,Europe,14,18
Europe\shard0_19829.jpg,outdoor,Europe,Europe,13,20
Europe\shard0_28754.jpg,outdoor,Europe,Europe,14,17
Europe\shard0_01072.jpg,outdoor,Europe,Europe,13,17
Europe\shard0_08189.jpg,outdoor,Europe,Europe,14,18
Europe\shard0_15430.jpg,outdoor,Europe,Europe,14,18
Europe\shard0_29913.jpg,outdoor,Europe,Europe,13,18
Europe\shard0_10522.jpg,outdoor,Europe,Europe,14,18
Europe\shard0_13888.jpg,outdoor,Europe,Europe,14,20
Europe\shard0_04286.jpg,outdoor,Europe,Europe,12,17
Europe\shard0_22191.jpg,outdoor,Europe,Europe,13,18
Europe\shard0_20873.jpg,outdoor,Europe,Europe,14,19
Europe\shard0_16454.jpg,outdoor,Europe,Europe,14,18
Europe\shard0_21452.jpg,outdoor,Europe,Europe,14,19
Europe\shard0_09740.jpg,outdoor,Europe,Europe,14,18
Europe\shard0_12453.jpg,outdoor,Europe,Europe,15,20
Europe\shard0_25837.jpg,outdoor,Europe,Europe,14,17
Europe\shard0_20279.jpg,outdoor,Europe,Europe,13,17
Europe\shard0_28584.jpg,outdoor,Europe,Europe,14,17
Europe\shard0_23697.jpg,outdoor,Europe,Europe,14,20
Europe\shard0_19908.jpg,outdoor,Europe,Europe,14,19
Europe\shard0_22110.jpg,outdoor,Europe,Europe,13,18
Europe\shard0_02436.jpg,outdoor,Europe,Europe,13,18
Europe\shard0_25134.jpg,outdoor,Europe,Europe,14,17
Europe\shard0_13363.jpg,outdoor,Europe,Europe,14,18
Europe\shard0_11936.jpg,outdoor,Europe,Europe,13,17
Europe\shard0_19752.jpg,outdoor,Europe,Europe,13,18
Europe\shard0_22103.jpg,outdoor,Europe,Europe,14,19
Europe\shard0_06883.jpg,outdoor,Europe,Europe,13,18
Europe\shard0_27146.jpg,outdoor,Europe,Europe,14,18
Europe\shard0_21364.jpg,outdoor,Europe,Europe,14,17
Europe\shard0_18687.jpg,outdoor,Europe,Europe,14,18
Europe\shard0_20810.jpg,outdoor,Europe,Europe,14,18
Europe\shard0_27827.jpg,outdoor,Europe,Europe,14,17
Europe\shard0_08599.jpg,outdoor,Europe,Europe,13,17
Europe\shard0_05347.jpg,outdoor,Europe,Europe,13,18
Europe\shard0_29125.jpg,outdoor,Europe,Europe,13,19
Europe\shard0_22518.jpg,outdoor,Europe,Europe,14,17
Europe\shard0_09587.jpg,outdoor,Europe,Europe,13,18
Europe\shard0_03724.jpg,outdoor,Europe,Europe,13,19
Europe\shard0_09675.jpg,outdoor,Europe,Europe,14,17
Europe\shard0_05947.jpg,outdoor,Europe,Europe,13,17
Europe\shard0_26704.jpg,outdoor,Europe,Europe,13,19
Europe\shard0_29844.jpg,outdoor,Europe,Europe,14,17
Europe\shard0_29026.jpg,outdoor,Europe,Europe,15,19
Europe\shard0_04466.jpg,outdoor,Europe,Europe,14,19
Europe\shard0_16966.jpg,outdoor,Europe,Europe,12,19
Europe\shard0_14982.jpg,outdoor,Europe,Europe,12,17
Europe\shard0_17000.jpg,outdoor,Europe,Europe,13,18
Europe\shard0_25905.jpg,outdoor,Europe,Europe,12,17
Europe\shard0_19549.jpg,outdoor,Europe,Europe,13,18
Europe\shard0_10808.jpg,outdoor,Europe,Europe,14,18
Europe\shard0_01621.jpg,outdoor,Europe,Europe,13,19
Europe\shard0_28577.jpg,outdoor,Europe,Europe,13,18
Europe\shard0_02223.jpg,outdoor,Europe,Europe,13,18
Europe\shard0_04892.jpg,outdoor,Europe,Europe,13,19
Europe\shard0_00551.jpg,outdoor,Europe,Europe,13,18
Europe\shard0_05889.jpg,outdoor,Europe,Europe,13,20
Europe\shard0_20966.jpg,outdoor,Europe,Europe,13,19
Europe\shard0_11520.jpg,outdoor,Europe,Europe,13,18
Europe\shard0_08047.jpg,outdoor,Europe,Europe,14,17
Europe\shard0_04779.jpg,outdoor,Europe,Europe,13,19
Europe\shard0_23853.jpg,outdoor,Europe,Europe,12,17
Europe\shard0_11531.jpg,outdoor,Europe,Europe,14,17
Europe\shard0_06907.jpg,outdoor,Europe,Europe,12,20
Europe\shard0_01937.jpg,outdoor,Europe,Europe,13,18
Europe\shard0_10205.jpg,outdoor,Europe,Europe,13,18
Europe\shard0_29366.jpg,outdoor,Europe,Europe,14,19
Europe\shard0_24660.jpg,outdoor,Europe,Europe,13,18
Europe\shard0_02865.jpg,outdoor,Europe,Europe,14,17
Europe\shard0_21840.jpg,outdoor,Europe,Europe,13,18
Europe\shard0_16185.jpg,outdoor,Europe,Europe,14,17
Europe\shard0_05910.jpg,outdoor,Europe,Europe,13,18
Europe\shard0_21223.jpg,outdoor,Europe,Europe,14,19
Europe\shard0_06006.jpg,outdoor,Europe,Europe,14,17
Europe\shard0_27134.jpg,outdoor,Europe,Europe,14,17
Europe\shard0_12090.jpg,outdoor,Europe,Europe,13,17
Europe\shard0_28483.jpg,outdoor,Europe,Europe,13,19
Europe\shard0_11949.jpg,outdoor,Europe,Europe,14,17
Europe\shard0_24133.jpg,outdoor,Europe,Europe,14,17
Europe\shard0_00407.jpg,outdoor,Europe,Europe,14,19
Europe\shard0_06903.jpg,outdoor,Europe,Europe,14,20
Europe\shard0_21087.jpg,outdoor,Europe,Europe,14,17
Europe\shard0_05382.jpg,outdoor,Europe,Europe,14,17
Europe\shard0_16959.jpg,outdoor,Europe,Europe,14,19
Europe\shard0_16614.jpg,outdoor,Europe,Europe,13,17
Europe\shard0_12348.jpg,outdoor,Europe,Europe,14,17
Europe\shard0_07894.jpg,outdoor,Europe,Europe,13,19
Europe\shard0_01328.jpg,outdoor,Europe,Europe,14,17
Europe\shard0_21125.jpg,outdoor,Europe,Europe,14,17
Europe\shard0_25705.jpg,outdoor,Europe,Europe,14,17
Europe\shard0_10411.jpg,outdoor,Europe,Europe,14,18
Europe\shard0_11749.jpg,outdoor,Europe,Europe,13,17
Europe\shard0_02875.jpg,outdoor,Europe,Europe,13,18
Europe\shard0_03017.jpg,outdoor,Europe,Europe,13,17
Europe\shard0_29880.jpg,outdoor,Europe,Europe,13,19
Europe\shard0_29807.jpg,outdoor,Europe,Europe,13,17
Europe\shard0_16892.jpg,outdoor,Europe,Europe,13,19
Europe\shard0_01205.jpg,outdoor,Europe,Europe,13,19
Europe\shard0_05093.jpg,outdoor,Europe,Europe,14,18
Europe\shard0_16689.jpg,outdoor,Europe,Europe,13,19
Europe\shard0_13252.jpg,outdoor,Europe,Europe,13,18
Europe\shard0_29842.jpg,outdoor,Europe,Europe,13,18
Europe\shard0_29123.jpg,outdoor,Europe,Europe,13,18
Europe\shard0_27271.jpg,outdoor,Europe,Europe,12,17
Europe\shard0_07047.jpg,outdoor,Europe,Europe,14,17
Europe\shard0_18746.jpg,outdoor,Europe,Europe,14,17
Europe\shard0_12966.jpg,outdoor,Europe,Europe,14,17
Europe\shard0_21128.jpg,outdoor,Europe,Europe,14,17
Europe\shard0_08233.jpg,outdoor,Europe,Europe,14,17
Europe\shard0_25385.jpg,outdoor,Europe,Europe,13,17
Europe\shard0_12077.jpg,outdoor,Europe,Europe,13,17
Europe\shard0_00258.jpg,outdoor,Europe,Europe,12,17
Europe\shard0_18278.jpg,outdoor,Europe,Europe,14,18
Europe\shard0_10271.jpg,outdoor,Europe,Europe,14,17
Europe\shard0_16106.jpg,outdoor,Europe,Europe,13,18
Europe\shard0_05029.jpg,outdoor,Europe,Europe,13,19
Europe\shard0_06538.jpg,outdoor,Europe,Europe,14,17
Europe\shard0_10515.jpg,outdoor,Europe,Europe,14,18
Europe\shard0_23503.jpg,outdoor,Europe,Europe,14,18
Europe\shard0_15596.jpg,outdoor,Europe,Europe,12,17
Europe\shard0_18262.jpg,outdoor,Europe,Europe,14,17
Europe\shard0_08638.jpg,outdoor,Europe,Europe,13,19
Europe\shard0_28688.jpg,outdoor,Europe,Europe,14,19
Europe\shard0_06658.jpg,outdoor,Europe,Europe,14,18
Europe\shard0_04343.jpg,outdoor,Europe,Europe,13,17
Europe\shard0_22556.jpg,outdoor,Europe,Europe,14,18
Europe\shard0_25454.jpg,outdoor,Europe,Europe,12,17
Europe\shard0_13271.jpg,outdoor,Europe,Europe,14,18
Europe\shard0_06393.jpg,outdoor,Europe,Europe,14,17
Europe\shard0_18343.jpg,outdoor,Europe,Europe,14,17
Europe\shard0_07485.jpg,outdoor,Europe,Europe,14,17
Europe\shard0_22381.jpg,outdoor,Europe,Europe,13,17
Europe\shard0_20203.jpg,outdoor,Europe,Europe,13,17
Europe\shard0_06324.jpg,outdoor,Europe,Europe,14,17
Europe\shard0_03847.jpg,outdoor,Europe,Europe,13,18
Europe\shard0_19773.jpg,outdoor,Europe,Europe,13,19
Europe\shard0_21301.jpg,outdoor,Europe,Europe,13,19
Europe\shard0_11779.jpg,outdoor,Europe,Europe,14,17
Europe\shard0_03352.jpg,outdoor,Europe,Europe,14,18
Europe\shard0_13333.jpg,outdoor,Europe,Europe,13,19
Europe\shard0_09013.jpg,outdoor,Europe,Europe,13,19
Europe\shard0_09420.jpg,outdoor,Europe,Europe,14,18
Europe\shard0_13972.jpg,outdoor,Europe,Europe,14,17
Europe\shard0_07215.jpg,outdoor,Europe,Europe,14,17
Europe\shard0_23447.jpg,outdoor,Europe,Europe,13,18
Europe\shard0_00177.jpg,outdoor,Europe,Europe,14,18
Europe\shard0_15182.jpg,outdoor,Europe,Europe,14,17
Europe\shard0_05378.jpg,outdoor,Europe,Europe,14,17
Europe\shard0_10884.jpg,outdoor,Europe,Europe,14,19
Europe\shard0_01743.jpg,outdoor,Europe,Europe,14,19
Europe\shard0_08948.jpg,outdoor,Europe,Europe,13,18
Europe\shard0_06860.jpg,outdoor,Europe,Europe,13,19
Europe\shard0_03335.jpg,outdoor,Europe,Europe,14,18
Europe\shard0_17361.jpg,outdoor,Europe,Europe,13,18
Europe\shard0_10967.jpg,outdoor,Europe,Europe,15,18
Europe\shard0_09601.jpg,outdoor,Europe,Europe,13,17
Europe\shard0_02710.jpg,outdoor,Europe,Europe,13,18
Europe\shard0_12005.jpg,outdoor,Europe,Europe,12,17
Europe\shard0_18590.jpg,outdoor,Europe,Europe,14,17
Europe\shard0_05158.jpg,outdoor,Europe,Europe,13,18
Europe\shard0_20291.jpg,outdoor,Europe,Europe,14,18
Europe\shard0_19028.jpg,outdoor,Europe,Europe,14,19
Europe\shard0_17006.jpg,outdoor,Europe,Europe,14,17
Europe\shard0_28110.jpg,outdoor,Europe,Europe,14,17
Europe\shard0_21913.jpg,outdoor,Europe,Europe,13,17
Europe\shard0_26438.jpg,outdoor,Europe,Europe,13,18
Europe\shard0_04427.jpg,outdoor,Europe,Europe,14,19
Europe\shard0_03044.jpg,outdoor,Europe,Europe,14,17
Europe\shard0_28485.jpg,outdoor,Europe,Europe,14,17
Europe\shard0_15813.jpg,outdoor,Europe,Europe,13,18
Europe\shard0_08860.jpg,outdoor,Europe,Europe,14,19
Europe\shard0_08594.jpg,outdoor,Europe,Europe,14,20
Europe\shard0_20475.jpg,outdoor,Europe,Europe,14,17
Europe\shard0_14047.jpg,outdoor,Europe,Europe,13,18
Europe\shard0_11542.jpg,outdoor,Europe,Europe,14,19
Europe\shard0_05438.jpg,outdoor,Europe,Europe,14,19
Europe\shard0_15655.jpg,outdoor,Europe,Europe,13,19
Europe\shard0_07310.jpg,outdoor,Europe,Europe,13,18
Europe\shard0_07844.jpg,outdoor,Europe,Europe,14,17
Europe\shard0_10396.jpg,outdoor,Europe,Europe,14,17
Europe\shard0_17982.jpg,outdoor,Europe,Europe,14,17
Europe\shard0_21474.jpg,outdoor,Europe,Europe,14,18
Europe\shard0_24521.jpg,outdoor,Europe,Europe,13,19
Europe\shard0_01887.jpg,outdoor,Europe,Europe,13,19
Europe\shard0_08918.jpg,outdoor,Europe,Europe,14,19
Europe\shard0_14267.jpg,outdoor,Europe,Europe,14,17
Europe\shard0_22313.jpg,outdoor,Europe,Europe,14,19
Europe\shard0_21856.jpg,outdoor,Europe,Europe,14,17
Europe\shard0_22996.jpg,outdoor,Europe,Europe,13,19
Europe\shard0_00105.jpg,outdoor,Europe,Europe,14,19
Europe\shard0_07462.jpg,outdoor,Europe,Europe,14,17
Europe\shard0_21756.jpg,outdoor,Europe,Europe,14,18
Europe\shard0_10450.jpg,outdoor,Europe,Europe,13,19
Europe\shard0_19834.jpg,outdoor,Europe,Europe,13,18
Europe\shard0_24895.jpg,outdoor,Europe,Europe,15,18
Europe\shard0_19387.jpg,outdoor,Europe,Europe,13,18
Europe\shard0_20604.jpg,outdoor,Europe,Europe,14,19
Europe\shard0_15175.jpg,outdoor,Europe,Europe,13,17
Europe\shard0_02521.jpg,outdoor,Europe,Europe,12,17
Europe\shard0_19049.jpg,outdoor,Europe,Europe,13,18
Europe\shard0_26489.jpg,outdoor,Europe,Europe,13,19
Europe\shard0_04279.jpg,outdoor,Europe,Europe,13,19
Europe\shard0_03415.jpg,outdoor,Europe,Europe,13,18
Europe\shard0_26475.jpg,outdoor,Europe,Europe,14,17
Europe\shard0_03578.jpg,outdoor,Europe,Europe,13,19
Europe\shard0_12989.jpg,outdoor,Europe,Europe,14,18
Europe\shard0_00411.jpg,outdoor,Europe,Europe,13,17
Europe\shard0_28964.jpg,outdoor,Europe,Europe,13,18
Europe\shard0_16801.jpg,outdoor,Europe,Europe,13,17
Europe\shard0_17682.jpg,outdoor,Europe,Europe,14,17
Europe\shard0_25583.jpg,outdoor,Europe,Europe,13,18
Europe\shard0_25211.jpg,outdoor,Europe,Europe,14,17
Europe\shard0_11013.jpg,outdoor,Europe,Europe,13,20
Europe\shard0_29937.jpg,outdoor,Europe,Europe,14,17
Europe\shard0_07219.jpg,outdoor,Europe,Europe,14,19
Europe\shard0_13796.jpg,outdoor,Europe,Europe,14,17
Europe\shard0_27226.jpg,outdoor,Europe,Europe,13,17
Europe\shard0_03077.jpg,outdoor,Europe,Europe,14,17
Europe\shard0_29331.jpg,outdoor,Europe,Europe,14,17
Europe\shard0_15336.jpg,outdoor,Europe,Europe,14,17
Europe\shard0_28119.jpg,outdoor,Europe,Europe,13,18
Europe\shard0_25185.jpg,outdoor,Europe,Europe,13,17
Europe\shard0_15080.jpg,outdoor,Europe,Europe,14,17
Europe\shard0_07193.jpg,outdoor,Europe,Europe,15,20
Europe\shard0_24237.jpg,outdoor,Europe,Europe,13,17
Europe\shard0_04337.jpg,outdoor,Europe,Europe,12,17
Europe\shard0_21099.jpg,outdoor,Europe,Europe,14,17
Europe\shard0_14146.jpg,outdoor,Europe,Europe,12,20
Europe\shard0_28001.jpg,outdoor,Europe,Europe,12,17
Europe\shard0_18238.jpg,outdoor,Europe,Europe,14,17
Europe\shard0_24694.jpg,outdoor,Europe,Europe,14,18
Europe\shard0_25518.jpg,outdoor,Europe,Europe,13,17
Europe\shard0_06498.jpg,outdoor,Europe,Europe,14,18
Europe\shard0_24536.jpg,outdoor,Europe,Europe,13,18
Europe\shard0_27588.jpg,outdoor,Europe,Europe,13,19
Europe\shard0_09200.jpg,outdoor,Europe,Europe,14,17
Europe\shard0_09495.jpg,outdoor,Europe,Europe,14,17
Europe\shard0_22975.jpg,outdoor,Europe,Europe,13,18
Europe\shard0_29952.jpg,outdoor,Europe,Europe,14,17
Europe\shard0_26601.jpg,outdoor,Europe,Europe,13,20
Europe\shard0_19573.jpg,outdoor,Europe,Europe,13,17
Europe\shard0_11410.jpg,outdoor,Europe,Europe,14,17
Europe\shard0_18715.jpg,outdoor,Europe,Europe,13,20
Europe\shard0_12122.jpg,outdoor,Europe,Europe,12,20
Europe\shard0_00685.jpg,outdoor,Europe,Europe,15,20
Europe\shard0_11177.jpg,outdoor,Europe,Europe,14,17
Europe\shard0_13347.jpg,outdoor,Europe,Europe,14,17
Europe\shard0_11818.jpg,outdoor,Europe,Europe,13,18
Europe\shard0_04823.jpg,outdoor,Europe,Europe,13,19
Europe\shard0_08778.jpg,outdoor,Europe,Europe,13,20
Europe\shard0_15315.jpg,outdoor,Europe,Europe,14,17
Europe\shard0_22938.jpg,outdoor,Europe,Europe,14,18
Europe\shard0_23109.jpg,outdoor,Europe,Europe,13,19
Europe\shard0_10803.jpg,outdoor,Europe,Europe,14,17
Europe\shard0_29845.jpg,outdoor,Europe,Europe,14,17
Europe\shard0_26049.jpg,outdoor,Europe,Europe,14,17
Europe\shard0_06979.jpg,outdoor,Europe,Europe,14,17
Europe\shard0_03258.jpg,outdoor,Europe,Europe,13,18
Europe\shard0_23782.jpg,outdoor,Europe,Europe,13,17
Europe\shard0_24593.jpg,outdoor,Europe,Europe,13,18
Europe\shard0_09786.jpg,outdoor,Europe,Europe,13,18
Europe\shard0_02494.jpg,outdoor,Europe,Europe,13,18
Europe\shard0_26474.jpg,outdoor,Europe,Europe,13,20
Europe\shard0_17655.jpg,outdoor,Europe,Europe,13,20
Europe\shard0_03637.jpg,outdoor,Europe,Europe,14,18
Europe\shard0_01140.jpg,outdoor,Europe,Europe,13,18
Europe\shard0_04120.jpg,outdoor,Europe,Europe,14,18
Europe\shard0_11361.jpg,outdoor,Europe,Europe,13,17
Europe\shard0_16300.jpg,outdoor,Europe,Europe,12,17
Europe\shard0_17573.jpg,outdoor,Europe,Europe,13,18
Europe\shard0_03687.jpg,outdoor,Europe,Europe,14,17
Europe\shard0_23803.jpg,outdoor,Europe,Europe,13,18
Europe\shard0_24862.jpg,outdoor,Europe,Europe,13,18
Europe\shard0_00043.jpg,outdoor,Europe,Europe,14,18
Europe\shard0_04449.jpg,outdoor,Europe,Europe,13,19
Europe\shard0_29116.jpg,outdoor,Europe,Europe,15,16
Europe\shard0_12422.jpg,outdoor,Europe,Europe,13,17
Europe\shard0_11009.jpg,outdoor,Europe,Europe,14,17
Europe\shard0_16782.jpg,outdoor,Europe,Europe,13,19
Europe\shard0_05244.jpg,outdoor,Europe,Europe,13,18
Europe\shard0_03060.jpg,outdoor,Europe,Europe,12,17
Europe\shard0_29356.jpg,outdoor,Europe,Europe,13,19
Europe\shard0_27549.jpg,outdoor,Europe,Europe,12,19
Europe\shard0_13146.jpg,outdoor,Europe,Europe,14,19
Europe\shard0_13307.jpg,outdoor,Europe,Europe,13,19
Europe\shard0_15524.jpg,outdoor,Europe,Europe,13,17
Europe\shard0_02605.jpg,outdoor,Europe,Europe,14,21
Europe\shard0_09758.jpg,outdoor,Europe,Europe,13,19
Europe\shard0_11310.jpg,outdoor,Europe,Europe,14,17
Europe\shard0_18085.jpg,outdoor,Europe,Europe,13,18
Europe\shard0_19821.jpg,outdoor,Europe,Europe,14,17
Europe\shard0_25438.jpg,outdoor,Europe,Europe,13,21
Europe\shard0_29298.jpg,outdoor,Europe,Europe,12,17
Europe\shard0_12872.jpg,outdoor,Europe,Europe,14,18
Europe\shard0_24174.jpg,outdoor,Europe,Europe,13,18
Europe\shard0_10981.jpg,outdoor,Europe,Europe,14,19
Europe\shard0_21880.jpg,outdoor,Europe,Europe,14,17
Europe\shard0_29389.jpg,outdoor,Europe,Europe,14,17
Europe\shard0_11533.jpg,outdoor,Europe,Europe,13,17
Europe\shard0_29571.jpg,outdoor,Europe,Europe,14,18
Europe\shard0_02251.jpg,outdoor,Europe,Europe,13,18
Europe\shard0_05756.jpg,outdoor,Europe,Europe,13,19
Europe\shard0_17175.jpg,outdoor,Europe,Europe,13,18
Europe\shard0_14272.jpg,outdoor,Europe,Europe,14,17
Europe\shard0_15521.jpg,outdoor,Europe,Europe,14,18
Europe\shard0_11553.jpg,outdoor,Europe,Europe,15,20
Europe\shard0_06875.jpg,outdoor,Europe,Europe,13,18
Europe\shard0_16842.jpg,outdoor,Europe,Europe,13,17
Europe\shard0_28430.jpg,outdoor,Europe,Europe,12,17
Europe\shard0_01127.jpg,outdoor,Europe,Europe,13,17
Europe\shard0_06831.jpg,outdoor,Europe,Europe,13,19
Europe\shard0_20795.jpg,outdoor,Europe,Europe,14,17
Europe\shard0_26596.jpg,outdoor,Europe,Europe,12,17
Europe\shard0_12126.jpg,outdoor,Europe,Europe,13,17
Europe\shard0_18563.jpg,outdoor,Europe,Europe,13,19
Europe\shard0_17897.jpg,outdoor,Europe,Europe,14,18
Europe\shard0_12905.jpg,outdoor,Europe,Europe,13,18
Europe\shard0_17374.jpg,outdoor,Europe,Europe,12,17
Europe\shard0_06621.jpg,outdoor,Europe,Europe,13,19
Europe\shard0_19616.jpg,outdoor,Europe,Europe,14,18
Europe\shard0_05331.jpg,outdoor,Europe,Europe,13,20
Europe\shard0_14514.jpg,outdoor,Europe,Europe,13,18
Europe\shard0_13482.jpg,outdoor,Europe,Europe,13,18
Europe\shard0_24582.jpg,outdoor,Europe,Europe,14,17
Europe\shard0_25226.jpg,outdoor,Europe,Europe,14,17
Europe\shard0_17524.jpg,outdoor,Europe,Europe,14,18
Europe\shard0_08969.jpg,outdoor,Europe,Europe,12,19
Europe\shard0_17368.jpg,outdoor,Europe,Europe,13,20
Europe\shard0_18200.jpg,outdoor,Europe,Europe,13,18
Europe\shard0_21427.jpg,outdoor,Europe,Europe,13,18
Europe\shard0_11366.jpg,outdoor,Europe,Europe,13,18
Europe\shard0_16483.jpg,outdoor,Europe,Europe,13,18
Europe\shard0_06127.jpg,outdoor,Europe,Europe,14,17
Europe\shard0_22902.jpg,outdoor,Europe,Europe,13,18
Europe\shard0_25377.jpg,outdoor,Europe,Europe,14,19
Europe\shard0_28302.jpg,outdoor,Europe,Europe,14,17
Europe\shard0_11140.jpg,outdoor,Europe,Europe,14,19
Europe\shard0_08709.jpg,outdoor,Europe,Europe,14,18
Europe\shard0_15357.jpg,outdoor,Europe,Europe,13,18
Europe\shard0_04918.jpg,outdoor,Europe,Europe,14,17
Europe\shard0_29154.jpg,outdoor,Europe,Europe,14,20
Europe\shard0_05026.jpg,outdoor,Europe,Europe,13,20
Europe\shard0_08961.jpg,outdoor,Europe,Europe,14,18
Europe\shard0_07805.jpg,outdoor,Europe,Europe,15,20
Europe\shard0_27980.jpg,outdoor,Europe,Europe,14,18
Europe\shard0_00421.jpg,outdoor,Europe,Europe,14,17
Europe\shard0_25515.jpg,outdoor,Europe,Europe,14,18
Europe\shard0_09861.jpg,outdoor,Europe,Europe,13,17
Europe\shard0_21954.jpg,outdoor,Europe,Europe,12,17
Europe\shard0_14238.jpg,outdoor,Europe,Europe,14,21
Europe\shard0_10000.jpg,outdoor,Europe,Europe,13,18
Europe\shard0_12007.jpg,outdoor,Europe,Europe,14,20
Europe\shard0_02014.jpg,outdoor,Europe,Europe,13,18
Europe\shard0_16374.jpg,outdoor,Europe,Europe,12,20
Europe\shard0_20499.jpg,outdoor,Europe,Europe,14,17
Europe\shard0_19978.jpg,outdoor,Europe,Europe,13,17
Europe\shard0_14448.jpg,outdoor,Europe,Europe,14,21
Europe\shard0_14318.jpg,outdoor,Europe,Europe,14,17
Europe\shard0_26284.jpg,outdoor,Europe,Europe,13,18
Europe\shard0_17543.jpg,outdoor,Europe,Europe,12,17
Europe\shard0_28355.jpg,outdoor,Europe,Europe,14,19
Europe\shard0_01378.jpg,outdoor,Europe,Europe,13,18
Europe\shard0_23309.jpg,outdoor,Europe,Europe,14,17
Europe\shard0_16238.jpg,outdoor,Europe,Europe,14,19
Europe\shard0_19939.jpg,outdoor,Europe,Europe,14,18
Europe\shard0_09839.jpg,outdoor,Europe,Europe,15,15
Europe\shard0_10291.jpg,outdoor,Europe,Europe,12,17
Europe\shard0_20936.jpg,outdoor,Europe,Europe,13,19
Europe\shard0_04438.jpg,outdoor,Europe,Europe,12,17
Europe\shard0_21181.jpg,outdoor,Europe,Europe,14,17
Europe\shard0_01166.jpg,outdoor,Europe,Europe,13,19
Europe\shard0_15251.jpg,outdoor,Europe,Europe,13,17
Europe\shard0_23979.jpg,outdoor,Europe,Europe,13,18
Europe\shard0_23681.jpg,outdoor,Europe,Europe,14,17
Europe\shard0_29536.jpg,outdoor,Europe,Europe,12,17
Europe\shard0_24469.jpg,outdoor,Europe,Europe,13,19
Europe\shard0_14873.jpg,outdoor,Europe,Europe,14,18
Europe\shard0_12959.jpg,outdoor,Europe,Europe,13,18
Europe\shard0_00883.jpg,outdoor,Europe,Europe,14,17
Europe\shard0_00270.jpg,outdoor,Europe,Europe,14,17
Europe\shard0_13131.jpg,outdoor,Europe,Europe,13,18
Europe\shard0_20914.jpg,outdoor,Europe,Europe,14,18
Europe\shard0_15355.jpg,outdoor,Europe,Europe,13,18
Europe\shard0_20715.jpg,outdoor,Europe,Europe,13,19
Europe\shard0_08421.jpg,outdoor,Europe,Europe,14,17
Europe\shard0_23557.jpg,outdoor,Europe,Europe,12,17
Europe\shard0_14622.jpg,outdoor,Europe,Europe,14,19
Europe\shard0_11676.jpg,outdoor,Europe,Europe,13,18
Europe\shard0_27385.jpg,outdoor,Europe,Europe,14,21
Europe\shard0_06337.jpg,outdoor,Europe,Europe,13,18
Europe\shard0_02421.jpg,outdoor,Europe,Europe,14,17
Europe\shard0_16996.jpg,outdoor,Europe,Europe,14,17
Europe\shard0_04330.jpg,outdoor,Europe,Europe,12,17
Europe\shard0_14252.jpg,outdoor,Europe,Europe,15,15
Europe\shard0_10300.jpg,outdoor,Europe,Europe,14,17
Europe\shard0_24250.jpg,outdoor,Europe,Europe,13,18
Europe\shard0_29537.jpg,outdoor,Europe,Europe,13,18
Europe\shard0_28612.jpg,outdoor,Europe,Europe,14,17
Europe\shard0_00773.jpg,outdoor,Europe,Europe,13,19
Europe\shard0_09405.jpg,outdoor,Europe,Europe,13,18
Europe\shard0_13672.jpg,outdoor,Europe,Europe,14,19
Europe\shard0_17285.jpg,outdoor,Europe,Europe,13,18
Europe\shard0_03295.jpg,outdoor,Europe,Europe,13,17
Europe\shard0_18022.jpg,outdoor,Europe,Europe,13,17
Europe\shard0_29798.jpg,outdoor,Europe,Europe,13,20
Europe\shard0_04917.jpg,outdoor,Europe,Europe,14,18
Europe\shard0_22764.jpg,outdoor,Europe,Europe,14,17
Europe\shard0_06309.jpg,outdoor,Europe,Europe,13,19
Europe\shard0_18806.jpg,outdoor,Europe,Europe,13,17
Europe\shard0_18232.jpg,outdoor,Europe,Europe,14,20
Europe\shard0_15903.jpg,outdoor,Europe,Europe,14,17
Europe\shard0_10688.jpg,outdoor,Europe,Europe,13,18
Europe\shard0_11739.jpg,outdoor,Europe,Europe,13,18
Europe\shard0_23020.jpg,outdoor,Europe,Europe,13,20
Europe\shard0_19997.jpg,outdoor,Europe,Europe,12,17
Europe\shard0_20379.jpg,outdoor,Europe,Europe,14,17
Europe\shard0_21252.jpg,outdoor,Europe,Europe,14,17
Europe\shard0_13204.jpg,outdoor,Europe,Europe,14,20
Europe\shard0_22882.jpg,outdoor,Europe,Europe,14,21
Europe\shard0_11100.jpg,outdoor,Europe,Europe,15,19
Europe\shard0_11930.jpg,outdoor,Europe,Europe,14,18
Europe\shard0_02613.jpg,outdoor,Europe,Europe,14,17
Europe\shard0_03107.jpg,outdoor,Europe,Europe,14,18
Europe\shard0_10853.jpg,outdoor,Europe,Europe,13,19
Europe\shard0_18237.jpg,outdoor,Europe,Europe,13,18
Europe\shard0_24703.jpg,outdoor,Europe,Europe,13,18
Europe\shard0_10052.jpg,outdoor,Europe,Europe,14,18
Europe\shard0_24432.jpg,outdoor,Europe,Europe,14,17
Europe\shard0_05402.jpg,outdoor,Europe,Europe,14,17
Europe\shard0_21994.jpg,outdoor,Europe,Europe,14,17
Europe\shard0_09263.jpg,outdoor,Europe,Europe,13,18
Europe\shard0_22572.jpg,outdoor,Europe,Europe,12,17
Europe\shard0_11469.jpg,outdoor,Europe,Europe,12,17
Europe\shard0_26526.jpg,outdoor,Europe,Europe,13,19
Europe\shard0_27105.jpg,outdoor,Europe,Europe,14,18
Europe\shard0_26314.jpg,outdoor,Europe,Europe,13,18
Europe\shard0_25398.jpg,outdoor,Europe,Europe,14,19
Europe\shard0_23905.jpg,outdoor,Europe,Europe,13,18
Europe\shard0_10096.jpg,outdoor,Europe,Europe,14,17
Europe\shard0_25854.jpg,outdoor,Europe,Europe,14,18
Europe\shard0_26473.jpg,outdoor,Europe,Europe,14,17
Europe\shard0_14776.jpg,outdoor,Europe,Europe,14,17
Europe\shard0_25678.jpg,outdoor,Europe,Europe,13,19
Europe\shard0_07012.jpg,outdoor,Europe,Europe,14,17
Europe\shard0_11943.jpg,outdoor,Europe,Europe,14,17
Europe\shard0_03181.jpg,outdoor,Europe,Europe,14,17
Europe\shard0_03401.jpg,outdoor,Europe,Europe,14,18
Europe\shard0_17161.jpg,outdoor,Europe,Europe,13,17
Europe\shard0_15490.jpg,outdoor,Europe,Europe,13,19
Europe\shard0_15356.jpg,outdoor,Europe,Europe,14,17
Europe\shard0_21197.jpg,outdoor,Europe,Europe,14,19
Europe\shard0_00846.jpg,outdoor,Europe,Europe,14,17
Europe\shard0_05130.jpg,outdoor,Europe,Europe,12,19
Europe\shard0_02316.jpg,outdoor,Europe,Europe,13,17
Europe\shard0_10284.jpg,outdoor,Europe,Europe,14,18
Europe\shard0_00156.jpg,outdoor,Europe,Europe,14,19
Europe\shard0_04933.jpg,outdoor,Europe,Europe,13,18
Europe\shard0_21143.jpg,outdoor,Europe,Europe,14,19
Europe\shard0_15665.jpg,outdoor,Europe,Europe,14,17
Europe\shard0_29132.jpg,outdoor,Europe,Europe,14,17
Europe\shard0_07532.jpg,outdoor,Europe,Europe,14,19
Europe\shard0_18254.jpg,outdoor,Europe,Europe,13,17
Europe\shard0_26369.jpg,outdoor,Europe,Europe,13,20
Europe\shard0_17180.jpg,outdoor,Europe,Europe,14,18
Europe\shard0_24788.jpg,outdoor,Europe,Europe,14,17
Europe\shard0_04203.jpg,outdoor,Europe,Europe,14,19
Europe\shard0_02855.jpg,outdoor,Europe,Europe,14,17
Europe\shard0_09339.jpg,outdoor,Europe,Europe,14,17
Europe\shard0_05950.jpg,outdoor,Europe,Europe,13,17
Europe\shard0_02686.jpg,outdoor,Europe,Europe,14,18
Europe\shard0_17301.jpg,outdoor,Europe,Europe,14,19
Europe\shard0_18107.jpg,outdoor,Europe,Europe,13,18
Europe\shard0_25608.jpg,outdoor,Europe,Europe,15,18
Europe\shard0_17385.jpg,outdoor,Europe,Europe,14,17
Europe\shard0_03562.jpg,outdoor,Europe,Europe,14,18
Europe\shard0_24102.jpg,outdoor,Europe,Europe,14,17
Europe\shard0_10441.jpg,outdoor,Europe,Europe,13,19
Europe\shard0_12949.jpg,outdoor,Europe,Europe,13,19
Europe\shard0_06030.jpg,outdoor,Europe,Europe,13,19
Europe\shard0_27472.jpg,outdoor,Europe,Europe,14,17
Europe\shard0_25117.jpg,outdoor,Europe,Europe,13,18
Europe\shard0_23890.jpg,outdoor,Europe,Europe,14,17
Europe\shard0_28545.jpg,outdoor,Europe,Europe,13,19
Europe\shard0_12862.jpg,outdoor,Europe,Europe,14,19
Europe\shard0_25183.jpg,outdoor,Europe,Europe,13,19
Europe\shard0_19567.jpg,outdoor,Europe,Europe,13,18
Europe\shard0_22873.jpg,outdoor,Europe,Europe,14,17
Europe\shard0_07435.jpg,outdoor,Europe,Europe,14,19
Europe\shard0_09353.jpg,outdoor,Europe,Europe,14,18
Europe\shard0_06962.jpg,outdoor,Europe,Europe,13,17
Europe\shard0_21823.jpg,outdoor,Europe,Europe,12,17
Europe\shard0_13570.jpg,outdoor,Europe,Europe,15,15
Europe\shard0_07943.jpg,outdoor,Europe,Europe,13,18
Europe\shard0_02107.jpg,outdoor,Europe,Europe,14,17
Europe\shard0_22689.jpg,outdoor,Europe,Europe,13,17
Europe\shard0_29953.jpg,outdoor,Europe,Europe,13,18
Europe\shard0_17095.jpg,outdoor,Europe,Europe,14,17
Europe\shard0_00291.jpg,outdoor,Europe,Europe,14,18
Europe\shard0_13870.jpg,outdoor,Europe,Europe,14,17
Europe\shard0_08625.jpg,outdoor,Europe,Europe,14,17
Europe\shard0_02895.jpg,outdoor,Europe,Europe,14,17
Europe\shard0_09243.jpg,outdoor,Europe,Europe,14,17
Europe\shard0_21826.jpg,outdoor,Europe,Europe,13,18
Europe\shard0_08872.jpg,outdoor,Europe,Europe,14,17
Europe\shard0_14711.jpg,outdoor,Europe,Europe,13,18
Europe\shard0_12855.jpg,outdoor,Europe,Europe,14,28
Europe\shard0_28423.jpg,outdoor,Europe,Europe,13,18
Europe\shard0_24740.jpg,outdoor,Europe,Europe,14,17
Europe\shard0_17286.jpg,outdoor,Europe,Europe,14,17
Europe\shard0_20847.jpg,outdoor,Europe,Europe,14,17
Europe\shard0_13369.jpg,outdoor,Europe,Europe,13,18
Europe\shard0_24306.jpg,outdoor,Europe,Europe,14,19
Europe\shard0_10581.jpg,outdoor,Europe,Europe,14,28
Europe\shard0_05020.jpg,outdoor,Europe,Europe,13,17
Europe\shard0_08423.jpg,outdoor,Europe,Europe,14,18
Europe\shard0_17094.jpg,outdoor,Europe,Europe,14,17
Europe\shard0_21054.jpg,outdoor,Europe,Europe,13,17
Europe\shard0_03565.jpg,outdoor,Europe,Europe,13,20
Europe\shard0_01665.jpg,outdoor,Europe,Europe,13,19
Europe\shard0_20844.jpg,outdoor,Europe,Europe,13,18
Europe\shard0_23861.jpg,outdoor,Europe,Europe,13,19
Europe\shard0_23456.jpg,outdoor,Europe,Europe,14,18
Europe\shard0_27231.jpg,outdoor,Europe,Europe,13,18
Europe\shard0_04889.jpg,outdoor,Europe,Europe,12,17
Europe\shard0_11567.jpg,outdoor,Europe,Europe,13,17
Europe\shard0_29236.jpg,outdoor,Europe,Europe,15,15
Europe\shard0_19288.jpg,outdoor,Europe,Europe,15,20
Europe\shard0_22465.jpg,outdoor,Europe,Europe,14,17
Europe\shard0_29245.jpg,outdoor,Europe,Europe,13,21
Europe\shard0_06359.jpg,outdoor,Europe,Europe,15,20
Europe\shard0_26913.jpg,outdoor,Europe,Europe,13,18
Europe\shard0_20295.jpg,outdoor,Europe,Europe,14,17
Europe\shard0_25995.jpg,outdoor,Europe,Europe,15,18
Europe\shard0_04345.jpg,outdoor,Europe,Europe,13,18
Europe\shard0_10635.jpg,outdoor,Europe,Europe,14,19
Europe\shard0_08314.jpg,outdoor,Europe,Europe,13,19
Europe\shard0_27175.jpg,outdoor,Europe,Europe,13,17
Europe\shard0_28050.jpg,outdoor,Europe,Europe,13,20
Europe\shard0_18191.jpg,outdoor,Europe,Europe,14,18
Europe\shard0_11441.jpg,outdoor,Europe,Europe,13,20
Europe\shard0_25357.jpg,outdoor,Europe,Europe,13,17
Europe\shard0_10154.jpg,outdoor,Europe,Europe,13,19
Europe\shard0_07037.jpg,outdoor,Europe,Europe,13,20
Europe\shard0_21759.jpg,outdoor,Europe,Europe,14,18
Europe\shard0_16072.jpg,outdoor,Europe,Europe,14,18
Europe\shard0_02093.jpg,outdoor,Europe,Europe,13,19
Europe\shard0_14330.jpg,outdoor,Europe,Europe,12,17
Europe\shard0_00730.jpg,outdoor,Europe,Europe,14,19
Europe\shard0_12300.jpg,outdoor,Europe,Europe,14,18
Europe\shard0_04489.jpg,outdoor,Europe,Europe,13,18
Europe\shard0_22966.jpg,outdoor,Europe,Europe,14,18
Europe\shard0_12040.jpg,outdoor,Europe,Europe,14,19
Europe\shard0_12226.jpg,outdoor,Europe,Europe,14,18
Europe\shard0_01190.jpg,outdoor,Europe,Europe,12,17
Europe\shard0_12493.jpg,outdoor,Europe,Europe,13,18
Europe\shard0_05147.jpg,outdoor,Europe,Europe,14,17
Europe\shard0_00248.jpg,outdoor,Europe,Europe,13,19
Europe\shard0_12508.jpg,outdoor,Europe,Europe,14,19
Europe\shard0_17162.jpg,outdoor,Europe,Europe,13,18
Europe\shard0_10510.jpg,outdoor,Europe,Europe,13,19
Europe\shard0_20307.jpg,outdoor,Europe,Europe,13,18
Europe\shard0_03268.jpg,outdoor,Europe,Europe,13,19
Europe\shard0_14035.jpg,outdoor,Europe,Europe,13,17
Europe\shard0_05771.jpg,outdoor,Europe,Europe,12,17
Europe\shard0_14117.jpg,outdoor,Europe,Europe,14,17
Europe\shard0_21619.jpg,outdoor,Europe,Europe,13,18
Europe\shard0_00925.jpg,outdoor,Europe,Europe,13,19
Europe\shard0_00349.jpg,outdoor,Europe,Europe,13,19
Europe\shard0_12212.jpg,outdoor,Europe,Europe,13,18
Europe\shard0_21417.jpg,outdoor,Europe,Europe,14,17
Europe\shard0_16026.jpg,outdoor,Europe,Europe,14,18
Europe\shard0_13834.jpg,outdoor,Europe,Europe,13,18
Europe\shard0_16507.jpg,outdoor,Europe,Europe,13,17
Europe\shard0_24176.jpg,outdoor,Europe,Europe,13,19
Europe\shard0_15350.jpg,outdoor,Europe,Europe,14,17
Europe\shard0_18828.jpg,outdoor,Europe,Europe,13,18
Europe\shard0_03942.jpg,outdoor,Europe,Europe,13,18
Europe\shard0_14764.jpg,outdoor,Europe,Europe,14,18
Europe\shard0_28850.jpg,outdoor,Europe,Europe,13,17
Europe\shard0_09375.jpg,outdoor,Europe,Europe,14,17
Europe\shard0_16821.jpg,outdoor,Europe,Europe,14,19
Europe\shard0_16542.jpg,outdoor,Europe,Europe,13,19
Europe\shard0_11599.jpg,outdoor,Europe,Europe,13,17
Europe\shard0_06036.jpg,outdoor,Europe,Europe,14,18
Europe\shard0_09484.jpg,outdoor,Europe,Europe,15,20
Europe\shard0_18202.jpg,outdoor,Europe,Europe,14,18
Europe\shard0_01599.jpg,outdoor,Europe,Europe,13,18
Europe\shard0_29297.jpg,outdoor,Europe,Europe,14,19
Europe\shard0_28879.jpg,outdoor,Europe,Europe,14,17
Europe\shard0_10954.jpg,outdoor,Europe,Europe,14,17
Europe\shard0_27789.jpg,outdoor,Europe,Europe,13,18
Europe\shard0_22066.jpg,outdoor,Europe,Europe,14,17
Europe\shard0_16620.jpg,outdoor,Europe,Europe,13,19
Europe\shard0_20214.jpg,outdoor,Europe,Europe,15,20
Europe\shard0_27590.jpg,outdoor,Europe,Europe,13,17
Europe\shard0_27488.jpg,outdoor,Europe,Europe,14,17
Europe\shard0_22847.jpg,outdoor,Europe,Europe,14,17
Europe\shard0_17814.jpg,outdoor,Europe,Europe,14,17
Europe\shard0_02514.jpg,outdoor,Europe,Europe,14,19
Europe\shard0_01939.jpg,outdoor,Europe,Europe,13,18
Europe\shard0_09694.jpg,outdoor,Europe,Europe,14,19
Europe\shard0_16918.jpg,outdoor,Europe,Europe,13,17
Europe\shard0_02527.jpg,outdoor,Europe,Europe,13,19
Europe\shard0_02858.jpg,outdoor,Europe,Europe,12,20
Europe\shard0_01130.jpg,outdoor,Europe,Europe,14,19
Europe\shard0_02984.jpg,outdoor,Europe,Europe,13,17
Europe\shard0_24822.jpg,outdoor,Europe,Europe,14,17
Europe\shard0_22303.jpg,outdoor,Europe,Europe,14,18
Europe\shard0_16303.jpg,outdoor,Europe,Europe,14,17
Europe\shard0_17789.jpg,outdoor,Europe,Europe,14,17
Europe\shard0_18964.jpg,outdoor,Europe,Europe,13,18
Europe\shard0_15829.jpg,outdoor,Europe,Europe,13,19
Europe\shard0_02353.jpg,outdoor,Europe,Europe,13,18
Europe\shard0_28062.jpg,outdoor,Europe,Europe,13,20
Europe\shard0_04199.jpg,outdoor,Europe,Europe,14,17
Europe\shard0_07763.jpg,outdoor,Europe,Europe,14,17
Europe\shard0_06476.jpg,outdoor,Europe,Europe,14,17
Europe\shard0_23917.jpg,outdoor,Europe,Europe,13,18
Europe\shard0_19819.jpg,outdoor,Europe,Europe,14,17
Europe\shard0_10555.jpg,outdoor,Europe,Europe,13,18
Europe\shard0_06680.jpg,outdoor,Europe,Europe,15,20
Europe\shard0_23991.jpg,outdoor,Europe,Europe,12,17
Europe\shard0_17776.jpg,outdoor,Europe,Europe,14,17
Europe\shard0_24618.jpg,outdoor,Europe,Europe,14,18
Europe\shard0_11529.jpg,outdoor,Europe,Europe,12,19
Europe\shard0_24563.jpg,outdoor,Europe,Europe,14,17
Europe\shard0_12259.jpg,outdoor,Europe,Europe,14,18
Europe\shard0_28514.jpg,outdoor,Europe,Europe,13,19
Europe\shard0_08485.jpg,outdoor,Europe,Europe,14,18
Europe\shard0_28644.jpg,outdoor,Europe,Europe,14,17
Europe\shard0_00313.jpg,outdoor,Europe,Europe,13,17
Europe\shard0_09132.jpg,outdoor,Europe,Europe,14,20
Europe\shard0_10466.jpg,outdoor,Europe,Europe,13,17
Europe\shard0_25804.jpg,outdoor,Europe,Europe,14,18
Europe\shard0_12295.jpg,outdoor,Europe,Europe,13,17
Europe\shard0_10188.jpg,outdoor,Europe,Europe,14,19
Europe\shard0_13463.jpg,outdoor,Europe,Europe,13,19
Europe\shard0_04043.jpg,outdoor,Europe,Europe,12,17
Europe\shard0_19743.jpg,outdoor,Europe,Europe,13,18
Europe\shard0_11253.jpg,outdoor,Europe,Europe,13,18
Europe\shard0_24034.jpg,outdoor,Europe,Europe,13,18
Europe\shard0_18523.jpg,outdoor,Europe,Europe,13,18
Europe\shard0_08559.jpg,outdoor,Europe,Europe,15,19
Europe\shard0_18150.jpg,outdoor,Europe,Europe,12,17
Europe\shard0_28108.jpg,outdoor,Europe,Europe,14,17
Europe\shard0_18780.jpg,outdoor,Europe,Europe,13,19
Europe\shard0_04805.jpg,outdoor,Europe,Europe,14,19
Europe\shard0_08134.jpg,outdoor,Europe,Europe,15,15
Europe\shard0_02461.jpg,outdoor,Europe,Europe,13,18
Europe\shard0_27389.jpg,outdoor,Europe,Europe,14,17
Europe\shard0_02237.jpg,outdoor,Europe,Europe,13,18
Europe\shard0_15658.jpg,outdoor,Europe,Europe,14,19
Europe\shard0_07248.jpg,outdoor,Europe,Europe,13,18
Europe\shard0_05316.jpg,outdoor,Europe,Europe,13,18
Europe\shard0_21939.jpg,outdoor,Europe,Europe,14,18
Europe\shard0_28665.jpg,outdoor,Europe,Europe,14,19
Europe\shard0_08409.jpg,outdoor,Europe,Europe,14,18
Europe\shard0_13515.jpg,outdoor,Europe,Europe,14,19
Europe\shard0_12051.jpg,outdoor,Europe,Europe,14,17
Europe\shard0_16125.jpg,outdoor,Europe,Europe,13,19
Europe\shard0_06633.jpg,outdoor,Europe,Europe,12,17
Europe\shard0_02949.jpg,outdoor,Europe,Europe,14,18
Europe\shard0_20612.jpg,outdoor,Europe,Europe,14,18
Europe\shard0_12867.jpg,outdoor,Europe,Europe,13,17
Europe\shard0_08715.jpg,outdoor,Europe,Europe,14,17
Europe\shard0_00747.jpg,outdoor,Europe,Europe,14,18
Europe\shard0_04618.jpg,outdoor,Europe,Europe,13,21
Europe\shard0_25773.jpg,outdoor,Europe,Europe,13,18
Europe\shard0_19884.jpg,outdoor,Europe,Europe,12,17
Europe\shard0_03177.jpg,outdoor,Europe,Europe,13,19
Europe\shard0_18390.jpg,outdoor,Europe,Europe,13,19
Europe\shard0_09275.jpg,outdoor,Europe,Europe,13,18
Europe\shard0_15113.jpg,outdoor,Europe,Europe,13,18
Europe\shard0_27235.jpg,outdoor,Europe,Europe,14,17
Europe\shard0_19462.jpg,outdoor,Europe,Europe,14,17
Europe\shard0_08305.jpg,outdoor,Europe,Europe,14,18
Europe\shard0_11368.jpg,outdoor,Europe,Europe,14,17
Europe\shard0_18133.jpg,outdoor,Europe,Europe,13,19
Europe\shard0_23143.jpg,outdoor,Europe,Europe,15,15
Europe\shard0_02558.jpg,outdoor,Europe,Europe,14,19
Europe\shard0_26628.jpg,outdoor,Europe,Europe,13,18
Europe\shard0_22489.jpg,outdoor,Europe,Europe,15,20
Europe\shard0_12158.jpg,outdoor,Europe,Europe,14,19
Europe\shard0_28753.jpg,outdoor,Europe,Europe,14,17
Europe\shard0_00457.jpg,outdoor,Europe,Europe,14,18
Europe\shard0_07006.jpg,outdoor,Europe,Europe,13,18
Europe\shard0_11686.jpg,outdoor,Europe,Europe,12,17
Europe\shard0_21296.jpg,outdoor,Europe,Europe,12,17
Europe\shard0_24028.jpg,outdoor,Europe,Europe,14,19
Europe\shard0_08535.jpg,outdoor,Europe,Europe,13,17
Europe\shard0_15050.jpg,outdoor,Europe,Europe,13,19
Europe\shard0_18294.jpg,outdoor,Europe,Europe,12,17
Europe\shard0_00531.jpg,outdoor,Europe,Europe,13,20
Europe\shard0_26607.jpg,outdoor,Europe,Europe,14,18
Europe\shard0_16243.jpg,outdoor,Europe,Europe,14,20
Europe\shard0_15548.jpg,outdoor,Europe,Europe,13,19
Europe\shard0_20284.jpg,outdoor,Europe,Europe,13,19
Europe\shard0_10039.jpg,outdoor,Europe,Europe,13,19
Europe\shard0_00223.jpg,outdoor,Europe,Europe,14,17
Europe\shard0_19650.jpg,outdoor,Europe,Europe,14,18
Europe\shard0_26238.jpg,outdoor,Europe,Europe,14,17
Europe\shard0_16030.jpg,outdoor,Europe,Europe,14,18
Europe\shard0_15420.jpg,outdoor,Europe,Europe,14,17
Europe\shard0_09720.jpg,outdoor,Europe,Europe,14,17
Europe\shard0_02711.jpg,outdoor,Europe,Europe,15,20
Europe\shard0_16789.jpg,outdoor,Europe,Europe,14,17
Europe\shard0_02939.jpg,outdoor,Europe,Europe,13,17
Europe\shard0_04842.jpg,outdoor,Europe,Europe,12,17
Europe\shard0_08655.jpg,outdoor,Europe,Europe,14,18
Europe\shard0_22629.jpg,outdoor,Europe,Europe,14,17
Europe\shard0_20608.jpg,outdoor,Europe,Europe,12,17
Europe\shard0_27580.jpg,outdoor,Europe,Europe,14,18
Europe\shard0_11354.jpg,outdoor,Europe,Europe,13,18
Europe\shard0_02241.jpg,outdoor,Europe,Europe,14,17
Europe\shard0_07431.jpg,outdoor,Europe,Europe,14,17
Europe\shard0_15144.jpg,outdoor,Europe,Europe,13,18
Europe\shard0_10202.jpg,outdoor,Europe,Europe,14,17
Europe\shard0_06762.jpg,outdoor,Europe,Europe,13,17
Europe\shard0_24854.jpg,outdoor,Europe,Europe,14,17
Europe\shard0_11137.jpg,outdoor,Europe,Europe,14,18
Europe\shard0_05517.jpg,outdoor,Europe,Europe,13,19
Europe\shard0_22532.jpg,outdoor,Europe,Europe,14,18
Europe\shard0_14619.jpg,outdoor,Europe,Europe,13,20
Europe\shard0_20089.jpg,outdoor,Europe,Europe,13,19
Europe\shard0_21980.jpg,outdoor,Europe,Europe,13,19
Europe\shard0_01906.jpg,outdoor,Europe,Europe,13,17
Europe\shard0_01912.jpg,outdoor,Europe,Europe,14,18
Europe\shard0_02759.jpg,outdoor,Europe,Europe,13,19
Europe\shard0_15458.jpg,outdoor,Europe,Europe,13,18
Europe\shard0_02378.jpg,outdoor,Europe,Europe,13,19
Europe\shard0_07610.jpg,outdoor,Europe,Europe,14,19
Europe\shard0_20751.jpg,outdoor,Europe,Europe,14,17
Europe\shard0_20704.jpg,outdoor,Europe,Europe,14,19
Europe\shard0_23936.jpg,outdoor,Europe,Europe,14,21
Europe\shard0_21253.jpg,outdoor,Europe,Europe,14,19
Europe\shard0_12443.jpg,outdoor,Europe,Europe,13,17
Europe\shard0_13285.jpg,outdoor,Europe,Europe,14,18
Europe\shard0_21906.jpg,outdoor,Europe,Europe,14,18
Europe\shard0_09343.jpg,outdoor,Europe,Europe,13,18
Europe\shard0_04761.jpg,outdoor,Europe,Europe,13,18
Europe\shard0_01088.jpg,outdoor,Europe,Europe,14,19
Europe\shard0_22648.jpg,outdoor,Europe,Europe,14,19
Europe\shard0_17315.jpg,outdoor,Europe,Europe,13,20
Europe\shard0_05408.jpg,outdoor,Europe,Europe,14,19
Europe\shard0_16171.jpg,outdoor,Europe,Europe,14,19
Europe\shard0_06019.jpg,outdoor,Europe,Europe,13,19
Europe\shard0_22418.jpg,outdoor,Europe,Europe,14,21
Europe\shard0_13811.jpg,outdoor,Europe,Europe,14,17
Europe\shard0_29612.jpg,outdoor,Europe,Europe,14,17
Europe\shard0_14693.jpg,outdoor,Europe,Europe,14,20
Europe\shard0_17047.jpg,outdoor,Europe,Europe,14,18
Europe\shard0_28323.jpg,outdoor,Europe,Europe,12,17
Europe\shard0_05328.jpg,outdoor,Europe,Europe,13,18
Europe\shard0_12973.jpg,outdoor,Europe,Europe,13,17
Europe\shard0_03693.jpg,outdoor,Europe,Europe,14,19
Europe\shard0_28663.jpg,outdoor,Europe,Europe,13,19
Europe\shard0_08950.jpg,outdoor,Europe,Europe,14,17
Europe\shard0_25044.jpg,outdoor,Europe,Europe,14,17
Europe\shard0_27823.jpg,outdoor,Europe,Europe,12,17
Europe\shard0_13894.jpg,outdoor,Europe,Europe,14,19
Europe\shard0_09260.jpg,outdoor,Europe,Europe,15,20
Europe\shard0_00235.jpg,outdoor,Europe,Europe,12,17
Europe\shard0_24964.jpg,outdoor,Europe,Europe,14,21
Europe\shard0_21310.jpg,outdoor,Europe,Europe,13,18
Europe\shard0_10892.jpg,outdoor,Europe,Europe,13,18
Europe\shard0_06279.jpg,outdoor,Europe,Europe,14,18
Europe\shard0_15206.jpg,outdoor,Europe,Europe,13,19
Europe\shard0_17669.jpg,outdoor,Europe,Europe,14,17
Europe\shard0_24212.jpg,outdoor,Europe,Europe,14,18
Europe\shard0_05934.jpg,outdoor,Europe,Europe,13,17
Europe\shard0_13193.jpg,outdoor,Europe,Europe,14,18
Europe\shard0_00599.jpg,outdoor,Europe,Europe,13,18
Europe\shard0_10951.jpg,outdoor,Europe,Europe,13,17
Europe\shard0_12954.jpg,outdoor,Europe,Europe,13,18
Europe\shard0_08356.jpg,outdoor,Europe,Europe,14,17
Europe\shard0_27977.jpg,outdoor,Europe,Europe,14,19
Europe\shard0_08970.jpg,outdoor,Europe,Europe,14,17
Europe\shard0_17790.jpg,outdoor,Europe,Europe,14,19
Europe\shard0_13724.jpg,outdoor,Europe,Europe,13,18
Europe\shard0_23106.jpg,outdoor,Europe,Europe,12,17
Europe\shard0_29969.jpg,outdoor,Europe,Europe,14,17
Europe\shard0_03407.jpg,outdoor,Europe,Europe,13,18
Europe\shard0_12278.jpg,outdoor,Europe,Europe,14,17
Europe\shard0_19546.jpg,outdoor,Europe,Europe,14,19
Europe\shard0_12349.jpg,outdoor,Europe,Europe,14,20
Europe\shard0_23968.jpg,outdoor,Europe,Europe,13,18
Europe\shard0_14616.jpg,outdoor,Europe,Europe,13,18
Europe\shard0_01445.jpg,outdoor,Europe,Europe,14,17
Europe\shard0_05676.jpg,outdoor,Europe,Europe,14,18
Europe\shard0_27730.jpg,outdoor,Europe,Europe,13,19
Europe\shard0_07011.jpg,outdoor,Europe,Europe,13,18
Europe\shard0_26225.jpg,outdoor,Europe,Europe,13,18
Europe\shard0_25600.jpg,outdoor,Europe,Europe,12,17
Europe\shard0_07171.jpg,outdoor,Europe,Europe,14,19
Europe\shard0_19165.jpg,outdoor,Europe,Europe,13,18
Europe\shard0_03318.jpg,outdoor,Europe,Europe,14,19
Europe\shard0_10580.jpg,outdoor,Europe,Europe,14,21
Europe\shard0_04766.jpg,outdoor,Europe,Europe,14,17
Europe\shard0_00680.jpg,outdoor,Europe,Europe,13,18
Europe\shard0_19409.jpg,outdoor,Europe,Europe,14,18
Europe\shard0_28337.jpg,outdoor,Europe,Europe,14,17
Europe\shard0_02457.jpg,outdoor,Europe,Europe,13,17
Europe\shard0_08368.jpg,outdoor,Europe,Europe,13,18
Europe\shard0_19101.jpg,outdoor,Europe,Europe,14,17
Europe\shard0_00302.jpg,outdoor,Europe,Europe,13,18
Europe\shard0_03224.jpg,outdoor,Europe,Europe,14,17
Europe\shard0_04046.jpg,outdoor,Europe,Europe,13,19
Europe\shard0_24983.jpg,outdoor,Europe,Europe,13,18
Europe\shard0_01178.jpg,outdoor,Europe,Europe,13,18
Europe\shard0_16681.jpg,outdoor,Europe,Europe,13,17
Europe\shard0_05808.jpg,outdoor,Europe,Europe,13,18
Europe\shard0_01117.jpg,outdoor,Europe,Europe,14,17
Europe\shard0_08139.jpg,outdoor,Europe,Europe,14,18
Europe\shard0_16040.jpg,outdoor,Europe,Europe,13,19
Europe\shard0_18378.jpg,outdoor,Europe,Europe,13,19
Europe\shard0_26083.jpg,outdoor,Europe,Europe,14,21
Europe\shard0_15341.jpg,outdoor,Europe,Europe,13,17
Europe\shard0_07143.jpg,outdoor,Europe,Europe,13,19
Europe\shard0_05075.jpg,outdoor,Europe,Europe,14,17
Europe\shard0_20579.jpg,outdoor,Europe,Europe,13,18
Europe\shard0_19073.jpg,outdoor,Europe,Europe,14,17
Europe\shard0_25561.jpg,outdoor,Europe,Europe,14,19
Europe\shard0_22344.jpg,outdoor,Europe,Europe,14,19
Europe\shard0_18984.jpg,outdoor,Europe,Europe,14,17
Europe\shard0_03232.jpg,outdoor,Europe,Europe,13,17
Europe\shard0_09163.jpg,outdoor,Europe,Europe,14,17
Europe\shard0_08062.jpg,outdoor,Europe,Europe,14,17
Europe\shard0_18097.jpg,outdoor,Europe,Europe,14,17
Europe\shard0_10361.jpg,outdoor,Europe,Europe,13,19
Europe\shard0_21599.jpg,outdoor,Europe,Europe,14,17
Europe\shard0_27459.jpg,outdoor,Europe,Europe,12,20
Europe\shard0_09128.jpg,outdoor,Europe,Europe,12,17
Europe\shard0_29195.jpg,outdoor,Europe,Europe,13,18
Europe\shard0_23611.jpg,outdoor,Europe,Europe,13,19
Europe\shard0_00382.jpg,outdoor,Europe,Europe,13,18
Europe\shard0_17593.jpg,outdoor,Europe,Europe,13,18
Europe\shard0_02948.jpg,outdoor,Europe,Europe,14,19
Europe\shard0_27839.jpg,outdoor,Europe,Europe,14,19
Europe\shard0_01863.jpg,outdoor,Europe,Europe,12,20
Europe\shard0_19962.jpg,outdoor,Europe,Europe,14,17
Europe\shard0_29203.jpg,outdoor,Europe,Europe,14,20
Europe\shard0_21201.jpg,outdoor,Europe,Europe,14,19
Europe\shard0_04642.jpg,outdoor,Europe,Europe,13,18
Europe\shard0_25182.jpg,outdoor,Europe,Europe,14,17
Europe\shard0_19404.jpg,outdoor,Europe,Europe,14,19
Europe\shard0_05709.jpg,outdoor,Europe,Europe,13,18
Europe\shard0_09501.jpg,outdoor,Europe,Europe,14,18
Europe\shard0_17545.jpg,outdoor,Europe,Europe,14,17
Europe\shard0_01558.jpg,outdoor,Europe,Europe,14,18
Europe\shard0_08747.jpg,outdoor,Europe,Europe,14,18
Europe\shard0_03708.jpg,outdoor,Europe,Europe,13,19
Europe\shard0_13567.jpg,outdoor,Europe,Europe,15,20
Europe\shard0_08304.jpg,outdoor,Europe,Europe,13,18
Europe\shard0_14846.jpg,outdoor,Europe,Europe,13,19
Europe\shard0_21056.jpg,outdoor,Europe,Europe,14,18
Europe\shard0_02683.jpg,outdoor,Europe,Europe,12,17
Europe\shard0_00840.jpg,outdoor,Europe,Europe,13,17
Europe\shard0_07840.jpg,outdoor,Europe,Europe,14,17
Europe\shard0_29004.jpg,outdoor,Europe,Europe,14,17
Europe\shard0_21718.jpg,outdoor,Europe,Europe,12,17
Europe\shard0_08820.jpg,outdoor,Europe,Europe,13,18
Europe\shard0_10332.jpg,outdoor,Europe,Europe,15,16
Europe\shard0_06509.jpg,outdoor,Europe,Europe,14,19
Europe\shard0_19376.jpg,outdoor,Europe,Europe,14,17
Europe\shard0_28360.jpg,outdoor,Europe,Europe,13,18
Europe\shard0_19992.jpg,outdoor,Europe,Europe,14,19
Europe\shard0_08560.jpg,outdoor,Europe,Europe,14,19
Europe\shard0_03045.jpg,outdoor,Europe,Europe,14,17
Europe\shard0_09580.jpg,outdoor,Europe,Europe,14,17
Europe\shard0_11993.jpg,outdoor,Europe,Europe,14,18
Europe\shard0_21505.jpg,outdoor,Europe,Europe,14,19
Europe\shard0_17172.jpg,outdoor,Europe,Europe,12,19
Europe\shard0_18224.jpg,outdoor,Europe,Europe,13,18
Europe\shard0_05892.jpg,outdoor,Europe,Europe,14,17
Europe\shard0_12316.jpg,outdoor,Europe,Europe,12,17
Europe\shard0_13336.jpg,outdoor,Europe,Europe,14,19
Europe\shard0_13075.jpg,outdoor,Europe,Europe,13,19
Europe\shard0_12681.jpg,outdoor,Europe,Europe,12,20
Europe\shard0_22459.jpg,outdoor,Europe,Europe,13,17
Europe\shard0_23279.jpg,outdoor,Europe,Europe,14,17
Europe\shard0_02056.jpg,outdoor,Europe,Europe,14,17
Europe\shard0_13902.jpg,outdoor,Europe,Europe,13,19
Europe\shard0_26347.jpg,outdoor,Europe,Europe,13,19
Europe\shard0_26840.jpg,outdoor,Europe,Europe,13,19
Europe\shard0_20685.jpg,outdoor,Europe,Europe,13,17
Europe\shard0_29264.jpg,outdoor,Europe,Europe,14,19
Europe\shard0_16170.jpg,outdoor,Europe,Europe,13,18
Europe\shard0_05610.jpg,outdoor,Europe,Europe,14,17
Europe\shard0_02244.jpg,outdoor,Europe,Europe,12,17
Europe\shard0_01418.jpg,outdoor,Europe,Europe,14,19
Europe\shard0_15923.jpg,outdoor,Europe,Europe,14,19
Europe\shard0_25914.jpg,outdoor,Europe,Europe,14,18
Europe\shard0_27217.jpg,outdoor,Europe,Europe,13,18
Europe\shard0_27357.jpg,outdoor,Europe,Europe,13,19
Europe\shard0_12119.jpg,outdoor,Europe,Europe,15,21
Europe\shard0_13816.jpg,outdoor,Europe,Europe,14,17
Europe\shard0_02995.jpg,outdoor,Europe,Europe,13,18
Europe\shard0_20149.jpg,outdoor,Europe,Europe,13,18
Europe\shard0_28300.jpg,outdoor,Europe,Europe,13,20
Europe\shard0_24307.jpg,outdoor,Europe,Europe,14,18
Europe\shard0_19644.jpg,outdoor,Europe,Europe,13,17
Europe\shard0_00826.jpg,outdoor,Europe,Europe,13,18
Europe\shard0_13392.jpg,outdoor,Europe,Europe,14,19
Europe\shard0_21938.jpg,outdoor,Europe,Europe,14,17
Europe\shard0_26775.jpg,outdoor,Europe,Europe,13,22
Europe\shard0_21539.jpg,outdoor,Europe,Europe,14,19
Europe\shard0_12836.jpg,outdoor,Europe,Europe,13,17
Europe\shard0_22500.jpg,outdoor,Europe,Europe,13,19
Europe\shard0_05820.jpg,outdoor,Europe,Europe,14,18
Europe\shard0_08932.jpg,outdoor,Europe,Europe,14,19
Europe\shard0_02878.jpg,outdoor,Europe,Europe,13,18
Europe\shard0_17086.jpg,outdoor,Europe,Europe,13,18
Europe\shard0_00180.jpg,outdoor,Europe,Europe,14,17
Europe\shard0_23475.jpg,outdoor,Europe,Europe,13,18
Europe\shard0_22347.jpg,outdoor,Europe,Europe,12,17
Europe\shard0_19082.jpg,outdoor,Europe,Europe,14,19
Europe\shard0_03526.jpg,outdoor,Europe,Europe,13,18
Europe\shard0_26356.jpg,outdoor,Europe,Europe,13,17
Europe\shard0_21940.jpg,outdoor,Europe,Europe,14,17
Europe\shard0_11312.jpg,outdoor,Europe,Europe,14,20
Europe\shard0_20800.jpg,outdoor,Europe,Europe,13,18
Europe\shard0_27169.jpg,outdoor,Europe,Europe,13,18
Europe\shard0_02055.jpg,outdoor,Europe,Europe,14,17
Europe\shard0_12365.jpg,outdoor,Europe,Europe,13,20
Europe\shard0_11546.jpg,outdoor,Europe,Europe,13,18
Europe\shard0_16866.jpg,outdoor,Europe,Europe,13,18
Europe\shard0_00546.jpg,outdoor,Europe,Europe,13,18
Europe\shard0_20433.jpg,outdoor,Europe,Europe,13,19
Europe\shard0_17097.jpg,outdoor,Europe,Europe,12,17
Europe\shard0_12457.jpg,outdoor,Europe,Europe,13,19
Europe\shard0_15539.jpg,outdoor,Europe,Europe,12,17
Europe\shard0_00418.jpg,outdoor,Europe,Europe,14,18
Europe\shard0_12452.jpg,outdoor,Europe,Europe,14,18
Europe\shard0_01815.jpg,outdoor,Europe,Europe,14,20
Europe\shard0_18467.jpg,outdoor,Europe,Europe,13,19
Europe\shard0_04929.jpg,outdoor,Europe,Europe,13,19
Europe\shard0_12732.jpg,outdoor,Europe,Europe,13,18
Europe\shard0_02348.jpg,outdoor,Europe,Europe,14,18
Europe\shard0_23423.jpg,outdoor,Europe,Europe,13,19
Europe\shard0_01754.jpg,outdoor,Europe,Europe,14,18
Europe\shard0_19580.jpg,outdoor,Europe,Europe,13,17
Europe\shard0_14717.jpg,outdoor,Europe,Europe,13,18
Europe\shard0_17561.jpg,outdoor,Europe,Europe,13,19
Europe\shard0_01218.jpg,outdoor,Europe,Europe,14,18
Europe\shard0_14963.jpg,outdoor,Europe,Europe,13,18
Europe\shard0_22257.jpg,outdoor,Europe,Europe,14,17
Europe\shard0_21351.jpg,outdoor,Europe,Europe,14,19
Europe\shard0_29654.jpg,outdoor,Europe,Europe,13,19
Europe\shard0_26227.jpg,outdoor,Europe,Europe,13,18
Europe\shard0_01757.jpg,outdoor,Europe,Europe,13,17
Europe\shard0_12358.jpg,outdoor,Europe,Europe,13,20
Europe\shard0_22844.jpg,outdoor,Europe,Europe,14,18
Europe\shard0_24192.jpg,outdoor,Europe,Europe,13,19
Europe\shard0_03538.jpg,outdoor,Europe,Europe,14,20
Europe\shard0_10822.jpg,outdoor,Europe,Europe,13,17
Europe\shard0_02620.jpg,outdoor,Europe,Europe,14,19
Europe\shard0_05955.jpg,outdoor,Europe,Europe,13,19
Europe\shard0_14115.jpg,outdoor,Europe,Europe,13,18
Europe\shard0_28166.jpg,outdoor,Europe,Europe,14,17
Europe\shard0_03935.jpg,outdoor,Europe,Europe,13,18
Europe\shard0_01514.jpg,outdoor,Europe,Europe,13,18
Europe\shard0_09216.jpg,outdoor,Europe,Europe,12,17
Europe\shard0_05828.jpg,outdoor,Europe,Europe,14,17
Europe\shard0_08925.jpg,outdoor,Europe,Europe,14,19
Europe\shard0_27070.jpg,outdoor,Europe,Europe,13,19
Europe\shard0_27103.jpg,outdoor,Europe,Europe,14,17
Europe\shard0_25029.jpg,outdoor,Europe,Europe,13,18
Europe\shard0_17808.jpg,outdoor,Europe,Europe,14,17
Europe\shard0_25346.jpg,outdoor,Europe,Europe,13,18
Europe\shard0_11659.jpg,outdoor,Europe,Europe,13,18
Europe\shard0_10863.jpg,outdoor,Europe,Europe,14,18
Europe\shard0_07668.jpg,outdoor,Europe,Europe,14,17
Europe\shard0_02991.jpg,outdoor,Europe,Europe,13,17
Europe\shard0_02786.jpg,outdoor,Europe,Europe,13,17
Europe\shard0_26364.jpg,outdoor,Europe,Europe,14,17
Europe\shard0_05153.jpg,outdoor,Europe,Europe,13,17
Europe\shard0_26575.jpg,outdoor,Europe,Europe,13,18
Europe\shard0_11241.jpg,outdoor,Europe,Europe,14,19
Europe\shard0_25133.jpg,outdoor,Europe,Europe,15,18
Europe\shard0_26991.jpg,outdoor,Europe,Europe,13,19
Europe\shard0_07594.jpg,outdoor,Europe,Europe,14,19
Europe\shard0_26882.jpg,outdoor,Europe,Europe,14,18
Europe\shard0_20926.jpg,outdoor,Europe,Europe,13,18
Europe\shard0_01451.jpg,outdoor,Europe,Europe,13,18
Europe\shard0_07746.jpg,outdoor,Europe,Europe,14,17
Europe\shard0_04617.jpg,outdoor,Europe,Europe,14,18
Europe\shard0_28871.jpg,outdoor,Europe,Europe,14,17
Europe\shard0_19050.jpg,outdoor,Europe,Europe,14,19
Europe\shard0_15922.jpg,outdoor,Europe,Europe,14,18
Europe\shard0_15828.jpg,outdoor,Europe,Europe,13,18
Europe\shard0_11805.jpg,outdoor,Europe,Europe,13,19
Europe\shard0_29565.jpg,outdoor,Europe,Europe,14,18
Europe\shard0_00724.jpg,outdoor,Europe,Europe,14,17
Europe\shard0_19627.jpg,outdoor,Europe,Europe,14,19
Europe\shard0_16557.jpg,outdoor,Europe,Europe,13,17
Europe\shard0_00678.jpg,outdoor,Europe,Europe,14,19
Europe\shard0_07572.jpg,outdoor,Europe,Europe,13,18
Europe\shard0_04361.jpg,outdoor,Europe,Europe,14,21
Europe\shard0_20009.jpg,outdoor,Europe,Europe,14,19
Europe\shard0_13379.jpg,outdoor,Europe,Europe,14,17
Europe\shard0_09067.jpg,outdoor,Europe,Europe,12,17
Europe\shard0_26243.jpg,outdoor,Europe,Europe,12,17
Europe\shard0_29239.jpg,outdoor,Europe,Europe,14,17
Europe\shard0_20031.jpg,outdoor,Europe,Europe,14,17
Europe\shard0_18387.jpg,outdoor,Europe,Europe,15,18
Europe\shard0_04683.jpg,outdoor,Europe,Europe,13,17
Europe\shard0_16860.jpg,outdoor,Europe,Europe,14,17
Europe\shard0_17389.jpg,outdoor,Europe,Europe,14,18
Europe\shard0_28815.jpg,outdoor,Europe,Europe,14,18
Europe\shard0_22372.jpg,outdoor,Europe,Europe,14,18
Europe\shard0_21233.jpg,outdoor,Europe,Europe,12,19
Europe\shard0_06516.jpg,outdoor,Europe,Europe,13,19
Europe\shard0_02025.jpg,outdoor,Europe,Europe,13,19
Europe\shard0_00653.jpg,outdoor,Europe,Europe,14,17
Europe\shard0_14857.jpg,outdoor,Europe,Europe,13,17
Europe\shard0_20760.jpg,outdoor,Europe,Europe,13,19
Europe\shard0_14434.jpg,outdoor,Europe,Europe,14,17
Europe\shard0_21013.jpg,outdoor,Europe,Europe,14,19
Europe\shard0_12797.jpg,outdoor,Europe,Europe,15,18
Europe\shard0_20309.jpg,outdoor,Europe,Europe,14,21
Europe\shard0_15479.jpg,outdoor,Europe,Europe,14,17
Europe\shard0_00392.jpg,outdoor,Europe,Europe,13,17
Europe\shard0_12790.jpg,outdoor,Europe,Europe,14,17
Europe\shard0_20140.jpg,outdoor,Europe,Europe,14,17
Europe\shard0_18218.jpg,outdoor,Europe,Europe,12,17
Europe\shard0_27838.jpg,outdoor,Europe,Europe,14,19
Europe\shard0_04392.jpg,outdoor,Europe,Europe,13,18
Europe\shard0_18431.jpg,outdoor,Europe,Europe,13,19
Europe\shard0_06897.jpg,outdoor,Europe,Europe,14,17
Europe\shard0_26908.jpg,outdoor,Europe,Europe,14,19
Europe\shard0_16914.jpg,outdoor,Europe,Europe,14,17
Europe\shard0_22128.jpg,outdoor,Europe,Europe,13,19
Europe\shard0_24033.jpg,outdoor,Europe,Europe,14,18
Europe\shard0_11407.jpg,outdoor,Europe,Europe,12,20
Europe\shard0_19889.jpg,outdoor,Europe,Europe,14,18
Europe\shard0_06508.jpg,outdoor,Europe,Europe,14,19
Europe\shard0_00608.jpg,outdoor,Europe,Europe,14,18
Europe\shard0_26849.jpg,outdoor,Europe,Europe,14,18
Europe\shard0_09778.jpg,outdoor,Europe,Europe,14,17
Europe\shard0_06224.jpg,outdoor,Europe,Europe,13,17
Europe\shard0_25255.jpg,outdoor,Europe,Europe,13,19
Europe\shard0_10013.jpg,outdoor,Europe,Europe,13,19
Europe\shard0_15677.jpg,outdoor,Europe,Europe,12,20
Europe\shard0_13854.jpg,outdoor,Europe,Europe,14,17
Europe\shard0_27996.jpg,outdoor,Europe,Europe,14,19
Europe\shard0_22049.jpg,outdoor,Europe,Europe,13,18
Europe\shard0_13449.jpg,outdoor,Europe,Europe,12,17
Europe\shard0_26304.jpg,outdoor,Europe,Europe,15,19
Europe\shard0_08799.jpg,outdoor,Europe,Europe,13,19
Europe\shard0_16629.jpg,outdoor,Europe,Europe,12,19
Europe\shard0_18103.jpg,outdoor,Europe,Europe,14,17
Europe\shard0_16729.jpg,outdoor,Europe,Europe,14,17
Europe\shard0_11699.jpg,outdoor,Europe,Europe,15,18
Europe\shard0_07183.jpg,outdoor,Europe,Europe,13,18
Europe\shard0_23118.jpg,outdoor,Europe,Europe,14,19
Europe\shard0_21299.jpg,outdoor,Europe,Europe,14,17
Europe\shard0_25791.jpg,outdoor,Europe,Europe,14,17
Europe\shard0_19025.jpg,outdoor,Europe,Europe,14,18
Europe\shard0_01211.jpg,outdoor,Europe,Europe,14,19
Europe\shard0_00809.jpg,outdoor,Europe,Europe,13,18
Europe\shard0_15571.jpg,outdoor,Europe,Europe,13,18
Europe\shard0_18010.jpg,outdoor,Europe,Europe,13,18
Europe\shard0_16385.jpg,outdoor,Europe,Europe,14,18
Europe\shard0_27751.jpg,outdoor,Europe,Europe,14,17
Europe\shard0_01930.jpg,outdoor,Europe,Europe,14,17
Europe\shard0_12753.jpg,outdoor,Europe,Europe,13,18
Europe\shard0_00780.jpg,outdoor,Europe,Europe,13,18
Europe\shard0_05680.jpg,outdoor,Europe,Europe,12,20
Europe\shard0_04538.jpg,outdoor,Europe,Europe,13,18
Europe\shard0_10143.jpg,outdoor,Europe,Europe,13,19
Europe\shard0_03441.jpg,outdoor,Europe,Europe,14,18
Europe\shard0_10758.jpg,outdoor,Europe,Europe,15,20
Europe\shard0_01195.jpg,outdoor,Europe,Europe,14,18
Europe\shard0_07303.jpg,outdoor,Europe,Europe,13,19
Europe\shard0_17151.jpg,outdoor,Europe,Europe,14,17
Europe\shard0_07958.jpg,outdoor,Europe,Europe,14,17
Europe\shard0_12696.jpg,outdoor,Europe,Europe,14,17
Europe\shard0_10923.jpg,outdoor,Europe,Europe,12,17
Europe\shard0_17017.jpg,outdoor,Europe,Europe,12,17
Europe\shard0_06042.jpg,outdoor,Europe,Europe,12,20
Europe\shard0_12144.jpg,outdoor,Europe,Europe,14,17
Europe\shard0_03324.jpg,outdoor,Europe,Europe,13,19
Europe\shard0_07957.jpg,outdoor,Europe,Europe,13,18
Europe\shard0_27927.jpg,outdoor,Europe,Europe,14,18
Europe\shard0_20987.jpg,outdoor,Europe,Europe,13,17
Europe\shard0_06755.jpg,outdoor,Europe,Europe,14,17
Europe\shard0_01500.jpg,outdoor,Europe,Europe,13,19
Europe\shard0_06050.jpg,outdoor,Europe,Europe,13,17
Europe\shard0_00797.jpg,outdoor,Europe,Europe,13,18
Europe\shard0_13297.jpg,outdoor,Europe,Europe,14,18
Europe\shard0_24006.jpg,outdoor,Europe,Europe,14,20
Europe\shard0_07827.jpg,outdoor,Europe,Europe,13,19
Europe\shard0_19729.jpg,outdoor,Europe,Europe,12,17
Europe\shard0_09597.jpg,outdoor,Europe,Europe,12,17
Europe\shard0_10668.jpg,outdoor,Europe,Europe,13,20
Europe\shard0_21500.jpg,outdoor,Europe,Europe,13,17
Europe\shard0_26176.jpg,outdoor,Europe,Europe,14,18
Europe\shard0_05376.jpg,outdoor,Europe,Europe,13,19
Europe\shard0_18777.jpg,outdoor,Europe,Europe,14,20
Europe\shard0_13644.jpg,outdoor,Europe,Europe,13,18
Europe\shard0_22962.jpg,outdoor,Europe,Europe,14,17
Europe\shard0_02718.jpg,outdoor,Europe,Europe,13,20
Europe\shard0_00692.jpg,outdoor,Europe,Europe,14,17
Europe\shard0_28673.jpg,outdoor,Europe,Europe,15,19
Europe\shard0_14143.jpg,outdoor,Europe,Europe,14,17
Europe\shard0_27795.jpg,outdoor,Europe,Europe,13,18
Europe\shard0_17968.jpg,outdoor,Europe,Europe,13,18
Europe\shard0_01107.jpg,outdoor,Europe,Europe,14,18
Europe\shard0_21291.jpg,outdoor,Europe,Europe,13,17
Europe\shard0_13001.jpg,outdoor,Europe,Europe,13,21
Europe\shard0_12739.jpg,outdoor,Europe,Europe,13,18
Europe\shard0_14551.jpg,outdoor,Europe,Europe,14,19
Europe\shard0_09772.jpg,outdoor,Europe,Europe,13,19
Europe\shard0_01131.jpg,outdoor,Europe,Europe,13,18
Europe\shard0_12035.jpg,outdoor,Europe,Europe,13,17
Europe\shard0_29620.jpg,outdoor,Europe,Europe,15,19
Europe\shard0_22542.jpg,outdoor,Europe,Europe,14,17
Europe\shard0_03912.jpg,outdoor,Europe,Europe,14,19
Europe\shard0_12654.jpg,outdoor,Europe,Europe,14,17
Europe\shard0_08901.jpg,outdoor,Europe,Europe,12,17
Europe\shard0_29752.jpg,outdoor,Europe,Europe,13,17
Europe\shard0_00144.jpg,outdoor,Europe,Europe,14,19
Europe\shard0_28501.jpg,outdoor,Europe,Europe,14,18
Europe\shard0_23507.jpg,outdoor,Europe,Europe,15,20
Europe\shard0_21203.jpg,outdoor,Europe,Europe,13,18
Europe\shard0_10791.jpg,outdoor,Europe,Europe,13,18
Europe\shard0_24022.jpg,outdoor,Europe,Europe,14,18
Europe\shard0_22974.jpg,outdoor,Europe,Europe,14,18
Europe\shard0_01069.jpg,outdoor,Europe,Europe,13,17
Europe\shard0_25734.jpg,outdoor,Europe,Europe,14,17
Europe\shard0_11282.jpg,outdoor,Europe,Europe,14,17
Europe\shard0_24493.jpg,outdoor,Europe,Europe,13,18
Europe\shard0_21603.jpg,outdoor,Europe,Europe,14,17
Europe\shard0_18247.jpg,outdoor,Europe,Europe,12,17
Europe\shard0_23293.jpg,outdoor,Europe,Europe,13,18
Europe\shard0_00416.jpg,outdoor,Europe,Europe,13,18
Europe\shard0_12570.jpg,outdoor,Europe,Europe,15,20
Europe\shard0_05505.jpg,outdoor,Europe,Europe,15,20
Europe\shard0_10212.jpg,outdoor,Europe,Europe,14,17
Europe\shard0_00850.jpg,outdoor,Europe,Europe,13,17
Europe\shard0_19865.jpg,outdoor,Europe,Europe,14,19
Europe\shard0_25750.jpg,outdoor,Europe,Europe,13,19
Europe\shard0_13964.jpg,outdoor,Europe,Europe,14,19
Europe\shard0_18276.jpg,outdoor,Europe,Europe,13,17
Europe\shard0_00308.jpg,outdoor,Europe,Europe,14,18
Europe\shard0_03461.jpg,outdoor,Europe,Europe,14,20
Europe\shard0_27881.jpg,outdoor,Europe,Europe,14,17
Europe\shard0_20171.jpg,outdoor,Europe,Europe,15,16
Europe\shard0_01798.jpg,outdoor,Europe,Europe,14,19
Europe\shard0_26511.jpg,outdoor,Europe,Europe,13,17
Europe\shard0_02175.jpg,outdoor,Europe,Europe,13,18
Europe\shard0_24481.jpg,outdoor,Europe,Europe,14,17
Europe\shard0_09361.jpg,outdoor,Europe,Europe,13,18
Europe\shard0_25229.jpg,outdoor,Europe,Europe,14,20
Europe\shard0_29402.jpg,outdoor,Europe,Europe,13,19
Europe\shard0_08944.jpg,outdoor,Europe,Europe,14,21
Europe\shard0_28363.jpg,outdoor,Europe,Europe,13,18
Europe\shard0_17076.jpg,outdoor,Europe,Europe,14,18
Europe\shard0_09628.jpg,outdoor,Europe,Europe,14,18
Europe\shard0_09212.jpg,outdoor,Europe,Europe,14,18
Europe\shard0_25190.jpg,outdoor,Europe,Europe,12,17
Europe\shard0_08562.jpg,outdoor,Europe,Europe,13,19
Europe\shard0_21100.jpg,outdoor,Europe,Europe,14,18
Europe\shard0_16517.jpg,outdoor,Europe,Europe,13,18
Europe\shard0_26587.jpg,outdoor,Europe,Europe,14,18
Europe\shard0_02586.jpg,outdoor,Europe,Europe,13,18
Europe\shard0_28314.jpg,outdoor,Europe,Europe,13,18
Europe\shard0_02818.jpg,outdoor,Europe,Europe,14,17
Europe\shard0_25700.jpg,outdoor,Europe,Europe,14,17
Europe\shard0_15741.jpg,outdoor,Europe,Europe,13,17
Europe\shard0_29545.jpg,outdoor,Europe,Europe,14,19
Europe\shard0_15090.jpg,outdoor,Europe,Europe,12,17
Europe\shard0_11970.jpg,outdoor,Europe,Europe,14,20
Europe\shard0_20228.jpg,outdoor,Europe,Europe,13,17
Europe\shard0_13153.jpg,outdoor,Europe,Europe,14,17
Europe\shard0_05657.jpg,outdoor,Europe,Europe,13,18
Europe\shard0_04868.jpg,outdoor,Europe,Europe,14,18
Europe\shard0_22904.jpg,outdoor,Europe,Europe,14,17
Europe\shard0_07673.jpg,outdoor,Europe,Europe,13,18
Europe\shard0_00393.jpg,outdoor,Europe,Europe,13,18
Europe\shard0_04193.jpg,outdoor,Europe,Europe,14,27
Europe\shard0_01222.jpg,outdoor,Europe,Europe,13,19
Europe\shard0_05133.jpg,outdoor,Europe,Europe,12,20
Europe\shard0_05664.jpg,outdoor,Europe,Europe,13,18
Europe\shard0_16647.jpg,outdoor,Europe,Europe,13,18
Europe\shard0_23577.jpg,outdoor,Europe,Europe,13,19
Europe\shard0_12217.jpg,outdoor,Europe,Europe,12,17
Europe\shard0_17256.jpg,outdoor,Europe,Europe,14,19
Europe\shard0_24230.jpg,outdoor,Europe,Europe,14,19
Europe\shard0_11801.jpg,outdoor,Europe,Europe,13,19
Europe\shard0_24804.jpg,outdoor,Europe,Europe,14,17
Europe\shard0_04393.jpg,outdoor,Europe,Europe,13,19
Europe\shard0_24418.jpg,outdoor,Europe,Europe,14,21
Europe\shard0_28210.jpg,outdoor,Europe,Europe,14,19
Europe\shard0_22838.jpg,outdoor,Europe,Europe,14,19
Europe\shard0_29991.jpg,outdoor,Europe,Europe,12,17
Europe\shard0_25824.jpg,outdoor,Europe,Europe,13,19
Europe\shard0_02728.jpg,outdoor,Europe,Europe,12,17
Europe\shard0_21969.jpg,outdoor,Europe,Europe,14,17
Europe\shard0_19342.jpg,outdoor,Europe,Europe,14,19
Europe\shard0_10824.jpg,outdoor,Europe,Europe,14,17
Europe\shard0_23097.jpg,outdoor,Europe,Europe,14,18
Europe\shard0_19370.jpg,outdoor,Europe,Europe,14,17
Europe\shard0_23362.jpg,outdoor,Europe,Europe,13,18
Europe\shard0_09637.jpg,outdoor,Europe,Europe,12,19
Europe\shard0_24270.jpg,outdoor,Europe,Europe,13,17
Europe\shard0_01275.jpg,outdoor,Europe,Europe,13,19
Europe\shard0_10400.jpg,outdoor,Europe,Europe,14,17
Europe\shard0_25111.jpg,outdoor,Europe,Europe,14,17
Europe\shard0_08675.jpg,outdoor,Europe,Europe,14,17
Europe\shard0_22226.jpg,outdoor,Europe,Europe,14,17
Europe\shard0_28116.jpg,outdoor,Europe,Europe,14,17
Europe\shard0_26047.jpg,outdoor,Europe,Europe,13,19
Europe\shard0_12997.jpg,outdoor,Europe,Europe,14,18
Europe\shard0_26108.jpg,outdoor,Europe,Europe,13,18
Europe\shard0_15954.jpg,outdoor,Europe,Europe,13,18
Europe\shard0_10901.jpg,outdoor,Europe,Europe,12,17
Europe\shard0_20557.jpg,outdoor,Europe,Europe,14,17
Europe\shard0_17820.jpg,outdoor,Europe,Europe,14,17
Europe\shard0_06583.jpg,outdoor,Europe,Europe,13,17
Europe\shard0_21704.jpg,outdoor,Europe,Europe,14,19
Europe\shard0_01364.jpg,outdoor,Europe,Europe,14,17
Europe\shard0_21918.jpg,outdoor,Europe,Europe,14,19
Europe\shard0_12617.jpg,outdoor,Europe,Europe,14,17
Europe\shard0_16548.jpg,outdoor,Europe,Europe,14,17
Europe\shard0_22318.jpg,outdoor,Europe,Europe,14,17
Europe\shard0_06378.jpg,outdoor,Europe,Europe,14,18
Europe\shard0_18267.jpg,outdoor,Europe,Europe,14,18
Europe\shard0_14454.jpg,outdoor,Europe,Europe,14,17
Europe\shard0_29047.jpg,outdoor,Europe,Europe,13,18
Europe\shard0_03457.jpg,outdoor,Europe,Europe,14,19
Europe\shard0_17605.jpg,outdoor,Europe,Europe,14,19
Europe\shard0_08835.jpg,outdoor,Europe,Europe,13,17
Europe\shard0_15085.jpg,outdoor,Europe,Europe,13,18
Europe\shard0_08839.jpg,outdoor,Europe,Europe,13,17
Europe\shard0_13028.jpg,outdoor,Europe,Europe,13,17
Europe\shard0_14842.jpg,outdoor,Europe,Europe,14,18
Europe\shard0_25491.jpg,outdoor,Europe,Europe,14,19
Europe\shard0_08479.jpg,outdoor,Europe,Europe,14,19
Europe\shard0_18931.jpg,outdoor,Europe,Europe,13,19
Europe\shard0_15408.jpg,outdoor,Europe,Europe,13,18
Europe\shard0_23513.jpg,outdoor,Europe,Europe,14,17
Europe\shard0_00310.jpg,outdoor,Europe,Europe,14,19
Europe\shard0_25042.jpg,outdoor,Europe,Europe,14,18
Europe\shard0_07455.jpg,outdoor,Europe,Europe,13,18
Europe\shard0_10938.jpg,outdoor,Europe,Europe,13,18
Europe\shard0_23643.jpg,outdoor,Europe,Europe,15,20
Europe\shard0_10353.jpg,outdoor,Europe,Europe,12,20
Europe\shard0_25741.jpg,outdoor,Europe,Europe,13,18
Europe\shard0_27571.jpg,outdoor,Europe,Europe,14,18
Europe\shard0_11268.jpg,outdoor,Europe,Europe,14,17
Europe\shard0_29568.jpg,outdoor,Europe,Europe,14,17
Europe\shard0_01917.jpg,outdoor,Europe,Europe,13,17
Europe\shard0_08109.jpg,outdoor,Europe,Europe,13,18
Europe\shard0_19261.jpg,outdoor,Europe,Europe,14,18
Europe\shard0_09908.jpg,outdoor,Europe,Europe,13,19
Europe\shard0_18006.jpg,outdoor,Europe,Europe,14,19
Europe\shard0_16651.jpg,outdoor,Europe,Europe,14,19
Europe\shard0_27622.jpg,outdoor,Europe,Europe,13,17
Europe\shard0_22119.jpg,outdoor,Europe,Europe,14,17
Europe\shard0_05074.jpg,outdoor,Europe,Europe,13,19
Europe\shard0_16670.jpg,outdoor,Europe,Europe,13,17
Europe\shard0_29649.jpg,outdoor,Europe,Europe,13,19
Europe\shard0_11323.jpg,outdoor,Europe,Europe,12,17
Europe\shard0_29935.jpg,outdoor,Europe,Europe,14,18
Europe\shard0_25717.jpg,outdoor,Europe,Europe,13,18
Europe\shard0_02458.jpg,outdoor,Europe,Europe,14,17
Europe\shard0_25737.jpg,outdoor,Europe,Europe,13,17
Europe\shard0_13430.jpg,outdoor,Europe,Europe,14,19
Europe\shard0_16603.jpg,outdoor,Europe,Europe,13,19
Europe\shard0_16565.jpg,outdoor,Europe,Europe,14,19
Europe\shard0_27974.jpg,outdoor,Europe,Europe,13,17
Europe\shard0_19477.jpg,outdoor,Europe,Europe,14,17
Europe\shard0_18132.jpg,outdoor,Europe,Europe,14,18
Europe\shard0_05604.jpg,outdoor,Europe,Europe,13,19
Europe\shard0_08772.jpg,outdoor,Europe,Europe,14,18
Europe\shard0_08034.jpg,outdoor,Europe,Europe,14,21
Europe\shard0_22399.jpg,outdoor,Europe,Europe,14,17
Europe\shard0_03451.jpg,outdoor,Europe,Europe,12,17
Europe\shard0_09316.jpg,outdoor,Europe,Europe,14,19
Europe\shard0_08059.jpg,outdoor,Europe,Europe,13,17
Europe\shard0_12081.jpg,outdoor,Europe,Europe,12,17
Europe\shard0_15074.jpg,outdoor,Europe,Europe,14,17
Europe\shard0_20908.jpg,outdoor,Europe,Europe,14,19
Europe\shard0_01398.jpg,outdoor,Europe,Europe,14,20
Europe\shard0_04681.jpg,outdoor,Europe,Europe,13,18
Europe\shard0_24764.jpg,outdoor,Europe,Europe,14,19
Europe\shard0_11983.jpg,outdoor,Europe,Europe,14,18
Europe\shard0_14225.jpg,outdoor,Europe,Europe,14,17
Europe\shard0_12342.jpg,outdoor,Europe,Europe,14,19
Europe\shard0_16190.jpg,outdoor,Europe,Europe,14,17
Europe\shard0_18910.jpg,outdoor,Europe,Europe,13,19
Europe\shard0_10240.jpg,outdoor,Europe,Europe,13,19
Europe\shard0_29626.jpg,outdoor,Europe,Europe,14,17
Europe\shard0_07518.jpg,outdoor,Europe,Europe,13,19
Europe\shard0_02302.jpg,outdoor,Europe,Europe,13,17
Europe\shard0_09186.jpg,outdoor,Europe,Europe,13,18
Europe\shard0_25572.jpg,outdoor,Europe,Europe,14,19
Europe\shard0_24979.jpg,outdoor,Europe,Europe,13,18
Europe\shard0_06647.jpg,outdoor,Europe,Europe,13,18
Europe\shard0_03419.jpg,outdoor,Europe,Europe,13,17
Europe\shard0_20418.jpg,outdoor,Europe,Europe,14,18
Europe\shard0_18457.jpg,outdoor,Europe,Europe,13,17
Europe\shard0_09387.jpg,outdoor,Europe,Europe,14,17
Europe\shard0_09376.jpg,outdoor,Europe,Europe,13,18
Europe\shard0_20980.jpg,outdoor,Europe,Europe,15,20
Europe\shard0_21187.jpg,outdoor,Europe,Europe,13,19
Europe\shard0_12950.jpg,outdoor,Europe,Europe,13,18
Europe\shard0_23222.jpg,outdoor,Europe,Europe,13,18
Europe\shard0_13705.jpg,outdoor,Europe,Europe,13,19
Europe\shard0_16400.jpg,outdoor,Europe,Europe,15,20
Europe\shard0_04444.jpg,outdoor,Europe,Europe,14,17
Europe\shard0_06057.jpg,outdoor,Europe,Europe,14,19
Europe\shard0_17026.jpg,outdoor,Europe,Europe,14,18
Europe\shard0_23938.jpg,outdoor,Europe,Europe,14,20
Europe\shard0_27697.jpg,outdoor,Europe,Europe,14,17
Europe\shard0_23344.jpg,outdoor,Europe,Europe,13,17
Europe\shard0_16527.jpg,outdoor,Europe,Europe,12,20
Europe\shard0_29352.jpg,outdoor,Europe,Europe,13,18
Europe\shard0_23901.jpg,outdoor,Europe,Europe,13,18
Europe\shard0_15174.jpg,outdoor,Europe,Europe,14,17
Europe\shard0_20183.jpg,outdoor,Europe,Europe,14,18
Europe\shard0_21249.jpg,outdoor,Europe,Europe,14,18
Europe\shard0_29448.jpg,outdoor,Europe,Europe,14,17
Europe\shard0_13203.jpg,outdoor,Europe,Europe,13,18
Europe\shard0_21728.jpg,outdoor,Europe,Europe,14,17
Europe\shard0_09826.jpg,outdoor,Europe,Europe,12,17
Europe\shard0_26626.jpg,outdoor,Europe,Europe,13,17
Europe\shard0_18181.jpg,outdoor,Europe,Europe,14,18
Europe\shard0_26707.jpg,outdoor,Europe,Europe,13,19
Europe\shard0_15895.jpg,outdoor,Europe,Europe,12,17
Europe\shard0_26754.jpg,outdoor,Europe,Europe,14,20
Europe\shard0_29569.jpg,outdoor,Europe,Europe,14,20
Europe\shard0_19393.jpg,outdoor,Europe,Europe,14,19
Europe\shard0_22599.jpg,outdoor,Europe,Europe,14,17
Europe\shard0_19203.jpg,outdoor,Europe,Europe,14,18
Europe\shard0_28704.jpg,outdoor,Europe,Europe,14,19
Europe\shard0_23388.jpg,outdoor,Europe,Europe,14,17
Europe\shard0_17674.jpg,outdoor,Europe,Europe,13,18
Europe\shard0_22341.jpg,outdoor,Europe,Europe,14,17
Europe\shard0_20077.jpg,outdoor,Europe,Europe,14,18
Europe\shard0_28868.jpg,outdoor,Europe,Europe,14,18
Europe\shard0_08229.jpg,outdoor,Europe,Europe,13,18
Europe\shard0_07001.jpg,outdoor,Europe,Europe,13,18
Europe\shard0_16077.jpg,outdoor,Europe,Europe,12,17
Europe\shard0_12969.jpg,outdoor,Europe,Europe,14,17
Europe\shard0_18393.jpg,outdoor,Europe,Europe,14,17
Europe\shard0_09936.jpg,outdoor,Europe,Europe,13,17
Europe\shard0_21571.jpg,outdoor,Europe,Europe,13,19
Europe\shard0_24005.jpg,outdoor,Europe,Europe,13,17
Europe\shard0_06256.jpg,outdoor,Europe,Europe,14,17
Europe\shard0_06786.jpg,outdoor,Europe,Europe,14,17
Europe\shard0_13738.jpg,outdoor,Europe,Europe,14,17
Europe\shard0_24156.jpg,outdoor,Europe,Europe,14,18
Europe\shard0_14959.jpg,outdoor,Europe,Europe,13,18
Europe\shard0_10259.jpg,outdoor,Europe,Europe,14,17
Europe\shard0_20526.jpg,outdoor,Europe,Europe,13,17
Europe\shard0_01907.jpg,outdoor,Europe,Europe,13,20
Europe\shard0_25249.jpg,outdoor,Europe,Europe,14,17
Europe\shard0_13649.jpg,outdoor,Europe,Europe,13,17
Europe\shard0_11383.jpg,outdoor,Europe,Europe,13,18
Europe\shard0_03955.jpg,outdoor,Europe,Europe,14,17
Europe\shard0_29540.jpg,outdoor,Europe,Europe,14,17
Europe\shard0_13456.jpg,outdoor,Europe,Europe,13,17
Europe\shard0_09832.jpg,outdoor,Europe,Europe,14,17
Europe\shard0_23698.jpg,outdoor,Europe,Europe,13,17
Europe\shard0_09166.jpg,outdoor,Europe,Europe,13,19
Europe\shard0_13367.jpg,outdoor,Europe,Europe,13,19
Europe\shard0_17057.jpg,outdoor,Europe,Europe,14,18
Europe\shard0_10020.jpg,outdoor,Europe,Europe,13,17
Europe\shard0_05623.jpg,outdoor,Europe,Europe,14,17
Europe\shard0_12094.jpg,outdoor,Europe,Europe,13,18
Europe\shard0_00089.jpg,outdoor,Europe,Europe,13,17
Europe\shard0_26805.jpg,outdoor,Europe,Europe,13,18
Europe\shard0_09479.jpg,outdoor,Europe,Europe,13,18
Europe\shard0_12800.jpg,outdoor,Europe,Europe,12,19
Europe\shard0_13944.jpg,outdoor,Europe,Europe,14,20
Europe\shard0_04436.jpg,outdoor,Europe,Europe,14,19
Europe\shard0_17851.jpg,outdoor,Europe,Europe,14,17
Europe\shard0_06094.jpg,outdoor,Europe,Europe,13,17
Europe\shard0_25696.jpg,outdoor,Europe,Europe,14,19
Europe\shard0_22419.jpg,outdoor,Europe,Europe,13,18
Europe\shard0_15209.jpg,outdoor,Europe,Europe,14,17
Europe\shard0_12545.jpg,outdoor,Europe,Europe,14,18
Europe\shard0_13341.jpg,outdoor,Europe,Europe,14,18
Europe\shard0_01680.jpg,outdoor,Europe,Europe,12,17
Europe\shard0_03849.jpg,outdoor,Europe,Europe,13,19
Europe\shard0_10409.jpg,outdoor,Europe,Europe,13,18
Europe\shard0_07296.jpg,outdoor,Europe,Europe,14,19
Europe\shard0_20449.jpg,outdoor,Europe,Europe,13,19
Europe\shard0_17620.jpg,outdoor,Europe,Europe,14,17
Europe\shard0_04500.jpg,outdoor,Europe,Europe,13,18
Europe\shard0_18408.jpg,outdoor,Europe,Europe,14,17
Europe\shard0_26786.jpg,outdoor,Europe,Europe,15,18
Europe\shard0_17734.jpg,outdoor,Europe,Europe,14,17
Europe\shard0_09886.jpg,outdoor,Europe,Europe,13,19
Europe\shard0_28928.jpg,outdoor,Europe,Europe,13,19
Europe\shard0_04369.jpg,outdoor,Europe,Europe,14,17
Europe\shard0_12847.jpg,outdoor,Europe,Europe,14,18
Europe\shard0_28706.jpg,outdoor,Europe,Europe,14,18
Europe\shard0_20454.jpg,outdoor,Europe,Europe,13,19
Europe\shard0_18162.jpg,outdoor,Europe,Europe,13,19
Europe\shard0_22913.jpg,outdoor,Europe,Europe,14,18
Europe\shard0_20959.jpg,outdoor,Europe,Europe,14,17
Europe\shard0_00746.jpg,outdoor,Europe,Europe,13,21
Europe\shard0_02444.jpg,outdoor,Europe,Europe,13,18
Europe\shard0_02552.jpg,outdoor,Europe,Europe,13,18
Europe\shard0_26705.jpg,outdoor,Europe,Europe,13,19
Europe\shard0_12866.jpg,outdoor,Europe,Europe,13,18
Europe\shard0_12164.jpg,outdoor,Europe,Europe,14,17
Europe\shard0_28703.jpg,outdoor,Europe,Europe,13,18
Europe\shard0_13978.jpg,outdoor,Europe,Europe,13,17
Europe\shard0_10867.jpg,outdoor,Europe,Europe,13,18
Europe\shard0_26095.jpg,outdoor,Europe,Europe,14,18
Europe\shard0_29522.jpg,outdoor,Europe,Europe,14,17
Europe\shard0_21403.jpg,outdoor,Europe,Europe,14,19
Europe\shard0_01303.jpg,outdoor,Europe,Europe,13,17
Europe\shard0_08795.jpg,outdoor,Europe,Europe,14,17
Europe\shard0_19764.jpg,outdoor,Europe,Europe,15,16
Europe\shard0_21632.jpg,outdoor,Europe,Europe,13,19
Europe\shard0_10447.jpg,outdoor,Europe,Europe,14,19
Europe\shard0_12913.jpg,outdoor,Europe,Europe,13,17
Europe\shard0_14544.jpg,outdoor,Europe,Europe,12,17
Europe\shard0_03827.jpg,outdoor,Europe,Europe,14,17
Europe\shard0_01875.jpg,outdoor,Europe,Europe,12,17
Europe\shard0_09529.jpg,outdoor,Europe,Europe,13,18
Europe\shard0_10214.jpg,outdoor,Europe,Europe,12,17
Europe\shard0_02856.jpg,outdoor,Europe,Europe,14,19
Europe\shard0_15867.jpg,outdoor,Europe,Europe,13,18
Europe\shard0_08268.jpg,outdoor,Europe,Europe,14,17
Europe\shard0_26960.jpg,outdoor,Europe,Europe,14,18
Europe\shard0_10948.jpg,outdoor,Europe,Europe,14,18
Europe\shard0_10073.jpg,outdoor,Europe,Europe,13,19
Europe\shard0_22430.jpg,outdoor,Europe,Europe,14,17
Europe\shard0_00113.jpg,outdoor,Europe,Europe,14,17
Europe\shard0_02670.jpg,outdoor,Europe,Europe,12,19
Europe\shard0_23925.jpg,outdoor,Europe,Europe,14,17
Europe\shard0_19006.jpg,outdoor,Europe,Europe,14,18
Europe\shard0_24178.jpg,outdoor,Europe,Europe,14,19
Europe\shard0_24749.jpg,outdoor,Europe,Europe,14,17
Europe\shard0_05733.jpg,outdoor,Europe,Europe,13,19
Europe\shard0_26537.jpg,outdoor,Europe,Europe,14,19
Europe\shard0_10911.jpg,outdoor,Europe,Europe,14,17
Europe\shard0_19327.jpg,outdoor,Europe,Europe,13,19
Europe\shard0_29332.jpg,outdoor,Europe,Europe,13,17
Europe\shard0_06700.jpg,outdoor,Europe,Europe,13,18
Europe\shard0_14741.jpg,outdoor,Europe,Europe,13,19
Europe\shard0_13976.jpg,outdoor,Europe,Europe,12,17
Europe\shard0_15360.jpg,outdoor,Europe,Europe,13,18
Europe\shard0_22692.jpg,outdoor,Europe,Europe,14,20
Europe\shard0_24118.jpg,outdoor,Europe,Europe,13,19
Europe\shard0_27243.jpg,outdoor,Europe,Europe,13,18
Europe\shard0_24015.jpg,outdoor,Europe,Europe,13,19
Europe\shard0_14724.jpg,outdoor,Europe,Europe,13,19
Europe\shard0_20111.jpg,outdoor,Europe,Europe,12,17
Europe\shard0_12623.jpg,outdoor,Europe,Europe,13,18
Europe\shard0_00445.jpg,outdoor,Europe,Europe,13,20
Europe\shard0_09026.jpg,outdoor,Europe,Europe,13,18
Europe\shard0_11365.jpg,outdoor,Europe,Europe,13,17
Europe\shard0_20123.jpg,outdoor,Europe,Europe,14,17
Europe\shard0_05551.jpg,outdoor,Europe,Europe,13,20
Europe\shard0_02937.jpg,outdoor,Europe,Europe,14,18
Europe\shard0_09670.jpg,outdoor,Europe,Europe,13,18
Europe\shard0_00667.jpg,outdoor,Europe,Europe,13,18
Europe\shard0_02143.jpg,outdoor,Europe,Europe,14,17
Europe\shard0_29818.jpg,outdoor,Europe,Europe,14,17
Europe\shard0_03509.jpg,outdoor,Europe,Europe,14,21
Europe\shard0_18335.jpg,outdoor,Europe,Europe,14,18
Europe\shard0_22503.jpg,outdoor,Europe,Europe,13,18
Europe\shard0_20243.jpg,outdoor,Europe,Europe,13,18
Europe\shard0_15809.jpg,outdoor,Europe,Europe,14,17
Europe\shard0_24827.jpg,outdoor,Europe,Europe,13,19
Europe\shard0_02697.jpg,outdoor,Europe,Europe,12,17
Europe\shard0_12521.jpg,outdoor,Europe,Europe,13,19
Europe\shard0_01542.jpg,outdoor,Europe,Europe,13,18
Europe\shard0_11406.jpg,outdoor,Europe,Europe,15,20
Europe\shard0_15127.jpg,outdoor,Europe,Europe,12,17
Europe\shard0_07149.jpg,outdoor,Europe,Europe,14,18
Europe\shard0_20943.jpg,outdoor,Europe,Europe,14,19
Europe\shard0_29158.jpg,outdoor,Europe,Europe,13,19
Europe\shard0_25715.jpg,outdoor,Europe,Europe,13,17
Europe\shard0_25908.jpg,outdoor,Europe,Europe,13,20
Europe\shard0_18007.jpg,outdoor,Europe,Europe,13,17
Europe\shard0_08413.jpg,outdoor,Europe,Europe,13,18
Europe\shard0_26498.jpg,outdoor,Europe,Europe,14,17
Europe\shard0_29767.jpg,outdoor,Europe,Europe,13,18
Europe\shard0_25281.jpg,outdoor,Europe,Europe,14,17
Europe\shard0_08415.jpg,outdoor,Europe,Europe,14,19
Europe\shard0_25485.jpg,outdoor,Europe,Europe,13,18
Europe\shard0_17195.jpg,outdoor,Europe,Europe,13,17
Europe\shard0_15680.jpg,outdoor,Europe,Europe,13,20
Europe\shard0_06084.jpg,outdoor,Europe,Europe,12,17
Europe\shard0_18026.jpg,outdoor,Europe,Europe,13,19
Europe\shard0_24654.jpg,outdoor,Europe,Europe,13,19
Europe\shard0_13012.jpg,outdoor,Europe,Europe,13,20
Europe\shard0_26358.jpg,outdoor,Europe,Europe,14,18
Europe\shard0_01393.jpg,outdoor,Europe,Europe,15,20
Europe\shard0_28925.jpg,outdoor,Europe,Europe,12,20
Europe\shard0_05787.jpg,outdoor,Europe,Europe,13,19
Europe\shard0_20916.jpg,outdoor,Europe,Europe,14,18
Europe\shard0_09928.jpg,outdoor,Europe,Europe,13,18
Europe\shard0_26687.jpg,outdoor,Europe,Europe,14,18
Europe\shard0_12585.jpg,outdoor,Europe,Europe,13,18
Europe\shard0_21685.jpg,outdoor,Europe,Europe,13,18
Europe\shard0_09356.jpg,outdoor,Europe,Europe,14,18
Europe\shard0_04119.jpg,outdoor,Europe,Europe,13,17
Europe\shard0_12018.jpg,outdoor,Europe,Europe,14,18
Europe\shard0_09188.jpg,outdoor,Europe,Europe,14,17
Europe\shard0_19190.jpg,outdoor,Europe,Europe,13,18
Europe\shard0_13081.jpg,outdoor,Europe,Europe,13,18
Europe\shard0_19402.jpg,outdoor,Europe,Europe,14,18
Europe\shard0_06894.jpg,outdoor,Europe,Europe,14,17
Europe\shard0_26106.jpg,outdoor,Europe,Europe,13,17
Europe\shard0_06988.jpg,outdoor,Europe,Europe,14,17
Europe\shard0_04788.jpg,outdoor,Europe,Europe,14,19
Europe\shard0_07460.jpg,outdoor,Europe,Europe,13,18
Europe\shard0_10445.jpg,outdoor,Europe,Europe,14,18
Europe\shard0_29929.jpg,outdoor,Europe,Europe,13,18
Europe\shard0_08096.jpg,outdoor,Europe,Europe,13,18
Europe\shard0_08053.jpg,outdoor,Europe,Europe,14,18
Europe\shard0_24298.jpg,outdoor,Europe,Europe,14,18
Europe\shard0_05853.jpg,outdoor,Europe,Europe,14,17
Europe\shard0_12680.jpg,outdoor,Europe,Europe,14,18
Europe\shard0_01294.jpg,outdoor,Europe,Europe,12,17
Europe\shard0_02581.jpg,outdoor,Europe,Europe,13,17
Europe\shard0_14060.jpg,outdoor,Europe,Europe,15,18
Europe\shard0_11537.jpg,outdoor,Europe,Europe,13,19
Europe\shard0_16773.jpg,outdoor,Europe,Europe,14,17
Europe\shard0_04470.jpg,outdoor,Europe,Europe,14,17
Europe\shard0_01539.jpg,outdoor,Europe,Europe,12,20
Europe\shard0_10905.jpg,outdoor,Europe,Europe,14,17
Europe\shard0_26484.jpg,outdoor,Europe,Europe,14,18
Europe\shard0_17031.jpg,outdoor,Europe,Europe,14,18
Europe\shard0_17303.jpg,outdoor,Europe,Europe,13,19
Europe\shard0_21596.jpg,outdoor,Europe,Europe,12,20
Europe\shard0_25160.jpg,outdoor,Europe,Europe,14,17
Europe\shard0_05028.jpg,outdoor,Europe,Europe,14,17
Europe\shard0_19680.jpg,outdoor,Europe,Europe,14,21
Europe\shard0_24987.jpg,outdoor,Europe,Europe,14,19
Europe\shard0_22982.jpg,outdoor,Europe,Europe,14,18
Europe\shard0_23276.jpg,outdoor,Europe,Europe,15,18
Europe\shard0_06003.jpg,outdoor,Europe,Europe,13,18
Europe\shard0_20205.jpg,outdoor,Europe,Europe,13,18
Europe\shard0_05472.jpg,outdoor,Europe,Europe,13,18
Europe\shard0_21925.jpg,outdoor,Europe,Europe,14,17
Europe\shard0_04023.jpg,outdoor,Europe,Europe,13,18
Europe\shard0_10153.jpg,outdoor,Europe,Europe,13,19
Europe\shard0_11412.jpg,outdoor,Europe,Europe,13,19
Europe\shard0_21011.jpg,outdoor,Europe,Europe,13,17
Europe\shard0_21360.jpg,outdoor,Europe,Europe,13,17
Europe\shard0_15313.jpg,outdoor,Europe,Europe,13,17
Europe\shard0_03604.jpg,outdoor,Europe,Europe,13,18
Europe\shard0_11170.jpg,outdoor,Europe,Europe,12,17
Europe\shard0_20505.jpg,outdoor,Europe,Europe,13,18
Europe\shard0_06581.jpg,outdoor,Europe,Europe,14,17
Europe\shard0_06879.jpg,outdoor,Europe,Europe,13,18
Europe\shard0_11866.jpg,outdoor,Europe,Europe,13,18
Europe\shard0_02113.jpg,outdoor,Europe,Europe,13,19
Europe\shard0_06821.jpg,outdoor,Europe,Europe,14,17
Europe\shard0_06390.jpg,outdoor,Europe,Europe,14,17
Europe\shard0_19945.jpg,outdoor,Europe,Europe,13,17
Europe\shard0_01672.jpg,outdoor,Europe,Europe,13,17
Europe\shard0_13789.jpg,outdoor,Europe,Europe,13,17
Europe\shard0_07124.jpg,outdoor,Europe,Europe,13,18
Europe\shard0_23973.jpg,outdoor,Europe,Europe,14,18
Europe\shard0_14079.jpg,outdoor,Europe,Europe,14,18
Europe\shard0_15348.jpg,outdoor,Europe,Europe,13,17
Europe\shard0_28454.jpg,outdoor,Europe,Europe,12,20
Europe\shard0_19613.jpg,outdoor,Europe,Europe,14,17
Europe\shard0_00913.jpg,outdoor,Europe,Europe,14,17
Europe\shard0_14914.jpg,outdoor,Europe,Europe,13,18
Europe\shard0_18874.jpg,outdoor,Europe,Europe,14,17
Europe\shard0_08844.jpg,outdoor,Europe,Europe,14,17
Europe\shard0_18341.jpg,outdoor,Europe,Europe,14,17
Europe\shard0_17266.jpg,outdoor,Europe,Europe,13,18
Europe\shard0_23894.jpg,outdoor,Europe,Europe,14,17
Europe\shard0_14948.jpg,outdoor,Europe,Europe,14,17
Europe\shard0_18504.jpg,outdoor,Europe,Europe,13,19
Europe\shard0_22089.jpg,outdoor,Europe,Europe,14,17
Europe\shard0_26895.jpg,outdoor,Europe,Europe,13,17
Europe\shard0_07794.jpg,outdoor,Europe,Europe,15,18
Europe\shard0_22960.jpg,outdoor,Europe,Europe,14,17
Europe\shard0_29401.jpg,outdoor,Europe,Europe,12,17
Europe\shard0_28073.jpg,outdoor,Europe,Europe,14,18
Europe\shard0_25999.jpg,outdoor,Europe,Europe,12,17
Europe\shard0_13685.jpg,outdoor,Europe,Europe,13,18
Europe\shard0_27573.jpg,outdoor,Europe,Europe,14,18
Europe\shard0_08006.jpg,outdoor,Europe,Europe,13,19
Europe\shard0_14204.jpg,outdoor,Europe,Europe,13,18
Europe\shard0_10448.jpg,outdoor,Europe,Europe,13,19
Europe\shard0_24972.jpg,outdoor,Europe,Europe,14,17
Europe\shard0_08849.jpg,outdoor,Europe,Europe,13,18
Europe\shard0_04399.jpg,outdoor,Europe,Europe,14,17
Europe\shard0_24697.jpg,outdoor,Europe,Europe,13,17
Europe\shard0_03228.jpg,outdoor,Europe,Europe,13,18
Europe\shard0_17509.jpg,outdoor,Europe,Europe,14,17
Europe\shard0_15389.jpg,outdoor,Europe,Europe,13,17
Europe\shard0_29301.jpg,outdoor,Europe,Europe,14,18
Europe\shard0_20602.jpg,outdoor,Europe,Europe,12,17
Europe\shard0_21839.jpg,outdoor,Europe,Europe,14,17
Europe\shard0_06662.jpg,outdoor,Europe,Europe,13,18
Europe\shard0_19291.jpg,outdoor,Europe,Europe,13,17
Europe\shard0_00536.jpg,outdoor,Europe,Europe,13,18
Europe\shard0_16379.jpg,outdoor,Europe,Europe,13,17
Europe\shard0_06439.jpg,outdoor,Europe,Europe,13,19
Europe\shard0_29053.jpg,outdoor,Europe,Europe,12,17
Europe\shard0_29273.jpg,outdoor,Europe,Europe,13,17
Europe\shard0_14560.jpg,outdoor,Europe,Europe,13,19
Europe\shard0_27499.jpg,outdoor,Europe,Europe,13,18
Europe\shard0_04751.jpg,outdoor,Europe,Europe,14,19
Europe\shard0_25997.jpg,outdoor,Europe,Europe,14,19
Europe\shard0_03529.jpg,outdoor,Europe,Europe,13,18
Europe\shard0_11714.jpg,outdoor,Europe,Europe,13,20
Europe\shard0_09355.jpg,outdoor,Europe,Europe,13,18
Europe\shard0_09595.jpg,outdoor,Europe,Europe,14,17
Europe\shard0_28375.jpg,outdoor,Europe,Europe,14,19
Europe\shard0_26643.jpg,outdoor,Europe,Europe,14,17
Europe\shard0_03225.jpg,outdoor,Europe,Europe,15,19
Europe\shard0_04424.jpg,outdoor,Europe,Europe,13,18
Europe\shard0_13381.jpg,outdoor,Europe,Europe,13,18
Europe\shard0_18775.jpg,outdoor,Europe,Europe,15,18
Europe\shard0_09247.jpg,outdoor,Europe,Europe,14,18
Europe\shard0_24614.jpg,outdoor,Europe,Europe,14,17
Europe\shard0_12363.jpg,outdoor,Europe,Europe,13,17
Europe\shard0_29911.jpg,outdoor,Europe,Europe,13,18
Europe\shard0_28027.jpg,outdoor,Europe,Europe,14,18
Europe\shard0_19804.jpg,outdoor,Europe,Europe,14,17
Europe\shard0_11989.jpg,outdoor,Europe,Europe,13,17
Europe\shard0_05055.jpg,outdoor,Europe,Europe,14,19
Europe\shard0_03892.jpg,outdoor,Europe,Europe,13,19
Europe\shard0_05792.jpg,outdoor,Europe,Europe,13,18
Europe\shard0_14308.jpg,outdoor,Europe,Europe,14,17
Europe\shard0_19196.jpg,outdoor,Europe,Europe,13,17
Europe\shard0_06832.jpg,outdoor,Europe,Europe,13,17
Europe\shard0_23231.jpg,outdoor,Europe,Europe,14,20
Europe\shard0_25177.jpg,outdoor,Europe,Europe,14,17
Europe\shard0_14523.jpg,outdoor,Europe,Europe,14,18
Europe\shard0_01387.jpg,outdoor,Europe,Europe,14,19
Europe\shard0_28256.jpg,outdoor,Europe,Europe,14,19
Europe\shard0_28634.jpg,outdoor,Europe,Europe,13,21
Europe\shard0_16764.jpg,outdoor,Europe,Europe,13,18
Europe\shard0_15805.jpg,outdoor,Europe,Europe,14,19
Europe\shard0_21655.jpg,outdoor,Europe,Europe,13,17
Europe\shard0_22525.jpg,outdoor,Europe,Europe,13,18
Europe\shard0_05886.jpg,outdoor,Europe,Europe,13,17
Europe\shard0_20280.jpg,outdoor,Europe,Europe,13,18
Europe\shard0_24414.jpg,outdoor,Europe,Europe,14,17
Europe\shard0_12224.jpg,outdoor,Europe,Europe,13,18
Europe\shard0_04915.jpg,outdoor,Europe,Europe,14,19
Europe\shard0_17911.jpg,outdoor,Europe,Europe,13,19
Europe\shard0_15987.jpg,outdoor,Europe,Europe,14,20
Europe\shard0_04124.jpg,outdoor,Europe,Europe,13,18
Europe\shard0_28541.jpg,outdoor,Europe,Europe,13,18
Europe\shard0_11318.jpg,outdoor,Europe,Europe,14,17
Europe\shard0_28168.jpg,outdoor,Europe,Europe,14,18
Europe\shard0_00195.jpg,outdoor,Europe,Europe,13,18
Europe\shard0_22389.jpg,outdoor,Europe,Europe,13,18
Europe\shard0_15480.jpg,outdoor,Europe,Europe,13,18
Europe\shard0_17008.jpg,outdoor,Europe,Europe,13,18
Europe\shard0_21106.jpg,outdoor,Europe,Europe,13,19
Europe\shard0_12067.jpg,outdoor,Europe,Europe,14,17
Europe\shard0_26547.jpg,outdoor,Europe,Europe,13,18
Europe\shard0_00638.jpg,outdoor,Europe,Europe,14,18
Europe\shard0_18512.jpg,outdoor,Europe,Europe,14,24
Europe\shard0_06236.jpg,outdoor,Europe,Europe,14,18
Europe\shard0_06246.jpg,outdoor,Europe,Europe,15,19
Europe\shard0_05837.jpg,outdoor,Europe,Europe,15,19
Europe\shard0_13903.jpg,outdoor,Europe,Europe,14,17
Europe\shard0_18813.jpg,outdoor,Europe,Europe,14,20
Europe\shard0_12286.jpg,outdoor,Europe,Europe,14,17
Europe\shard0_05799.jpg,outdoor,Europe,Europe,14,17
Europe\shard0_17896.jpg,outdoor,Europe,Europe,13,18
Europe\shard0_12088.jpg,outdoor,Europe,Europe,13,17
Europe\shard0_17139.jpg,outdoor,Europe,Europe,13,18
Europe\shard0_16204.jpg,outdoor,Europe,Europe,14,17
Europe\shard0_08328.jpg,outdoor,Europe,Europe,14,17
Europe\shard0_29415.jpg,outdoor,Europe,Europe,14,17
Europe\shard0_26530.jpg,outdoor,Europe,Europe,14,19
Europe\shard0_18399.jpg,outdoor,Europe,Europe,14,19
Europe\shard0_15176.jpg,outdoor,Europe,Europe,13,17
Europe\shard0_29594.jpg,outdoor,Europe,Europe,14,17
Europe\shard0_29048.jpg,outdoor,Europe,Europe,13,17
Europe\shard0_19554.jpg,outdoor,Europe,Europe,14,19
Europe\shard0_11059.jpg,outdoor,Europe,Europe,12,17
Europe\shard0_01687.jpg,outdoor,Europe,Europe,14,19
Europe\shard0_24172.jpg,outdoor,Europe,Europe,14,19
Europe\shard0_29137.jpg,outdoor,Europe,Europe,15,21
Europe\shard0_11578.jpg,outdoor,Europe,Europe,14,17
Europe\shard0_20130.jpg,outdoor,Europe,Europe,12,17
Europe\shard0_15248.jpg,outdoor,Europe,Europe,14,18
Europe\shard0_06245.jpg,outdoor,Europe,Europe,12,17
Europe\shard0_19670.jpg,outdoor,Europe,Europe,13,19
Europe\shard0_10876.jpg,outdoor,Europe,Europe,14,19
Europe\shard0_24352.jpg,outdoor,Europe,Europe,13,17
Europe\shard0_28466.jpg,outdoor,Europe,Europe,13,17
Europe\shard0_06249.jpg,outdoor,Europe,Europe,14,18
Europe\shard0_24393.jpg,outdoor,Europe,Europe,14,17
Europe\shard0_18342.jpg,outdoor,Europe,Europe,13,18
Europe\shard0_03830.jpg,outdoor,Europe,Europe,13,19
Europe\shard0_04943.jpg,outdoor,Europe,Europe,14,17
Europe\shard0_11552.jpg,outdoor,Europe,Europe,13,18
Europe\shard0_26986.jpg,outdoor,Europe,Europe,13,18
Europe\shard0_09251.jpg,outdoor,Europe,Europe,13,18
Europe\shard0_15901.jpg,outdoor,Europe,Europe,13,18
Europe\shard0_18005.jpg,outdoor,Europe,Europe,13,19
Europe\shard0_19321.jpg,outdoor,Europe,Europe,12,17
Europe\shard0_25691.jpg,outdoor,Europe,Europe,14,19
Europe\shard0_08869.jpg,outdoor,Europe,Europe,14,18
Europe\shard0_04062.jpg,outdoor,Europe,Europe,14,17
Europe\shard0_05912.jpg,outdoor,Europe,Europe,12,17
Europe\shard0_01752.jpg,outdoor,Europe,Europe,14,18
Europe\shard0_09350.jpg,outdoor,Europe,Europe,13,18
Europe\shard0_23755.jpg,outdoor,Europe,Europe,13,18
Europe\shard0_13452.jpg,outdoor,Europe,Europe,14,19
Europe\shard0_18851.jpg,outdoor,Europe,Europe,14,17
Europe\shard0_17218.jpg,outdoor,Europe,Europe,14,17
Europe\shard0_15008.jpg,outdoor,Europe,Europe,15,20
Europe\shard0_18639.jpg,outdoor,Europe,Europe,13,18
Europe\shard0_09539.jpg,outdoor,Europe,Europe,14,17
Europe\shard0_27049.jpg,outdoor,Europe,Europe,14,19
Europe\shard0_23274.jpg,outdoor,Europe,Europe,14,17
Europe\shard0_17681.jpg,outdoor,Europe,Europe,14,17
Europe\shard0_06092.jpg,outdoor,Europe,Europe,13,20
Europe\shard0_26729.jpg,outdoor,Europe,Europe,14,18
Europe\shard0_04597.jpg,outdoor,Europe,Europe,13,20
Europe\shard0_19763.jpg,outdoor,Europe,Europe,13,18
Europe\shard0_25907.jpg,outdoor,Europe,Europe,13,18
Europe\shard0_08367.jpg,outdoor,Europe,Europe,12,17
Europe\shard0_05219.jpg,outdoor,Europe,Europe,13,18
Europe\shard0_08086.jpg,outdoor,Europe,Europe,13,19
Europe\shard0_28826.jpg,outdoor,Europe,Europe,13,18
Europe\shard0_28690.jpg,outdoor,Europe,Europe,13,18
Europe\shard0_00716.jpg,outdoor,Europe,Europe,14,17
Europe\shard0_18165.jpg,outdoor,Europe,Europe,13,18
Europe\shard0_15114.jpg,outdoor,Europe,Europe,13,17
Europe\shard0_14278.jpg,outdoor,Europe,Europe,14,18
Europe\shard0_13441.jpg,outdoor,Europe,Europe,14,18
Europe\shard0_28960.jpg,outdoor,Europe,Europe,13,18
Europe\shard0_05477.jpg,outdoor,Europe,Europe,14,17
Europe\shard0_27707.jpg,outdoor,Europe,Europe,14,17
Europe\shard0_01607.jpg,outdoor,Europe,Europe,13,17
Europe\shard0_29729.jpg,outdoor,Europe,Europe,12,17
Europe\shard0_13519.jpg,outdoor,Europe,Europe,13,19
Europe\shard0_27769.jpg,outdoor,Europe,Europe,13,17
Europe\shard0_03675.jpg,outdoor,Europe,Europe,14,17
Europe\shard0_03169.jpg,outdoor,Europe,Europe,14,17
Europe\shard0_13092.jpg,outdoor,Europe,Europe,13,18
Europe\shard0_14076.jpg,outdoor,Europe,Europe,14,19
Europe\shard0_28213.jpg,outdoor,Europe,Europe,12,17
Europe\shard0_10765.jpg,outdoor,Europe,Europe,13,17
Europe\shard0_29021.jpg,outdoor,Europe,Europe,12,17
Europe\shard0_20468.jpg,outdoor,Europe,Europe,14,17
Europe\shard0_21456.jpg,outdoor,Europe,Europe,14,17
Europe\shard0_00990.jpg,outdoor,Europe,Europe,13,19
Europe\shard0_17391.jpg,outdoor,Europe,Europe,13,18
Europe\shard0_29478.jpg,outdoor,Europe,Europe,13,19
Europe\shard0_12476.jpg,outdoor,Europe,Europe,13,18
Europe\shard0_08880.jpg,outdoor,Europe,Europe,14,18
Europe\shard0_22750.jpg,outdoor,Europe,Europe,14,19
Europe\shard0_02576.jpg,outdoor,Europe,Europe,13,18
Europe\shard0_06949.jpg,outdoor,Europe,Europe,13,19
Europe\shard0_20713.jpg,outdoor,Europe,Europe,14,18
Europe\shard0_23512.jpg,outdoor,Europe,Europe,14,17
Europe\shard0_21420.jpg,outdoor,Europe,Europe,13,18
Europe\shard0_28478.jpg,outdoor,Europe,Europe,14,17
Europe\shard0_06154.jpg,outdoor,Europe,Europe,13,18
Europe\shard0_00087.jpg,outdoor,Europe,Europe,13,17
Europe\shard0_23661.jpg,outdoor,Europe,Europe,14,19
Europe\shard0_04310.jpg,outdoor,Europe,Europe,13,19
Europe\shard0_17293.jpg,outdoor,Europe,Europe,14,17
Europe\shard0_10527.jpg,outdoor,Europe,Europe,14,18
Europe\shard0_25669.jpg,outdoor,Europe,Europe,15,19
Europe\shard0_13332.jpg,outdoor,Europe,Europe,14,19
Europe\shard0_13932.jpg,outdoor,Europe,Europe,13,19
Europe\shard0_11127.jpg,outdoor,Europe,Europe,13,17
Europe\shard0_09145.jpg,outdoor,Europe,Europe,13,19
Europe\shard0_28638.jpg,outdoor,Europe,Europe,14,19
Europe\shard0_05212.jpg,outdoor,Europe,Europe,13,18
Europe\shard0_02768.jpg,outdoor,Europe,Europe,13,17
Europe\shard0_16441.jpg,outdoor,Europe,Europe,14,17
Europe\shard0_14692.jpg,outdoor,Europe,Europe,13,18
Europe\shard0_04907.jpg,outdoor,Europe,Europe,13,20
Europe\shard0_08030.jpg,outdoor,Europe,Europe,12,17
Europe\shard0_01097.jpg,outdoor,Europe,Europe,14,17
Europe\shard0_28525.jpg,outdoor,Europe,Europe,15,15
Europe\shard0_24843.jpg,outdoor,Europe,Europe,14,17
Europe\shard0_26777.jpg,outdoor,Europe,Europe,13,18
Europe\shard0_20368.jpg,outdoor,Europe,Europe,13,18
Europe\shard0_28387.jpg,outdoor,Europe,Europe,14,18
Europe\shard0_17336.jpg,outdoor,Europe,Europe,14,18
Europe\shard0_04549.jpg,outdoor,Europe,Europe,12,19
Europe\shard0_10826.jpg,outdoor,Europe,Europe,14,18
Europe\shard0_27777.jpg,outdoor,Europe,Europe,14,19
Europe\shard0_18919.jpg,outdoor,Europe,Europe,13,18
Europe\shard0_03684.jpg,outdoor,Europe,Europe,13,17
Europe\shard0_24135.jpg,outdoor,Europe,Europe,13,19
Europe\shard0_15436.jpg,outdoor,Europe,Europe,13,18
Europe\shard0_09400.jpg,outdoor,Europe,Europe,14,17
Europe\shard0_00426.jpg,outdoor,Europe,Europe,14,17
Europe\shard0_27162.jpg,outdoor,Europe,Europe,14,18
Europe\shard0_29852.jpg,outdoor,Europe,Europe,13,20
Europe\shard0_12179.jpg,outdoor,Europe,Europe,13,19
Europe\shard0_16522.jpg,outdoor,Europe,Europe,14,17
Europe\shard0_21582.jpg,outdoor,Europe,Europe,14,17
Europe\shard0_11012.jpg,outdoor,Europe,Europe,14,18
Europe\shard0_15033.jpg,outdoor,Europe,Europe,14,17
Europe\shard0_24974.jpg,outdoor,Europe,Europe,13,19
Europe\shard0_14951.jpg,outdoor,Europe,Europe,14,17
Europe\shard0_13836.jpg,outdoor,Europe,Europe,14,18
Europe\shard0_15051.jpg,outdoor,Europe,Europe,13,18
Europe\shard0_22574.jpg,outdoor,Europe,Europe,14,17
Europe\shard0_07770.jpg,outdoor,Europe,Europe,13,18
Europe\shard0_17596.jpg,outdoor,Europe,Europe,13,19
Europe\shard0_13667.jpg,outdoor,Europe,Europe,14,20
Europe\shard0_06314.jpg,outdoor,Europe,Europe,14,17
Europe\shard0_23280.jpg,outdoor,Europe,Europe,13,19
Europe\shard0_08740.jpg,outdoor,Europe,Europe,14,18
Europe\shard0_25809.jpg,outdoor,Europe,Europe,14,17
Europe\shard0_02193.jpg,outdoor,Europe,Europe,13,18
Europe\shard0_19905.jpg,outdoor,Europe,Europe,13,18
Europe\shard0_04831.jpg,outdoor,Europe,Europe,14,21
Europe\shard0_17341.jpg,outdoor,Europe,Europe,13,19
Europe\shard0_18004.jpg,outdoor,Europe,Europe,13,18
Europe\shard0_05969.jpg,outdoor,Europe,Europe,12,18
Europe\shard0_15058.jpg,outdoor,Europe,Europe,14,17
Europe\shard0_14618.jpg,outdoor,Europe,Europe,13,17
Europe\shard0_19631.jpg,outdoor,Europe,Europe,14,17
Europe\shard0_12524.jpg,outdoor,Europe,Europe,13,17
Europe\shard0_14163.jpg,outdoor,Europe,Europe,14,19
Europe\shard0_20591.jpg,outdoor,Europe,Europe,14,18
Europe\shard0_20596.jpg,outdoor,Europe,Europe,13,19
Europe\shard0_01057.jpg,outdoor,Europe,Europe,14,18
Europe\shard0_04583.jpg,outdoor,Europe,Europe,14,17
Europe\shard0_12344.jpg,outdoor,Europe,Europe,14,17
Europe\shard0_23828.jpg,outdoor,Europe,Europe,12,19
Europe\shard0_27668.jpg,outdoor,Europe,Europe,14,17
Europe\shard0_07604.jpg,outdoor,Europe,Europe,12,17
Europe\shard0_17990.jpg,outdoor,Europe,Europe,13,19
Europe\shard0_25654.jpg,outdoor,Europe,Europe,14,18
Europe\shard0_02612.jpg,outdoor,Europe,Europe,13,19
Europe\shard0_21231.jpg,outdoor,Europe,Europe,13,19
Europe\shard0_23401.jpg,outdoor,Europe,Europe,13,18
Europe\shard0_03934.jpg,outdoor,Europe,Europe,13,19
Europe\shard0_11098.jpg,outdoor,Europe,Europe,14,17
Europe\shard0_25552.jpg,outdoor,Europe,Europe,14,17
Europe\shard0_04938.jpg,outdoor,Europe,Europe,14,18
Europe\shard0_24982.jpg,outdoor,Europe,Europe,13,19
Europe\shard0_20056.jpg,outdoor,Europe,Europe,13,18
Europe\shard0_22908.jpg,outdoor,Europe,Europe,13,19
Europe\shard0_08712.jpg,outdoor,Europe,Europe,14,17
Europe\shard0_04527.jpg,outdoor,Europe,Europe,15,15
Europe\shard0_05186.jpg,outdoor,Europe,Europe,13,17
Europe\shard0_06380.jpg,outdoor,Europe,Europe,15,18
Europe\shard0_19358.jpg,outdoor,Europe,Europe,12,17
Europe\shard0_06011.jpg,outdoor,Europe,Europe,14,17
Europe\shard0_01407.jpg,outdoor,Europe,Europe,12,17
Europe\shard0_00544.jpg,outdoor,Europe,Europe,14,17
Europe\shard0_01175.jpg,outdoor,Europe,Europe,13,18
Europe\shard0_06108.jpg,outdoor,Europe,Europe,13,19
Europe\shard0_01498.jpg,outdoor,Europe,Europe,13,18
Europe\shard0_20837.jpg,outdoor,Europe,Europe,12,20
Europe\shard0_19797.jpg,outdoor,Europe,Europe,15,20
Europe\shard0_23810.jpg,outdoor,Europe,Europe,14,18
Europe\shard0_21806.jpg,outdoor,Europe,Europe,13,17
Europe\shard0_17578.jpg,outdoor,Europe,Europe,13,18
Europe\shard0_24214.jpg,outdoor,Europe,Europe,13,17
Europe\shard0_20771.jpg,outdoor,Europe,Europe,14,17
Europe\shard0_25818.jpg,outdoor,Europe,Europe,13,18
Europe\shard0_10647.jpg,outdoor,Europe,Europe,13,18
Europe\shard0_07718.jpg,outdoor,Europe,Europe,14,17
Europe\shard0_18241.jpg,outdoor,Europe,Europe,14,17
Europe\shard0_27074.jpg,outdoor,Europe,Europe,13,17
Europe\shard0_27199.jpg,outdoor,Europe,Europe,13,18
Europe\shard0_16388.jpg,outdoor,Europe,Europe,13,17
Europe\shard0_23826.jpg,outdoor,Europe,Europe,12,17
Europe\shard0_14965.jpg,outdoor,Europe,Europe,14,20
Europe\shard0_25694.jpg,outdoor,Europe,Europe,14,18
Europe\shard0_17238.jpg,outdoor,Europe,Europe,13,19
Europe\shard0_16342.jpg,outdoor,Europe,Europe,14,17
Europe\shard0_16450.jpg,outdoor,Europe,Europe,14,17
Europe\shard0_03146.jpg,outdoor,Europe,Europe,14,18
Europe\shard0_09506.jpg,outdoor,Europe,Europe,13,20
Europe\shard0_03092.jpg,outdoor,Europe,Europe,13,18
Europe\shard0_12335.jpg,outdoor,Europe,Europe,13,18
Europe\shard0_00472.jpg,outdoor,Europe,Europe,13,19
Europe\shard0_08664.jpg,outdoor,Europe,Europe,13,19
Europe\shard0_21677.jpg,outdoor,Europe,Europe,13,17
Europe\shard0_21769.jpg,outdoor,Europe,Europe,13,18
Europe\shard0_03602.jpg,outdoor,Europe,Europe,14,17
Europe\shard0_09134.jpg,outdoor,Europe,Europe,14,18
Europe\shard0_28174.jpg,outdoor,Europe,Europe,13,18
Europe\shard0_14190.jpg,outdoor,Europe,Europe,12,17
Europe\shard0_05024.jpg,outdoor,Europe,Europe,13,18
Europe\shard0_04745.jpg,outdoor,Europe,Europe,13,18
Europe\shard0_14261.jpg,outdoor,Europe,Europe,13,17
Europe\shard0_01721.jpg,outdoor,Europe,Europe,14,18
Europe\shard0_22999.jpg,outdoor,Europe,Europe,13,18
Europe\shard0_05543.jpg,outdoor,Europe,Europe,14,18
Europe\shard0_05776.jpg,outdoor,Europe,Europe,12,17
Europe\shard0_18435.jpg,outdoor,Europe,Europe,13,20
Europe\shard0_04125.jpg,outdoor,Europe,Europe,14,17
Europe\shard0_12842.jpg,outdoor,Europe,Europe,13,17
Europe\shard0_23009.jpg,outdoor,Europe,Europe,13,19
Europe\shard0_14494.jpg,outdoor,Europe,Europe,14,17
Europe\shard0_14726.jpg,outdoor,Europe,Europe,14,17
Europe\shard0_03648.jpg,outdoor,Europe,Europe,13,18
Europe\shard0_25895.jpg,outdoor,Europe,Europe,14,17
Europe\shard0_07209.jpg,outdoor,Europe,Europe,12,19
Europe\shard0_25479.jpg,outdoor,Europe,Europe,14,18
Europe\shard0_16637.jpg,outdoor,Europe,Europe,14,17
Europe\shard0_27611.jpg,outdoor,Europe,Europe,13,17
Europe\shard0_24110.jpg,outdoor,Europe,Europe,14,17
Europe\shard0_20030.jpg,outdoor,Europe,Europe,14,17
Europe\shard0_08074.jpg,outdoor,Europe,Europe,13,19
Europe\shard0_25426.jpg,outdoor,Europe,Europe,12,17
Europe\shard0_20482.jpg,outdoor,Europe,Europe,13,17
Europe\shard0_28877.jpg,outdoor,Europe,Europe,14,26
Europe\shard0_10239.jpg,outdoor,Europe,Europe,13,18
Europe\shard0_12787.jpg,outdoor,Europe,Europe,13,17
Europe\shard0_22687.jpg,outdoor,Europe,Europe,14,17
Europe\shard0_20606.jpg,outdoor,Europe,Europe,14,18
Europe\shard0_00018.jpg,outdoor,Europe,Europe,13,19
Europe\shard0_11680.jpg,outdoor,Europe,Europe,13,18
Europe\shard0_13192.jpg,outdoor,Europe,Europe,13,18
Europe\shard0_07765.jpg,outdoor,Europe,Europe,12,17
Europe\shard0_29295.jpg,outdoor,Europe,Europe,14,17
Europe\shard0_27699.jpg,outdoor,Europe,Europe,13,19
Europe\shard0_25414.jpg,outdoor,Europe,Europe,13,19
Europe\shard0_23025.jpg,outdoor,Europe,Europe,15,18
Europe\shard0_19214.jpg,outdoor,Europe,Europe,13,18
Europe\shard0_27689.jpg,outdoor,Europe,Europe,13,18
Europe\shard0_12247.jpg,outdoor,Europe,Europe,13,17
Europe\shard0_19075.jpg,outdoor,Europe,Europe,14,17
Europe\shard0_08930.jpg,outdoor,Europe,Europe,14,18
Europe\shard0_05821.jpg,outdoor,Europe,Europe,13,19
Europe\shard0_22281.jpg,outdoor,Europe,Europe,14,18
Europe\shard0_07510.jpg,outdoor,Europe,Europe,12,17
Europe\shard0_13464.jpg,outdoor,Europe,Europe,13,18
Europe\shard0_18629.jpg,outdoor,Europe,Europe,12,17
Europe\shard0_14512.jpg,outdoor,Europe,Europe,13,19
Europe\shard0_08113.jpg,outdoor,Europe,Europe,13,18
Europe\shard0_15750.jpg,outdoor,Europe,Europe,13,19
Europe\shard0_23571.jpg,outdoor,Europe,Europe,14,17
Europe\shard0_21388.jpg,outdoor,Europe,Europe,14,19
Europe\shard0_23087.jpg,outdoor,Europe,Europe,14,17
Europe\shard0_10418.jpg,outdoor,Europe,Europe,14,17
Europe\shard0_04507.jpg,outdoor,Europe,Europe,14,17
Europe\shard0_20011.jpg,outdoor,Europe,Europe,13,19
Europe\shard0_27232.jpg,outdoor,Europe,Europe,13,19
Europe\shard0_29128.jpg,outdoor,Europe,Europe,12,19
Europe\shard0_27879.jpg,outdoor,Europe,Europe,12,19
Europe\shard0_16321.jpg,outdoor,Europe,Europe,14,19
Europe\shard0_04936.jpg,outdoor,Europe,Europe,14,17
Europe\shard0_29146.jpg,outdoor,Europe,Europe,14,17
Europe\shard0_27059.jpg,outdoor,Europe,Europe,13,17
Europe\shard0_09034.jpg,outdoor,Europe,Europe,13,18
Europe\shard0_20427.jpg,outdoor,Europe,Europe,14,21
Europe\shard0_16043.jpg,outdoor,Europe,Europe,14,19
Europe\shard0_27743.jpg,outdoor,Europe,Europe,14,17
Europe\shard0_25562.jpg,outdoor,Europe,Europe,13,19
Europe\shard0_01509.jpg,outdoor,Europe,Europe,14,19
Europe\shard0_06387.jpg,outdoor,Europe,Europe,14,18
Europe\shard0_14026.jpg,outdoor,Europe,Europe,13,19
Europe\shard0_10629.jpg,outdoor,Europe,Europe,13,19
Europe\shard0_21359.jpg,outdoor,Europe,Europe,13,18
Europe\shard0_21349.jpg,outdoor,Europe,Europe,13,19
Europe\shard0_26349.jpg,outdoor,Europe,Europe,16,19
Europe\shard0_12437.jpg,outdoor,Europe,Europe,13,18
Europe\shard0_03595.jpg,outdoor,Europe,Europe,14,19
Europe\shard0_22677.jpg,outdoor,Europe,Europe,12,19
Europe\shard0_07390.jpg,outdoor,Europe,Europe,13,18
Europe\shard0_07264.jpg,outdoor,Europe,Europe,14,17
Europe\shard0_09820.jpg,outdoor,Europe,Europe,14,17
Europe\shard0_24529.jpg,outdoor,Europe,Europe,13,18
Europe\shard0_19492.jpg,outdoor,Europe,Europe,14,19
Europe\shard0_26463.jpg,outdoor,Europe,Europe,14,17
Europe\shard0_15693.jpg,outdoor,Europe,Europe,14,17
Europe\shard0_10577.jpg,outdoor,Europe,Europe,14,17
Europe\shard0_26456.jpg,outdoor,Europe,Europe,14,19
Europe\shard0_01307.jpg,outdoor,Europe,Europe,13,19
Europe\shard0_17597.jpg,outdoor,Europe,Europe,14,17
Europe\shard0_23928.jpg,outdoor,Europe,Europe,13,17
Europe\shard0_09678.jpg,outdoor,Europe,Europe,14,19
Europe\shard0_06995.jpg,outdoor,Europe,Europe,13,17
Europe\shard0_18630.jpg,outdoor,Europe,Europe,15,15
Europe\shard0_27321.jpg,outdoor,Europe,Europe,14,19
Europe\shard0_10508.jpg,outdoor,Europe,Europe,14,17
Europe\shard0_25348.jpg,outdoor,Europe,Europe,13,19
Europe\shard0_25672.jpg,outdoor,Europe,Europe,13,18
Europe\shard0_22748.jpg,outdoor,Europe,Europe,13,19
Europe\shard0_22053.jpg,outdoor,Europe,Europe,13,19
Europe\shard0_28296.jpg,outdoor,Europe,Europe,14,18
Europe\shard0_22925.jpg,outdoor,Europe,Europe,13,19
Europe\shard0_21370.jpg,outdoor,Europe,Europe,14,18
Europe\shard0_22560.jpg,outdoor,Europe,Europe,13,18
Europe\shard0_00677.jpg,outdoor,Europe,Europe,13,18
Europe\shard0_13005.jpg,outdoor,Europe,Europe,12,19
Europe\shard0_17397.jpg,outdoor,Europe,Europe,13,18
Europe\shard0_13221.jpg,outdoor,Europe,Europe,14,19
Europe\shard0_12962.jpg,outdoor,Europe,Europe,13,18
Europe\shard0_23292.jpg,outdoor,Europe,Europe,13,19
Europe\shard0_29009.jpg,outdoor,Europe,Europe,14,19
Europe\shard0_23511.jpg,outdoor,Europe,Europe,14,17
Europe\shard0_13345.jpg,outdoor,Europe,Europe,14,18
Europe\shard0_00059.jpg,outdoor,Europe,Europe,14,17
Europe\shard0_14460.jpg,outdoor,Europe,Europe,14,18
Europe\shard0_22636.jpg,outdoor,Europe,Europe,13,19
Europe\shard0_16067.jpg,outdoor,Europe,Europe,15,16
Europe\shard0_14155.jpg,outdoor,Europe,Europe,14,18
Europe\shard0_23695.jpg,outdoor,Europe,Europe,13,18
Europe\shard0_08669.jpg,outdoor,Europe,Europe,14,18
Europe\shard0_05390.jpg,outdoor,Europe,Europe,13,17
Europe\shard0_18170.jpg,outdoor,Europe,Europe,14,19
Europe\shard0_12156.jpg,outdoor,Europe,Europe,14,19
Europe\shard0_00697.jpg,outdoor,Europe,Europe,13,17
Europe\shard0_23414.jpg,outdoor,Europe,Europe,13,19
Europe\shard0_23666.jpg,outdoor,Europe,Europe,13,18
Europe\shard0_07142.jpg,outdoor,Europe,Europe,14,18
Europe\shard0_19391.jpg,outdoor,Europe,Europe,13,17
Europe\shard0_07092.jpg,outdoor,Europe,Europe,14,17
Europe\shard0_09563.jpg,outdoor,Europe,Europe,13,20
Europe\shard0_26272.jpg,outdoor,Europe,Europe,14,17
Europe\shard0_25960.jpg,outdoor,Europe,Europe,13,18
Europe\shard0_28007.jpg,outdoor,Europe,Europe,13,19
Europe\shard0_23144.jpg,outdoor,Europe,Europe,13,18
Europe\shard0_04653.jpg,outdoor,Europe,Europe,12,17
Europe\shard0_04852.jpg,outdoor,Europe,Europe,14,20
Europe\shard0_05281.jpg,outdoor,Europe,Europe,13,19
Europe\shard0_18414.jpg,outdoor,Europe,Europe,14,17
Europe\shard0_05770.jpg,outdoor,Europe,Europe,14,19
Europe\shard0_27690.jpg,outdoor,Europe,Europe,13,19
Europe\shard0_22946.jpg,outdoor,Europe,Europe,13,19
Europe\shard0_06460.jpg,outdoor,Europe,Europe,14,17
Europe\shard0_08548.jpg,outdoor,Europe,Europe,13,18
Europe\shard0_24187.jpg,outdoor,Europe,Europe,14,17
Europe\shard0_02891.jpg,outdoor,Europe,Europe,14,19
Europe\shard0_17211.jpg,outdoor,Europe,Europe,13,18
Europe\shard0_07742.jpg,outdoor,Europe,Europe,12,20
Europe\shard0_14874.jpg,outdoor,Europe,Europe,13,20
Europe\shard0_28074.jpg,outdoor,Europe,Europe,14,18
Europe\shard0_25933.jpg,outdoor,Europe,Europe,14,17
Europe\shard0_23650.jpg,outdoor,Europe,Europe,14,18
Europe\shard0_04422.jpg,outdoor,Europe,Europe,13,18
Europe\shard0_24320.jpg,outdoor,Europe,Europe,13,17
Europe\shard0_11764.jpg,outdoor,Europe,Europe,13,18
Europe\shard0_09426.jpg,outdoor,Europe,Europe,13,18
Europe\shard0_04759.jpg,outdoor,Europe,Europe,13,17
Europe\shard0_08060.jpg,outdoor,Europe,Europe,12,17
Europe\shard0_00736.jpg,outdoor,Europe,Europe,14,19
Europe\shard0_23911.jpg,outdoor,Europe,Europe,13,18
Europe\shard0_02301.jpg,outdoor,Europe,Europe,12,17
Europe\shard0_03035.jpg,outdoor,Europe,Europe,13,17
Europe\shard0_09429.jpg,outdoor,Europe,Europe,13,18
Europe\shard0_29746.jpg,outdoor,Europe,Europe,13,18
Europe\shard0_07292.jpg,outdoor,Europe,Europe,13,19
Europe\shard0_29071.jpg,outdoor,Europe,Europe,14,17
Europe\shard0_16885.jpg,outdoor,Europe,Europe,13,19
Europe\shard0_14648.jpg,outdoor,Europe,Europe,13,19
Europe\shard0_19251.jpg,outdoor,Europe,Europe,14,18
Europe\shard0_22367.jpg,outdoor,Europe,Europe,13,18
Europe\shard0_08316.jpg,outdoor,Europe,Europe,12,17
Europe\shard0_07541.jpg,outdoor,Europe,Europe,13,18
Europe\shard0_28669.jpg,outdoor,Europe,Europe,12,17
Europe\shard0_14291.jpg,outdoor,Europe,Europe,13,18
Europe\shard0_09383.jpg,outdoor,Europe,Europe,13,18
Europe\shard0_05742.jpg,outdoor,Europe,Europe,12,17
Europe\shard0_01343.jpg,outdoor,Europe,Europe,14,19
Europe\shard0_26558.jpg,outdoor,Europe,Europe,13,19
Europe\shard0_09914.jpg,outdoor,Europe,Europe,14,21
Europe\shard0_02880.jpg,outdoor,Europe,Europe,13,17
Europe\shard0_03837.jpg,outdoor,Europe,Europe,14,18
Europe\shard0_21146.jpg,outdoor,Europe,Europe,13,17
Europe\shard0_13761.jpg,outdoor,Europe,Europe,15,20
Europe\shard0_19654.jpg,outdoor,Europe,Europe,13,18
Europe\shard0_28892.jpg,outdoor,Europe,Europe,12,17
Europe\shard0_15455.jpg,outdoor,Europe,Europe,14,17
Europe\shard0_05177.jpg,outdoor,Europe,Europe,14,17
Europe\shard0_27649.jpg,outdoor,Europe,Europe,13,18
Europe\shard0_02647.jpg,outdoor,Europe,Europe,13,19
Europe\shard0_05897.jpg,outdoor,Europe,Europe,14,19
Europe\shard0_20278.jpg,outdoor,Europe,Europe,14,18
Europe\shard0_21937.jpg,outdoor,Europe,Europe,14,18
Europe\shard0_09173.jpg,outdoor,Europe,Europe,13,18
Europe\shard0_27922.jpg,outdoor,Europe,Europe,14,17
Europe\shard0_27718.jpg,outdoor,Europe,Europe,13,17
Europe\shard0_04284.jpg,outdoor,Europe,Europe,13,18
Europe\shard0_28435.jpg,outdoor,Europe,Europe,14,18
Europe\shard0_12460.jpg,outdoor,Europe,Europe,14,17
Europe\shard0_20364.jpg,outdoor,Europe,Europe,14,17
Europe\shard0_20424.jpg,outdoor,Europe,Europe,13,18
Europe\shard0_00234.jpg,outdoor,Europe,Europe,15,20
Europe\shard0_23787.jpg,outdoor,Europe,Europe,13,19
Europe\shard0_09002.jpg,outdoor,Europe,Europe,13,18
Europe\shard0_21163.jpg,outdoor,Europe,Europe,13,18
Europe\shard0_18072.jpg,outdoor,Europe,Europe,14,18
Europe\shard0_29416.jpg,outdoor,Europe,Europe,15,19
Europe\shard0_13491.jpg,outdoor,Europe,Europe,12,17
Europe\shard0_09348.jpg,outdoor,Europe,Europe,14,19
Europe\shard0_17795.jpg,outdoor,Europe,Europe,14,21
Europe\shard0_22277.jpg,outdoor,Europe,Europe,13,18
Europe\shard0_09868.jpg,outdoor,Europe,Europe,12,17
Europe\shard0_10651.jpg,outdoor,Europe,Europe,13,20
Europe\shard0_25587.jpg,outdoor,Europe,Europe,13,19
Europe\shard0_23922.jpg,outdoor,Europe,Europe,14,18
Europe\shard0_04589.jpg,outdoor,Europe,Europe,14,17
Europe\shard0_17787.jpg,outdoor,Europe,Europe,13,19
Europe\shard0_25785.jpg,outdoor,Europe,Europe,13,17
Europe\shard0_18544.jpg,outdoor,Europe,Europe,13,18
Europe\shard0_14867.jpg,outdoor,Europe,Europe,13,17
Europe\shard0_08842.jpg,outdoor,Europe,Europe,14,18
Europe\shard0_09219.jpg,outdoor,Europe,Europe,14,17
Europe\shard0_18266.jpg,outdoor,Europe,Europe,13,18
Europe\shard0_19916.jpg,outdoor,Europe,Europe,13,19
Europe\shard0_26465.jpg,outdoor,Europe,Europe,13,18
Europe\shard0_16033.jpg,outdoor,Europe,Europe,13,18
Europe\shard0_07870.jpg,outdoor,Europe,Europe,13,18
Europe\shard0_23436.jpg,outdoor,Europe,Europe,13,18
Europe\shard0_27781.jpg,outdoor,Europe,Europe,14,17
Europe\shard0_17245.jpg,outdoor,Europe,Europe,14,18
Europe\shard0_01655.jpg,outdoor,Europe,Europe,13,19
Europe\shard0_26065.jpg,outdoor,Europe,Europe,13,20
Europe\shard0_07580.jpg,outdoor,Europe,Europe,14,17
Europe\shard0_27290.jpg,outdoor,Europe,Europe,14,18
Europe\shard0_15376.jpg,outdoor,Europe,Europe,14,17
Europe\shard0_14118.jpg,outdoor,Europe,Europe,14,18
Europe\shard0_03311.jpg,outdoor,Europe,Europe,14,17
Europe\shard0_18398.jpg,outdoor,Europe,Europe,14,18
Europe\shard0_00550.jpg,outdoor,Europe,Europe,13,18
Europe\shard0_24752.jpg,outdoor,Europe,Europe,14,17
Europe\shard0_05469.jpg,outdoor,Europe,Europe,14,19
Europe\shard0_14370.jpg,outdoor,Europe,Europe,13,19
Europe\shard0_23306.jpg,outdoor,Europe,Europe,14,18
Europe\shard0_29451.jpg,outdoor,Europe,Europe,13,18
Europe\shard0_14967.jpg,outdoor,Europe,Europe,14,17
Europe\shard0_04557.jpg,outdoor,Europe,Europe,14,19
Europe\shard0_08968.jpg,outdoor,Europe,Europe,13,20
Europe\shard0_07034.jpg,outdoor,Europe,Europe,14,18
Europe\shard0_15450.jpg,outdoor,Europe,Europe,13,18
Europe\shard0_19482.jpg,outdoor,Europe,Europe,13,18
Europe\shard0_01790.jpg,outdoor,Europe,Europe,13,18
Europe\shard0_27538.jpg,outdoor,Europe,Europe,13,19
Europe\shard0_03707.jpg,outdoor,Europe,Europe,13,17
Europe\shard0_14496.jpg,outdoor,Europe,Europe,14,18
Europe\shard0_05322.jpg,outdoor,Europe,Europe,14,18
Europe\shard0_23813.jpg,outdoor,Europe,Europe,12,17
Europe\shard0_06295.jpg,outdoor,Europe,Europe,14,17
Europe\shard0_08905.jpg,outdoor,Europe,Europe,14,18
Europe\shard0_02530.jpg,outdoor,Europe,Europe,15,18
Europe\shard0_29056.jpg,outdoor,Europe,Europe,13,17
Europe\shard0_15069.jpg,outdoor,Europe,Europe,15,20
Europe\shard0_19682.jpg,outdoor,Europe,Europe,13,18
Europe\shard0_20805.jpg,outdoor,Europe,Europe,14,17
Europe\shard0_26933.jpg,outdoor,Europe,Europe,13,19
Europe\shard0_04202.jpg,outdoor,Europe,Europe,13,18
Europe\shard0_00625.jpg,outdoor,Europe,Europe,13,19
Europe\shard0_09079.jpg,outdoor,Europe,Europe,14,19
Europe\shard0_19120.jpg,outdoor,Europe,Europe,14,19
Europe\shard0_04314.jpg,outdoor,Europe,Europe,13,20
Europe\shard0_11516.jpg,outdoor,Europe,Europe,13,20
Europe\shard0_25403.jpg,outdoor,Europe,Europe,13,19
Europe\shard0_17318.jpg,outdoor,Europe,Europe,13,19
Europe\shard0_03649.jpg,outdoor,Europe,Europe,14,20
Europe\shard0_11378.jpg,outdoor,Europe,Europe,12,17
Europe\shard0_19305.jpg,outdoor,Europe,Europe,14,21
Europe\shard0_27614.jpg,outdoor,Europe,Europe,13,17
Europe\shard0_12718.jpg,outdoor,Europe,Europe,14,18
Europe\shard0_27337.jpg,outdoor,Europe,Europe,13,18
Europe\shard0_22282.jpg,outdoor,Europe,Europe,16,19
Europe\shard0_21965.jpg,outdoor,Europe,Europe,12,17
Europe\shard0_26667.jpg,outdoor,Europe,Europe,13,18
Europe\shard0_25977.jpg,outdoor,Europe,Europe,14,21
Europe\shard0_28034.jpg,outdoor,Europe,Europe,14,17
Europe\shard0_06665.jpg,outdoor,Europe,Europe,14,20
Europe\shard0_28338.jpg,outdoor,Europe,Europe,13,19
Europe\shard0_29843.jpg,outdoor,Europe,Europe,16,19
Europe\shard0_20334.jpg,outdoor,Europe,Europe,13,18
Europe\shard0_15071.jpg,outdoor,Europe,Europe,13,18
Europe\shard0_27447.jpg,outdoor,Europe,Europe,14,19
Europe\shard0_27391.jpg,outdoor,Europe,Europe,13,19
Europe\shard0_03869.jpg,outdoor,Europe,Europe,13,18
Europe\shard0_07182.jpg,outdoor,Europe,Europe,13,17
Europe\shard0_02332.jpg,outdoor,Europe,Europe,14,17
Europe\shard0_28712.jpg,outdoor,Europe,Europe,14,19
Europe\shard0_26854.jpg,outdoor,Europe,Europe,14,17
Europe\shard0_27425.jpg,outdoor,Europe,Europe,13,18
Europe\shard0_29833.jpg,outdoor,Europe,Europe,14,17
Europe\shard0_25146.jpg,outdoor,Europe,Europe,14,17
Europe\shard0_23764.jpg,outdoor,Europe,Europe,13,19
Europe\shard0_13922.jpg,outdoor,Europe,Europe,12,17
Europe\shard0_05521.jpg,outdoor,Europe,Europe,13,18
Europe\shard0_01041.jpg,outdoor,Europe,Europe,13,17
Europe\shard0_13880.jpg,outdoor,Europe,Europe,13,18
Europe\shard0_18719.jpg,outdoor,Europe,Europe,14,17
Europe\shard0_27494.jpg,outdoor,Europe,Europe,14,19
Europe\shard0_21165.jpg,outdoor,Europe,Europe,13,19
Europe\shard0_15189.jpg,outdoor,Europe,Europe,13,19
Europe\shard0_27092.jpg,outdoor,Europe,Europe,13,17
Europe\shard0_09443.jpg,outdoor,Europe,Europe,13,17
Europe\shard0_21687.jpg,outdoor,Europe,Europe,14,17
Europe\shard0_14525.jpg,outdoor,Europe,Europe,14,19
Europe\shard0_00958.jpg,outdoor,Europe,Europe,13,19
Europe\shard0_06259.jpg,outdoor,Europe,Europe,13,17
Europe\shard0_29224.jpg,outdoor,Europe,Europe,13,18
Europe\shard0_26760.jpg,outdoor,Europe,Europe,13,19
Europe\shard0_03630.jpg,outdoor,Europe,Europe,13,20
Europe\shard0_18515.jpg,outdoor,Europe,Europe,13,18
Europe\shard0_27944.jpg,outdoor,Europe,Europe,13,17
Europe\shard0_02685.jpg,outdoor,Europe,Europe,14,19
Europe\shard0_14072.jpg,outdoor,Europe,Europe,14,17
Europe\shard0_07608.jpg,outdoor,Europe,Europe,13,18
Europe\shard0_20983.jpg,outdoor,Europe,Europe,13,18
Europe\shard0_15513.jpg,outdoor,Europe,Europe,14,17
Europe\shard0_10536.jpg,outdoor,Europe,Europe,14,17
Europe\shard0_10170.jpg,outdoor,Europe,Europe,14,17
Europe\shard0_07015.jpg,outdoor,Europe,Europe,13,18
Europe\shard0_11815.jpg,outdoor,Europe,Europe,13,18
Europe\shard0_09131.jpg,outdoor,Europe,Europe,13,19
Europe\shard0_17935.jpg,outdoor,Europe,Europe,13,18
Europe\shard0_14459.jpg,outdoor,Europe,Europe,12,19
Europe\shard0_02745.jpg,outdoor,Europe,Europe,12,17
Europe\shard0_02435.jpg,outdoor,Europe,Europe,13,17
Europe\shard0_12481.jpg,outdoor,Europe,Europe,13,18
Europe\shard0_08997.jpg,outdoor,Europe,Europe,12,17
Europe\shard0_28851.jpg,outdoor,Europe,Europe,14,17
Europe\shard0_22785.jpg,outdoor,Europe,Europe,13,18
Europe\shard0_07547.jpg,outdoor,Europe,Europe,13,18
Europe\shard0_23969.jpg,outdoor,Europe,Europe,13,21
Europe\shard0_01006.jpg,outdoor,Europe,Europe,13,17
Europe\shard0_11438.jpg,outdoor,Europe,Europe,14,17
Europe\shard0_11016.jpg,outdoor,Europe,Europe,13,19
Europe\shard0_13100.jpg,outdoor,Europe,Europe,14,18
Europe\shard0_13797.jpg,outdoor,Europe,Europe,14,18
Europe\shard0_09048.jpg,outdoor,Europe,Europe,13,17
Europe\shard0_01885.jpg,outdoor,Europe,Europe,14,18
Europe\shard0_08808.jpg,outdoor,Europe,Europe,14,17
Europe\shard0_18549.jpg,outdoor,Europe,Europe,13,18
Europe\shard0_10024.jpg,outdoor,Europe,Europe,14,17
Europe\shard0_00021.jpg,outdoor,Europe,Europe,16,20
Europe\shard0_14284.jpg,outdoor,Europe,Europe,13,19
Europe\shard0_25471.jpg,outdoor,Europe,Europe,14,19
Europe\shard0_17370.jpg,outdoor,Europe,Europe,13,18
Europe\shard0_09553.jpg,outdoor,Europe,Europe,13,17
Europe\shard0_07147.jpg,outdoor,Europe,Europe,14,17
Europe\shard0_09020.jpg,outdoor,Europe,Europe,14,19
Europe\shard0_03975.jpg,outdoor,Europe,Europe,13,18
Europe\shard0_22906.jpg,outdoor,Europe,Europe,14,20
Europe\shard0_04197.jpg,outdoor,Europe,Europe,15,15
Europe\shard0_07977.jpg,outdoor,Europe,Europe,13,18
Europe\shard0_15541.jpg,outdoor,Europe,Europe,14,17
Europe\shard0_21302.jpg,outdoor,Europe,Europe,13,18
Europe\shard0_26250.jpg,outdoor,Europe,Europe,14,18
Europe\shard0_15202.jpg,outdoor,Europe,Europe,13,17
Europe\shard0_26874.jpg,outdoor,Europe,Europe,14,17
Europe\shard0_11937.jpg,outdoor,Europe,Europe,13,19
Europe\shard0_03073.jpg,outdoor,Europe,Europe,14,19
Europe\shard0_29185.jpg,outdoor,Europe,Europe,14,17
Europe\shard0_06892.jpg,outdoor,Europe,Europe,14,17
Europe\shard0_10910.jpg,outdoor,Europe,Europe,13,17
Europe\shard0_04319.jpg,outdoor,Europe,Europe,14,17
Europe\shard0_20799.jpg,outdoor,Europe,Europe,13,17
Europe\shard0_25579.jpg,outdoor,Europe,Europe,13,17
Europe\shard0_24290.jpg,outdoor,Europe,Europe,14,19
Europe\shard0_10251.jpg,outdoor,Europe,Europe,13,18
Europe\shard0_29759.jpg,outdoor,Europe,Europe,14,17
Europe\shard0_09062.jpg,outdoor,Europe,Europe,13,18
Europe\shard0_06798.jpg,outdoor,Europe,Europe,13,18
Europe\shard0_02427.jpg,outdoor,Europe,Europe,14,17
Europe\shard0_01350.jpg,outdoor,Europe,Europe,13,19
Europe\shard0_23377.jpg,outdoor,Europe,Europe,13,19
Europe\shard0_14688.jpg,outdoor,Europe,Europe,13,17
Europe\shard0_26267.jpg,outdoor,Europe,Europe,13,19
Europe\shard0_12546.jpg,outdoor,Europe,Europe,14,19
Europe\shard0_00378.jpg,outdoor,Europe,Europe,13,18
Europe\shard0_22492.jpg,outdoor,Europe,Europe,13,18
Europe\shard0_06045.jpg,outdoor,Europe,Europe,14,17
Europe\shard0_14034.jpg,outdoor,Europe,Europe,14,19
Europe\shard0_14247.jpg,outdoor,Europe,Europe,13,19
Europe\shard0_28905.jpg,outdoor,Europe,Europe,14,19
Europe\shard0_18518.jpg,outdoor,Europe,Europe,13,18
Europe\shard0_05997.jpg,outdoor,Europe,Europe,14,18
Europe\shard0_26521.jpg,outdoor,Europe,Europe,14,17
Europe\shard0_16874.jpg,outdoor,Europe,Europe,13,18
Europe\shard0_14341.jpg,outdoor,Europe,Europe,15,20
Europe\shard0_08362.jpg,outdoor,Europe,Europe,13,18
Europe\shard0_02262.jpg,outdoor,Europe,Europe,13,18
Europe\shard0_27378.jpg,outdoor,Europe,Europe,12,17
Europe\shard0_24889.jpg,outdoor,Europe,Europe,13,19
Europe\shard0_11969.jpg,outdoor,Europe,Europe,14,17
Europe\shard0_22374.jpg,outdoor,Europe,Europe,13,17
Europe\shard0_23781.jpg,outdoor,Europe,Europe,14,19
Europe\shard0_25902.jpg,outdoor,Europe,Europe,12,17
Europe\shard0_20165.jpg,outdoor,Europe,Europe,13,19
Europe\shard0_17672.jpg,outdoor,Europe,Europe,14,17
Europe\shard0_01462.jpg,outdoor,Europe,Europe,14,19
Europe\shard0_07747.jpg,outdoor,Europe,Europe,14,17
Europe\shard0_22757.jpg,outdoor,Europe,Europe,14,17
Europe\shard0_25948.jpg,outdoor,Europe,Europe,13,18
Europe\shard0_14345.jpg,outdoor,Europe,Europe,14,17
Europe\shard0_14269.jpg,outdoor,Europe,Europe,14,19
Europe\shard0_09330.jpg,outdoor,Europe,Europe,14,17
Europe\shard0_16827.jpg,outdoor,Europe,Europe,14,19
Europe\shard0_18646.jpg,outdoor,Europe,Europe,14,17
Europe\shard0_27127.jpg,outdoor,Europe,Europe,13,19
Europe\shard0_14639.jpg,outdoor,Europe,Europe,14,18
Europe\shard0_18422.jpg,outdoor,Europe,Europe,13,19
Europe\shard0_20776.jpg,outdoor,Europe,Europe,12,17
Europe\shard0_20894.jpg,outdoor,Europe,Europe,13,18
Europe\shard0_04716.jpg,outdoor,Europe,Europe,14,17
Europe\shard0_24385.jpg,outdoor,Europe,Europe,14,19
Europe\shard0_05652.jpg,outdoor,Europe,Europe,14,17
Europe\shard0_27031.jpg,outdoor,Europe,Europe,13,18
Europe\shard0_26525.jpg,outdoor,Europe,Europe,14,17
Europe\shard0_19768.jpg,outdoor,Europe,Europe,13,17
Europe\shard0_03463.jpg,outdoor,Europe,Europe,13,17
Europe\shard0_09089.jpg,outdoor,Europe,Europe,14,17
Europe\shard0_10363.jpg,outdoor,Europe,Europe,14,18
Europe\shard0_26067.jpg,outdoor,Europe,Europe,14,17
Europe\shard0_03312.jpg,outdoor,Europe,Europe,13,18
Europe\shard0_02314.jpg,outdoor,Europe,Europe,14,19
Europe\shard0_00774.jpg,outdoor,Europe,Europe,15,20
Europe\shard0_06437.jpg,outdoor,Europe,Europe,13,20
Europe\shard0_08085.jpg,outdoor,Europe,Europe,13,18
Europe\shard0_12744.jpg,outdoor,Europe,Europe,13,18
Europe\shard0_18473.jpg,outdoor,Europe,Europe,14,17
Europe\shard0_03582.jpg,outdoor,Europe,Europe,14,19
Europe\shard0_02510.jpg,outdoor,Europe,Europe,14,19
Europe\shard0_21268.jpg,outdoor,Europe,Europe,15,15
Europe\shard0_19227.jpg,outdoor,Europe,Europe,14,19
Europe\shard0_07899.jpg,outdoor,Europe,Europe,13,19
Europe\shard0_00644.jpg,outdoor,Europe,Europe,12,17
Europe\shard0_20569.jpg,outdoor,Europe,Europe,14,19
Europe\shard0_27591.jpg,outdoor,Europe,Europe,14,18
Europe\shard0_27897.jpg,outdoor,Europe,Europe,14,20
Europe\shard0_03465.jpg,outdoor,Europe,Europe,13,19
Europe\shard0_05674.jpg,outdoor,Europe,Europe,14,18
Europe\shard0_18318.jpg,outdoor,Europe,Europe,13,19
Europe\shard0_25267.jpg,outdoor,Europe,Europe,13,19
Europe\shard0_18697.jpg,outdoor,Europe,Europe,14,17
Europe\shard0_19068.jpg,outdoor,Europe,Europe,14,17
Europe\shard0_11168.jpg,outdoor,Europe,Europe,14,17
Europe\shard0_07345.jpg,outdoor,Europe,Europe,13,18
Europe\shard0_10420.jpg,outdoor,Europe,Europe,13,19
Europe\shard0_13273.jpg,outdoor,Europe,Europe,14,17
Europe\shard0_27630.jpg,outdoor,Europe,Europe,14,18
Europe\shard0_19953.jpg,outdoor,Europe,Europe,14,17
Europe\shard0_13061.jpg,outdoor,Europe,Europe,14,19
Europe\shard0_24505.jpg,outdoor,Europe,Europe,13,17
Europe\shard0_22552.jpg,outdoor,Europe,Europe,13,19
Europe\shard0_27110.jpg,outdoor,Europe,Europe,14,19
Europe\shard0_08378.jpg,outdoor,Europe,Europe,14,17
Europe\shard0_08046.jpg,outdoor,Europe,Europe,14,19
Europe\shard0_02161.jpg,outdoor,Europe,Europe,13,19
Europe\shard0_05759.jpg,outdoor,Europe,Europe,13,18
Europe\shard0_20876.jpg,outdoor,Europe,Europe,13,17
Europe\shard0_10253.jpg,outdoor,Europe,Europe,15,20
Europe\shard0_07551.jpg,outdoor,Europe,Europe,13,19
Europe\shard0_23584.jpg,outdoor,Europe,Europe,14,18
Europe\shard0_10798.jpg,outdoor,Europe,Europe,13,18
Europe\shard0_07495.jpg,outdoor,Europe,Europe,13,19
Europe\shard0_29107.jpg,outdoor,Europe,Europe,15,18
Europe\shard0_08397.jpg,outdoor,Europe,Europe,13,18
Europe\shard0_26944.jpg,outdoor,Europe,Europe,13,18
Europe\shard0_27051.jpg,outdoor,Europe,Europe,14,17
Europe\shard0_03293.jpg,outdoor,Europe,Europe,13,18
Europe\shard0_13599.jpg,outdoor,Europe,Europe,14,17
Europe\shard0_23799.jpg,outdoor,Europe,Europe,14,18
Europe\shard0_08657.jpg,outdoor,Europe,Europe,13,19
Europe\shard0_25823.jpg,outdoor,Europe,Europe,14,21
Europe\shard0_25578.jpg,outdoor,Europe,Europe,13,19
Europe\shard0_01551.jpg,outdoor,Europe,Europe,13,18
Europe\shard0_08071.jpg,outdoor,Europe,Europe,14,17
Europe\shard0_28917.jpg,outdoor,Europe,Europe,13,19
Europe\shard0_05107.jpg,outdoor,Europe,Europe,14,19
Europe\shard0_25735.jpg,outdoor,Europe,Europe,14,19
Europe\shard0_21922.jpg,outdoor,Europe,Europe,14,19
Europe\shard0_16818.jpg,outdoor,Europe,Europe,13,18
Europe\shard0_07239.jpg,outdoor,Europe,Europe,14,17
Europe\shard0_04004.jpg,outdoor,Europe,Europe,15,16
Europe\shard0_05284.jpg,outdoor,Europe,Europe,12,18
Europe\shard0_18558.jpg,outdoor,Europe,Europe,13,19
Europe\shard0_01851.jpg,outdoor,Europe,Europe,13,18
Europe\shard0_10976.jpg,outdoor,Europe,Europe,13,18
Europe\shard0_22517.jpg,outdoor,Europe,Europe,14,18
Europe\shard0_06488.jpg,outdoor,Europe,Europe,13,19
Europe\shard0_27912.jpg,outdoor,Europe,Europe,14,17
Europe\shard0_25692.jpg,outdoor,Europe,Europe,14,18
Europe\shard0_09916.jpg,outdoor,Europe,Europe,14,19
Europe\shard0_04830.jpg,outdoor,Europe,Europe,13,19
Europe\shard0_19548.jpg,outdoor,Europe,Europe,13,19
Europe\shard0_23053.jpg,outdoor,Europe,Europe,13,18
Europe\shard0_18875.jpg,outdoor,Europe,Europe,12,17
Europe\shard0_03439.jpg,outdoor,Europe,Europe,13,19
Europe\shard0_11668.jpg,outdoor,Europe,Europe,14,17
Europe\shard0_02145.jpg,outdoor,Europe,Europe,14,19
Europe\shard0_04511.jpg,outdoor,Europe,Europe,13,19
Europe\shard0_29149.jpg,outdoor,Europe,Europe,14,19
Europe\shard0_23597.jpg,outdoor,Europe,Europe,14,17
Europe\shard0_13299.jpg,outdoor,Europe,Europe,14,17
Europe\shard0_21578.jpg,outdoor,Europe,Europe,14,17
Europe\shard0_11597.jpg,outdoor,Europe,Europe,14,17
Europe\shard0_16344.jpg,outdoor,Europe,Europe,14,18
Europe\shard0_12768.jpg,outdoor,Europe,Europe,13,19
Europe\shard0_28095.jpg,outdoor,Europe,Europe,14,19
Europe\shard0_29651.jpg,outdoor,Europe,Europe,13,18
Europe\shard0_10136.jpg,outdoor,Europe,Europe,14,17
Europe\shard0_10983.jpg,outdoor,Europe,Europe,14,19
Europe\shard0_23250.jpg,outdoor,Europe,Europe,15,20
Europe\shard0_26071.jpg,outdoor,Europe,Europe,14,19
Europe\shard0_29971.jpg,outdoor,Europe,Europe,12,17
Europe\shard0_14031.jpg,outdoor,Europe,Europe,13,19
Europe\shard0_25816.jpg,outdoor,Europe,Europe,12,19
Europe\shard0_19713.jpg,outdoor,Europe,Europe,12,17
Europe\shard0_25564.jpg,outdoor,Europe,Europe,13,18
Europe\shard0_10318.jpg,outdoor,Europe,Europe,13,19
Europe\shard0_26088.jpg,outdoor,Europe,Europe,14,17
Europe\shard0_19520.jpg,outdoor,Europe,Europe,14,17
Europe\shard0_04267.jpg,outdoor,Europe,Europe,14,19
Europe\shard0_16932.jpg,outdoor,Europe,Europe,14,17
Europe\shard0_08355.jpg,outdoor,Europe,Europe,12,17
Europe\shard0_09639.jpg,outdoor,Europe,Europe,14,17
Europe\shard0_08124.jpg,outdoor,Europe,Europe,13,19
Europe\shard0_23022.jpg,outdoor,Europe,Europe,14,17
Europe\shard0_00876.jpg,outdoor,Europe,Europe,14,17
Europe\shard0_03981.jpg,outdoor,Europe,Europe,14,18
Europe\shard0_07705.jpg,outdoor,Europe,Europe,13,18
Europe\shard0_21156.jpg,outdoor,Europe,Europe,13,19
Europe\shard0_05580.jpg,outdoor,Europe,Europe,13,18
Europe\shard0_08689.jpg,outdoor,Europe,Europe,14,18
Europe\shard0_02779.jpg,outdoor,Europe,Europe,14,17
Europe\shard0_04484.jpg,outdoor,Europe,Europe,13,19
Europe\shard0_15317.jpg,outdoor,Europe,Europe,13,18
Europe\shard0_07008.jpg,outdoor,Europe,Europe,13,18
Europe\shard0_19144.jpg,outdoor,Europe,Europe,13,19
Europe\shard0_10334.jpg,outdoor,Europe,Europe,14,17
Europe\shard0_13669.jpg,outdoor,Europe,Europe,15,19
Europe\shard0_04064.jpg,outdoor,Europe,Europe,13,17
Europe\shard0_08966.jpg,outdoor,Europe,Europe,13,18
Europe\shard0_20172.jpg,outdoor,Europe,Europe,13,17
Europe\shard0_29680.jpg,outdoor,Europe,Europe,14,18
Europe\shard0_01221.jpg,outdoor,Europe,Europe,14,17
Europe\shard0_10391.jpg,outdoor,Europe,Europe,13,19
Europe\shard0_09033.jpg,outdoor,Europe,Europe,13,18
Europe\shard0_21478.jpg,outdoor,Europe,Europe,13,18
Europe\shard0_09994.jpg,outdoor,Europe,Europe,14,19
Europe\shard0_08610.jpg,outdoor,Europe,Europe,14,20
Europe\shard0_12256.jpg,outdoor,Europe,Europe,14,17
Europe\shard0_24928.jpg,outdoor,Europe,Europe,13,19
Europe\shard0_15536.jpg,outdoor,Europe,Europe,13,19
Europe\shard0_05665.jpg,outdoor,Europe,Europe,14,17
Europe\shard0_25812.jpg,outdoor,Europe,Europe,14,17
Europe\shard0_09889.jpg,outdoor,Europe,Europe,13,17
Europe\shard0_19279.jpg,outdoor,Europe,Europe,14,18
Europe\shard0_27064.jpg,outdoor,Europe,Europe,13,19
Europe\shard0_01745.jpg,outdoor,Europe,Europe,13,18
Europe\shard0_21653.jpg,outdoor,Europe,Europe,13,17
Europe\shard0_05114.jpg,outdoor,Europe,Europe,13,17
Europe\shard0_14606.jpg,outdoor,Europe,Europe,13,18
Europe\shard0_01421.jpg,outdoor,Europe,Europe,13,19
Europe\shard0_24120.jpg,outdoor,Europe,Europe,13,19
Europe\shard0_23838.jpg,outdoor,Europe,Europe,14,18
Europe\shard0_09681.jpg,outdoor,Europe,Europe,13,19
Europe\shard0_00078.jpg,outdoor,Europe,Europe,13,18
Europe\shard0_08303.jpg,outdoor,Europe,Europe,14,17
Europe\shard0_06491.jpg,outdoor,Europe,Europe,13,18
Europe\shard0_02792.jpg,outdoor,Europe,Europe,13,19
Europe\shard0_29207.jpg,outdoor,Europe,Europe,15,19
Europe\shard0_10731.jpg,outdoor,Europe,Europe,13,19
Europe\shard0_05467.jpg,outdoor,Europe,Europe,14,19
Europe\shard0_24326.jpg,outdoor,Europe,Europe,14,19
Europe\shard0_09726.jpg,outdoor,Europe,Europe,13,18
Europe\shard0_14705.jpg,outdoor,Europe,Europe,13,17
Europe\shard0_09205.jpg,outdoor,Europe,Europe,13,18
Europe\shard0_01791.jpg,outdoor,Europe,Europe,13,18
Europe\shard0_16478.jpg,outdoor,Europe,Europe,14,18
Europe\shard0_16013.jpg,outdoor,Europe,Europe,13,19
Europe\shard0_05869.jpg,outdoor,Europe,Europe,13,18
Europe\shard0_14392.jpg,outdoor,Europe,Europe,13,17
Europe\shard0_01115.jpg,outdoor,Europe,Europe,14,17
Europe\shard0_17989.jpg,outdoor,Europe,Europe,15,19
Europe\shard0_17009.jpg,outdoor,Europe,Europe,14,19
Europe\shard0_13838.jpg,outdoor,Europe,Europe,14,19
Europe\shard0_27147.jpg,outdoor,Europe,Europe,14,18
Europe\shard0_10128.jpg,outdoor,Europe,Europe,13,18
Europe\shard0_05443.jpg,outdoor,Europe,Europe,13,17
Europe\shard0_27140.jpg,outdoor,Europe,Europe,13,17
Europe\shard0_20221.jpg,outdoor,Europe,Europe,13,18
Europe\shard0_02359.jpg,outdoor,Europe,Europe,14,17
Europe\shard0_17181.jpg,outdoor,Europe,Europe,14,18
Europe\shard0_24315.jpg,outdoor,Europe,Europe,14,19
Europe\shard0_18754.jpg,outdoor,Europe,Europe,13,18
Europe\shard0_29809.jpg,outdoor,Europe,Europe,14,20
Europe\shard0_28382.jpg,outdoor,Europe,Europe,13,18
Europe\shard0_19621.jpg,outdoor,Europe,Europe,14,19
Europe\shard0_13589.jpg,outdoor,Europe,Europe,14,19
Europe\shard0_19163.jpg,outdoor,Europe,Europe,13,19
Europe\shard0_11735.jpg,outdoor,Europe,Europe,14,19
Europe\shard0_26793.jpg,outdoor,Europe,Europe,13,19
Europe\shard0_09968.jpg,outdoor,Europe,Europe,14,21
Europe\shard0_22523.jpg,outdoor,Europe,Europe,12,17
Europe\shard0_21951.jpg,outdoor,Europe,Europe,13,19
Europe\shard0_15933.jpg,outdoor,Europe,Europe,12,17
Europe\shard0_15626.jpg,outdoor,Europe,Europe,13,20
Europe\shard0_29078.jpg,outdoor,Europe,Europe,13,18
Europe\shard0_02729.jpg,outdoor,Europe,Europe,14,17
Europe\shard0_19136.jpg,outdoor,Europe,Europe,14,20
Europe\shard0_12707.jpg,outdoor,Europe,Europe,14,19
Europe\shard0_23197.jpg,outdoor,Europe,Europe,15,18
Europe\shard0_16016.jpg,outdoor,Europe,Europe,13,17
Europe\shard0_11114.jpg,outdoor,Europe,Europe,13,18
Europe\shard0_14484.jpg,outdoor,Europe,Europe,14,19
Europe\shard0_26421.jpg,outdoor,Europe,Europe,13,18
Europe\shard0_15838.jpg,outdoor,Europe,Europe,14,17
Europe\shard0_08868.jpg,outdoor,Europe,Europe,14,21
Europe\shard0_21894.jpg,outdoor,Europe,Europe,14,17
Europe\shard0_09187.jpg,outdoor,Europe,Europe,14,17
Europe\shard0_02073.jpg,outdoor,Europe,Europe,14,17
Europe\shard0_02079.jpg,outdoor,Europe,Europe,13,18
Europe\shard0_23402.jpg,outdoor,Europe,Europe,13,20
Europe\shard0_24084.jpg,outdoor,Europe,Europe,14,17
Europe\shard0_24060.jpg,outdoor,Europe,Europe,14,17
Europe\shard0_22623.jpg,outdoor,Europe,Europe,13,17
Europe\shard0_03070.jpg,outdoor,Europe,Europe,14,17
Europe\shard0_23430.jpg,outdoor,Europe,Europe,13,18
Europe\shard0_20390.jpg,outdoor,Europe,Europe,14,17
Europe\shard0_02591.jpg,outdoor,Europe,Europe,14,17
Europe\shard0_22373.jpg,outdoor,Europe,Europe,14,21
Europe\shard0_08754.jpg,outdoor,Europe,Europe,14,17
Europe\shard0_01456.jpg,outdoor,Europe,Europe,15,19
Europe\shard0_27205.jpg,outdoor,Europe,Europe,14,17
Europe\shard0_16615.jpg,outdoor,Europe,Europe,14,17
Europe\shard0_01478.jpg,outdoor,Europe,Europe,13,19
Europe\shard0_21112.jpg,outdoor,Europe,Europe,13,17
Europe\shard0_08833.jpg,outdoor,Europe,Europe,13,18
Europe\shard0_22818.jpg,outdoor,Europe,Europe,13,17
Europe\shard0_06331.jpg,outdoor,Europe,Europe,14,17
Europe\shard0_27032.jpg,outdoor,Europe,Europe,13,17
Europe\shard0_14177.jpg,outdoor,Europe,Europe,13,18
Europe\shard0_03766.jpg,outdoor,Europe,Europe,14,17
Europe\shard0_27088.jpg,outdoor,Europe,Europe,13,19
Europe\shard0_28235.jpg,outdoor,Europe,Europe,13,19
Europe\shard0_29025.jpg,outdoor,Europe,Europe,13,18
Europe\shard0_01411.jpg,outdoor,Europe,Europe,13,18
Europe\shard0_15102.jpg,outdoor,Europe,Europe,13,18
Europe\shard0_22137.jpg,outdoor,Europe,Europe,12,17
Europe\shard0_04975.jpg,outdoor,Europe,Europe,13,17
Europe\shard0_20992.jpg,outdoor,Europe,Europe,13,17
Europe\shard0_14479.jpg,outdoor,Europe,Europe,13,18
Europe\shard0_25370.jpg,outdoor,Europe,Europe,15,20
Europe\shard0_10076.jpg,outdoor,Europe,Europe,14,17
Europe\shard0_13415.jpg,outdoor,Europe,Europe,13,18
Europe\shard0_08166.jpg,outdoor,Europe,Europe,14,17
Europe\shard0_03037.jpg,outdoor,Europe,Europe,14,19
Europe\shard0_27665.jpg,outdoor,Europe,Europe,13,18
Europe\shard0_13938.jpg,outdoor,Europe,Europe,13,17
Europe\shard0_28509.jpg,outdoor,Europe,Europe,13,18
Europe\shard0_27527.jpg,outdoor,Europe,Europe,13,18
Europe\shard0_19961.jpg,outdoor,Europe,Europe,13,18
Europe\shard0_17864.jpg,outdoor,Europe,Europe,13,19
Europe\shard0_06576.jpg,outdoor,Europe,Europe,13,19
Europe\shard0_01441.jpg,outdoor,Europe,Europe,13,18
Europe\shard0_20765.jpg,outdoor,Europe,Europe,12,17
Europe\shard0_19460.jpg,outdoor,Europe,Europe,13,17
Europe\shard0_17077.jpg,outdoor,Europe,Europe,14,17
Europe\shard0_00588.jpg,outdoor,Europe,Europe,13,18
Europe\shard0_26485.jpg,outdoor,Europe,Europe,14,17
Europe\shard0_12076.jpg,outdoor,Europe,Europe,14,17
Europe\shard0_26454.jpg,outdoor,Europe,Europe,13,17
Europe\shard0_01589.jpg,outdoor,Europe,Europe,13,18
Europe\shard0_27778.jpg,outdoor,Europe,Europe,13,19
Europe\shard0_13524.jpg,outdoor,Europe,Europe,14,17
Europe\shard0_16477.jpg,outdoor,Europe,Europe,14,19
Europe\shard0_13981.jpg,outdoor,Europe,Europe,13,18
Europe\shard0_12819.jpg,outdoor,Europe,Europe,14,17
Europe\shard0_04047.jpg,outdoor,Europe,Europe,14,18
Europe\shard0_19726.jpg,outdoor,Europe,Europe,14,17
Europe\shard0_03395.jpg,outdoor,Europe,Europe,14,17
Europe\shard0_15407.jpg,outdoor,Europe,Europe,12,17
Europe\shard0_00286.jpg,outdoor,Europe,Europe,13,18
Europe\shard0_08947.jpg,outdoor,Europe,Europe,14,18
Europe\shard0_28151.jpg,outdoor,Europe,Europe,13,17
Europe\shard0_28608.jpg,outdoor,Europe,Europe,14,17
Europe\shard0_27674.jpg,outdoor,Europe,Europe,14,19
Europe\shard0_23186.jpg,outdoor,Europe,Europe,15,19
Europe\shard0_20736.jpg,outdoor,Europe,Europe,14,19
Europe\shard0_03104.jpg,outdoor,Europe,Europe,13,19
Europe\shard0_09029.jpg,outdoor,Europe,Europe,14,18
Europe\shard0_16065.jpg,outdoor,Europe,Europe,13,19
Europe\shard0_15332.jpg,outdoor,Europe,Europe,14,19
Europe\shard0_19608.jpg,outdoor,Europe,Europe,13,18
Europe\shard0_24896.jpg,outdoor,Europe,Europe,13,19
Europe\shard0_14176.jpg,outdoor,Europe,Europe,14,17
Europe\shard0_22454.jpg,outdoor,Europe,Europe,14,20
Europe\shard0_01657.jpg,outdoor,Europe,Europe,15,19
Europe\shard0_01527.jpg,outdoor,Europe,Europe,13,20
Europe\shard0_22387.jpg,outdoor,Europe,Europe,12,20
Europe\shard0_28443.jpg,outdoor,Europe,Europe,14,17
Europe\shard0_16551.jpg,outdoor,Europe,Europe,14,20
Europe\shard0_10449.jpg,outdoor,Europe,Europe,13,18
Europe\shard0_27546.jpg,outdoor,Europe,Europe,13,18
Europe\shard0_20325.jpg,outdoor,Europe,Europe,14,17
Europe\shard0_13690.jpg,outdoor,Europe,Europe,13,18
Europe\shard0_05780.jpg,outdoor,Europe,Europe,13,19
Europe\shard0_24325.jpg,outdoor,Europe,Europe,13,18
Europe\shard0_22361.jpg,outdoor,Europe,Europe,15,20
Europe\shard0_24480.jpg,outdoor,Europe,Europe,14,17
Europe\shard0_15081.jpg,outdoor,Europe,Europe,13,19
Europe\shard0_26309.jpg,outdoor,Europe,Europe,13,18
Europe\shard0_28789.jpg,outdoor,Europe,Europe,13,18
Europe\shard0_28670.jpg,outdoor,Europe,Europe,13,18
Europe\shard0_18622.jpg,outdoor,Europe,Europe,13,17
Europe\shard0_23268.jpg,outdoor,Europe,Europe,13,18
Europe\shard0_09304.jpg,outdoor,Europe,Europe,13,18
Europe\shard0_29768.jpg,outdoor,Europe,Europe,13,18
Europe\shard0_09608.jpg,outdoor,Europe,Europe,13,19
Europe\shard0_23396.jpg,outdoor,Europe,Europe,13,19
Europe\shard0_27615.jpg,outdoor,Europe,Europe,13,17
Europe\shard0_23310.jpg,outdoor,Europe,Europe,14,17
Europe\shard0_01819.jpg,outdoor,Europe,Europe,13,17
Europe\shard0_00645.jpg,outdoor,Europe,Europe,13,17
Europe\shard0_26040.jpg,outdoor,Europe,Europe,13,18
Europe\shard0_26980.jpg,outdoor,Europe,Europe,14,17
Europe\shard0_28846.jpg,outdoor,Europe,Europe,13,18
Europe\shard0_29780.jpg,outdoor,Europe,Europe,13,18
Europe\shard0_08064.jpg,outdoor,Europe,Europe,15,15
Europe\shard0_12059.jpg,outdoor,Europe,Europe,14,18
Europe\shard0_03573.jpg,outdoor,Europe,Europe,12,20
Europe\shard0_23442.jpg,outdoor,Europe,Europe,14,18
Europe\shard0_19103.jpg,outdoor,Europe,Europe,14,17
Europe\shard0_09069.jpg,outdoor,Europe,Europe,13,18
Europe\shard0_17680.jpg,outdoor,Europe,Europe,14,17
Europe\shard0_18179.jpg,outdoor,Europe,Europe,13,18
Europe\shard0_14539.jpg,outdoor,Europe,Europe,13,18
Europe\shard0_24874.jpg,outdoor,Europe,Europe,15,19
Europe\shard0_06940.jpg,outdoor,Europe,Europe,14,19
Europe\shard0_06089.jpg,outdoor,Europe,Europe,13,19
Europe\shard0_11880.jpg,outdoor,Europe,Europe,14,17
Europe\shard0_22632.jpg,outdoor,Europe,Europe,14,17
Europe\shard0_08191.jpg,outdoor,Europe,Europe,13,18
Europe\shard0_03021.jpg,outdoor,Europe,Europe,14,17
Europe\shard0_05961.jpg,outdoor,Europe,Europe,14,17
Europe\shard0_29215.jpg,outdoor,Europe,Europe,14,19
Europe\shard0_17812.jpg,outdoor,Europe,Europe,14,17
Europe\shard0_16625.jpg,outdoor,Europe,Europe,13,19
Europe\shard0_24918.jpg,outdoor,Europe,Europe,13,17
Europe\shard0_24478.jpg,outdoor,Europe,Europe,13,18
Europe\shard0_12888.jpg,outdoor,Europe,Europe,13,19
Europe\shard0_03231.jpg,outdoor,Europe,Europe,14,17
Europe\shard0_05562.jpg,outdoor,Europe,Europe,13,19
Europe\shard0_05478.jpg,outdoor,Europe,Europe,14,17
Europe\shard0_08573.jpg,outdoor,Europe,Europe,12,17
Europe\shard0_06417.jpg,outdoor,Europe,Europe,13,18
Europe\shard0_28935.jpg,outdoor,Europe,Europe,13,20
Europe\shard0_01553.jpg,outdoor,Europe,Europe,14,18
Europe\shard0_03506.jpg,outdoor,Europe,Europe,14,18
Europe\shard0_13948.jpg,outdoor,Europe,Europe,13,18
Europe\shard0_26915.jpg,outdoor,Europe,Europe,14,18
Europe\shard0_04748.jpg,outdoor,Europe,Europe,14,17
Europe\shard0_16749.jpg,outdoor,Europe,Europe,13,19
Europe\shard0_21993.jpg,outdoor,Europe,Europe,13,18
Europe\shard0_08523.jpg,outdoor,Europe,Europe,14,19
Europe\shard0_01774.jpg,outdoor,Europe,Europe,14,18
Europe\shard0_07802.jpg,outdoor,Europe,Europe,13,18
Europe\shard0_02755.jpg,outdoor,Europe,Europe,12,20
Europe\shard0_23651.jpg,outdoor,Europe,Europe,14,17
Europe\shard0_29076.jpg,outdoor,Europe,Europe,13,19
Europe\shard0_07808.jpg,outdoor,Europe,Europe,13,19
Europe\shard0_10597.jpg,outdoor,Europe,Europe,13,17
Europe\shard0_26922.jpg,outdoor,Europe,Europe,13,17
Europe\shard0_17176.jpg,outdoor,Europe,Europe,14,20
Europe\shard0_26109.jpg,outdoor,Europe,Europe,13,20
Europe\shard0_07494.jpg,outdoor,Europe,Europe,15,15
Europe\shard0_24969.jpg,outdoor,Europe,Europe,14,18
Europe\shard0_26623.jpg,outdoor,Europe,Europe,14,17
Europe\shard0_09812.jpg,outdoor,Europe,Europe,14,19
Europe\shard0_11909.jpg,outdoor,Europe,Europe,12,17
Europe\shard0_14067.jpg,outdoor,Europe,Europe,14,18
Europe\shard0_03341.jpg,outdoor,Europe,Europe,13,18
Europe\shard0_02149.jpg,outdoor,Europe,Europe,14,19
Europe\shard0_14580.jpg,outdoor,Europe,Europe,13,19
Europe\shard0_16501.jpg,outdoor,Europe,Europe,13,18
Europe\shard0_14399.jpg,outdoor,Europe,Europe,13,18
Europe\shard0_23885.jpg,outdoor,Europe,Europe,13,18
Europe\shard0_24507.jpg,outdoor,Europe,Europe,12,20
Europe\shard0_27844.jpg,outdoor,Europe,Europe,14,20
Europe\shard0_11624.jpg,outdoor,Europe,Europe,13,18
Europe\shard0_09917.jpg,outdoor,Europe,Europe,12,17
Europe\shard0_04110.jpg,outdoor,Europe,Europe,13,18
Europe\shard0_07835.jpg,outdoor,Europe,Europe,13,19
Europe\shard0_09918.jpg,outdoor,Europe,Europe,13,18
Europe\shard0_22075.jpg,outdoor,Europe,Europe,14,19
Europe\shard0_00921.jpg,outdoor,Europe,Europe,13,19
Europe\shard0_19481.jpg,outdoor,Europe,Europe,13,18
Europe\shard0_04521.jpg,outdoor,Europe,Europe,14,17
Europe\shard0_24791.jpg,outdoor,Europe,Europe,14,19
Europe\shard0_16826.jpg,outdoor,Europe,Europe,14,17
Europe\shard0_22171.jpg,outdoor,Europe,Europe,14,18
Europe\shard0_22527.jpg,outdoor,Europe,Europe,13,18
Europe\shard0_23104.jpg,outdoor,Europe,Europe,13,18
Europe\shard0_11678.jpg,outdoor,Europe,Europe,13,18
Europe\shard0_29321.jpg,outdoor,Europe,Europe,13,17
Europe\shard0_23038.jpg,outdoor,Europe,Europe,13,19
Europe\shard0_26003.jpg,outdoor,Europe,Europe,14,18
Europe\shard0_15385.jpg,outdoor,Europe,Europe,14,18
Europe\shard0_12258.jpg,outdoor,Europe,Europe,14,17
Europe\shard0_26877.jpg,outdoor,Europe,Europe,13,18
Europe\shard0_15984.jpg,outdoor,Europe,Europe,14,19
Europe\shard0_25819.jpg,outdoor,Europe,Europe,14,18
Europe\shard0_12631.jpg,outdoor,Europe,Europe,13,19
Europe\shard0_07194.jpg,outdoor,Europe,Europe,13,18
Europe\shard0_02347.jpg,outdoor,Europe,Europe,13,18
Europe\shard0_10658.jpg,outdoor,Europe,Europe,14,18
Europe\shard0_16294.jpg,outdoor,Europe,Europe,12,20
Europe\shard0_02203.jpg,outdoor,Europe,Europe,15,19
Europe\shard0_23483.jpg,outdoor,Europe,Europe,13,19
Europe\shard0_25510.jpg,outdoor,Europe,Europe,13,18
Europe\shard0_00944.jpg,outdoor,Europe,Europe,13,17
Europe\shard0_17499.jpg,outdoor,Europe,Europe,14,18
Europe\shard0_20883.jpg,outdoor,Europe,Europe,14,17
Europe\shard0_01565.jpg,outdoor,Europe,Europe,14,18
Europe\shard0_05725.jpg,outdoor,Europe,Europe,14,28
Europe\shard0_01026.jpg,outdoor,Europe,Europe,14,17
Europe\shard0_22981.jpg,outdoor,Europe,Europe,13,17
Europe\shard0_27478.jpg,outdoor,Europe,Europe,13,17
Europe\shard0_06637.jpg,outdoor,Europe,Europe,14,17
Europe\shard0_06792.jpg,outdoor,Europe,Europe,14,19
Europe\shard0_19531.jpg,outdoor,Europe,Europe,13,19
Europe\shard0_09819.jpg,outdoor,Europe,Europe,14,17
Europe\shard0_20245.jpg,outdoor,Europe,Europe,13,18
Europe\shard0_01339.jpg,outdoor,Europe,Europe,13,18
Europe\shard0_24474.jpg,outdoor,Europe,Europe,14,19
Europe\shard0_06286.jpg,outdoor,Europe,Europe,13,19
Europe\shard0_18063.jpg,outdoor,Europe,Europe,13,19
Europe\shard0_14581.jpg,outdoor,Europe,Europe,13,18
Europe\shard0_29744.jpg,outdoor,Europe,Europe,14,17
Europe\shard0_10894.jpg,outdoor,Europe,Europe,14,19
Europe\shard0_06014.jpg,outdoor,Europe,Europe,14,19
Europe\shard0_22365.jpg,outdoor,Europe,Europe,13,18
Europe\shard0_26732.jpg,outdoor,Europe,Europe,13,19
Europe\shard0_27869.jpg,outdoor,Europe,Europe,13,17
Europe\shard0_25137.jpg,outdoor,Europe,Europe,13,18
Europe\shard0_06947.jpg,outdoor,Europe,Europe,14,19
Europe\shard0_29634.jpg,outdoor,Europe,Europe,14,17
Europe\shard0_15832.jpg,outdoor,Europe,Europe,12,19
Europe\shard0_23652.jpg,outdoor,Europe,Europe,13,18
Europe\shard0_24266.jpg,outdoor,Europe,Europe,13,19
Europe\shard0_28120.jpg,outdoor,Europe,Europe,14,19
Europe\shard0_01429.jpg,outdoor,Europe,Europe,13,18
Europe\shard0_29709.jpg,outdoor,Europe,Europe,13,18
Europe\shard0_27080.jpg,outdoor,Europe,Europe,13,18
Europe\shard0_18627.jpg,outdoor,Europe,Europe,13,17
Europe\shard0_17525.jpg,outdoor,Europe,Europe,13,18
Europe\shard0_23846.jpg,outdoor,Europe,Europe,14,17
Europe\shard0_28477.jpg,outdoor,Europe,Europe,14,17
Europe\shard0_10056.jpg,outdoor,Europe,Europe,16,19
Europe\shard0_21030.jpg,outdoor,Europe,Europe,15,19
Europe\shard0_28156.jpg,outdoor,Europe,Europe,13,19
Europe\shard0_27917.jpg,outdoor,Europe,Europe,13,17
Europe\shard0_12058.jpg,outdoor,Europe,Europe,13,18
Europe\shard0_27729.jpg,outdoor,Europe,Europe,13,19
Europe\shard0_08416.jpg,outdoor,Europe,Europe,14,17
Europe\shard0_02511.jpg,outdoor,Europe,Europe,14,17
Europe\shard0_09811.jpg,outdoor,Europe,Europe,14,19
Europe\shard0_10440.jpg,outdoor,Europe,Europe,14,19
Europe\shard0_21752.jpg,outdoor,Europe,Europe,13,18
Europe\shard0_17377.jpg,outdoor,Europe,Europe,14,19
Europe\shard0_22032.jpg,outdoor,Europe,Europe,14,17
Europe\shard0_21292.jpg,outdoor,Europe,Europe,13,19
Europe\shard0_09230.jpg,outdoor,Europe,Europe,13,19
Europe\shard0_22986.jpg,outdoor,Europe,Europe,14,19
Europe\shard0_14120.jpg,outdoor,Europe,Europe,13,17
Europe\shard0_15289.jpg,outdoor,Europe,Europe,14,17
Europe\shard0_20437.jpg,outdoor,Europe,Europe,13,17
Europe\shard0_16604.jpg,outdoor,Europe,Europe,14,19
Europe\shard0_05905.jpg,outdoor,Europe,Europe,14,19
Europe\shard0_09445.jpg,outdoor,Europe,Europe,13,18
Europe\shard0_15234.jpg,outdoor,Europe,Europe,14,18
Europe\shard0_04927.jpg,outdoor,Europe,Europe,13,19
Europe\shard0_10430.jpg,outdoor,Europe,Europe,13,20
Europe\shard0_10995.jpg,outdoor,Europe,Europe,14,18
Europe\shard0_27514.jpg,outdoor,Europe,Europe,13,17
Europe\shard0_23772.jpg,outdoor,Europe,Europe,14,18
Europe\shard0_16341.jpg,outdoor,Europe,Europe,13,18
Europe\shard0_22366.jpg,outdoor,Europe,Europe,12,17
Europe\shard0_11965.jpg,outdoor,Europe,Europe,12,17
Europe\shard0_25699.jpg,outdoor,Europe,Europe,14,17
Europe\shard0_29717.jpg,outdoor,Europe,Europe,14,21
Europe\shard0_06820.jpg,outdoor,Europe,Europe,14,20
Europe\shard0_11019.jpg,outdoor,Europe,Europe,15,21
Europe\shard0_24218.jpg,outdoor,Europe,Europe,13,18
Europe\shard0_28096.jpg,outdoor,Europe,Europe,13,18
Europe\shard0_09746.jpg,outdoor,Europe,Europe,12,17
Europe\shard0_10062.jpg,outdoor,Europe,Europe,14,18
Europe\shard0_29894.jpg,outdoor,Europe,Europe,13,19
Europe\shard0_25272.jpg,outdoor,Europe,Europe,13,17
Europe\shard0_23184.jpg,outdoor,Europe,Europe,14,18
Europe\shard0_02813.jpg,outdoor,Europe,Europe,13,18
Europe\shard0_11935.jpg,outdoor,Europe,Europe,14,18
Europe\shard0_25927.jpg,outdoor,Europe,Europe,14,18
Europe\shard0_22895.jpg,outdoor,Europe,Europe,13,18
Europe\shard0_00260.jpg,outdoor,Europe,Europe,14,17
Europe\shard0_17547.jpg,outdoor,Europe,Europe,14,19
Europe\shard0_19123.jpg,outdoor,Europe,Europe,15,19
Europe\shard0_28132.jpg,outdoor,Europe,Europe,13,21
Europe\shard0_20241.jpg,outdoor,Europe,Europe,14,18
Europe\shard0_04770.jpg,outdoor,Europe,Europe,13,17
Europe\shard0_10213.jpg,outdoor,Europe,Europe,14,19
Europe\shard0_04487.jpg,outdoor,Europe,Europe,14,19
Europe\shard0_04954.jpg,outdoor,Europe,Europe,13,20
Europe\shard0_26992.jpg,outdoor,Europe,Europe,14,17
Europe\shard0_24717.jpg,outdoor,Europe,Europe,13,19
Europe\shard0_22496.jpg,outdoor,Europe,Europe,14,17
Europe\shard0_13157.jpg,outdoor,Europe,Europe,14,17
Europe\shard0_20212.jpg,outdoor,Europe,Europe,13,18
Europe\shard0_15704.jpg,outdoor,Europe,Europe,15,20
Europe\shard0_06211.jpg,outdoor,Europe,Europe,14,19
Europe\shard0_15352.jpg,outdoor,Europe,Europe,13,17
Europe\shard0_14614.jpg,outdoor,Europe,Europe,13,21
Europe\shard0_17215.jpg,outdoor,Europe,Europe,13,18
Europe\shard0_05342.jpg,outdoor,Europe,Europe,14,17
Europe\shard0_29915.jpg,outdoor,Europe,Europe,13,19
Europe\shard0_22806.jpg,outdoor,Europe,Europe,13,18
Europe\shard0_01718.jpg,outdoor,Europe,Europe,13,17
Europe\shard0_04367.jpg,outdoor,Europe,Europe,13,18
Europe\shard0_10345.jpg,outdoor,Europe,Europe,14,17
Europe\shard0_21159.jpg,outdoor,Europe,Europe,14,17
Europe\shard0_02582.jpg,outdoor,Europe,Europe,13,19
Europe\shard0_06078.jpg,outdoor,Europe,Europe,14,17
Europe\shard0_22812.jpg,outdoor,Europe,Europe,14,17
Europe\shard0_22892.jpg,outdoor,Europe,Europe,13,18
Europe\shard0_11158.jpg,outdoor,Europe,Europe,14,17
Europe\shard0_13721.jpg,outdoor,Europe,Europe,13,17
Europe\shard0_21623.jpg,outdoor,Europe,Europe,13,18
Europe\shard0_02503.jpg,outdoor,Europe,Europe,14,17
Europe\shard0_18797.jpg,outdoor,Europe,Europe,13,18
Europe\shard0_04993.jpg,outdoor,Europe,Europe,13,18
Europe\shard0_20618.jpg,outdoor,Europe,Europe,14,18
Europe\shard0_01870.jpg,outdoor,Europe,Europe,15,20
Europe\shard0_06228.jpg,outdoor,Europe,Europe,14,20
Europe\shard0_18417.jpg,outdoor,Europe,Europe,13,18
Europe\shard0_05788.jpg,outdoor,Europe,Europe,15,15
Europe\shard0_11915.jpg,outdoor,Europe,Europe,13,17
Europe\shard0_19890.jpg,outdoor,Europe,Europe,14,19
Europe\shard0_23060.jpg,outdoor,Europe,Europe,13,18
Europe\shard0_12830.jpg,outdoor,Europe,Europe,13,19
Europe\shard0_14408.jpg,outdoor,Europe,Europe,14,17
Europe\shard0_16322.jpg,outdoor,Europe,Europe,13,17
Europe\shard0_22058.jpg,outdoor,Europe,Europe,14,19
Europe\shard0_19634.jpg,outdoor,Europe,Europe,13,17
Europe\shard0_12616.jpg,outdoor,Europe,Europe,14,18
Europe\shard0_04221.jpg,outdoor,Europe,Europe,13,19
Europe\shard0_19015.jpg,outdoor,Europe,Europe,13,19
Europe\shard0_10320.jpg,outdoor,Europe,Europe,14,19
Europe\shard0_06510.jpg,outdoor,Europe,Europe,14,18
Europe\shard0_09546.jpg,outdoor,Europe,Europe,13,18
Europe\shard0_20164.jpg,outdoor,Europe,Europe,14,18
Europe\shard0_29641.jpg,outdoor,Europe,Europe,13,18
Europe\shard0_22798.jpg,outdoor,Europe,Europe,13,19
Europe\shard0_12095.jpg,outdoor,Europe,Europe,14,17
Europe\shard0_15569.jpg,outdoor,Europe,Europe,13,18
Europe\shard0_26966.jpg,outdoor,Europe,Europe,14,18
Europe\shard0_28606.jpg,outdoor,Europe,Europe,15,18
Europe\shard0_21317.jpg,outdoor,Europe,Europe,14,17
Europe\shard0_23724.jpg,outdoor,Europe,Europe,13,19
Europe\shard0_05592.jpg,outdoor,Europe,Europe,13,18
Europe\shard0_07288.jpg,outdoor,Europe,Europe,13,18
Europe\shard0_07072.jpg,outdoor,Europe,Europe,13,18
Europe\shard0_15508.jpg,outdoor,Europe,Europe,14,18
Europe\shard0_05826.jpg,outdoor,Europe,Europe,13,19
Europe\shard0_00123.jpg,outdoor,Europe,Europe,14,19
Europe\shard0_22815.jpg,outdoor,Europe,Europe,14,17
Europe\shard0_01739.jpg,outdoor,Europe,Europe,13,17
Europe\shard0_09327.jpg,outdoor,Europe,Europe,13,19
Europe\shard0_14276.jpg,outdoor,Europe,Europe,14,17
Europe\shard0_23538.jpg,outdoor,Europe,Europe,14,17
Europe\shard0_12400.jpg,outdoor,Europe,Europe,14,18
Europe\shard0_05123.jpg,outdoor,Europe,Europe,14,17
Europe\shard0_22256.jpg,outdoor,Europe,Europe,14,18
Europe\shard0_17540.jpg,outdoor,Europe,Europe,14,19
Europe\shard0_13384.jpg,outdoor,Europe,Europe,13,17
Europe\shard0_08541.jpg,outdoor,Europe,Europe,14,17
Europe\shard0_10339.jpg,outdoor,Europe,Europe,13,17
Europe\shard0_15740.jpg,outdoor,Europe,Europe,13,18
Europe\shard0_29077.jpg,outdoor,Europe,Europe,13,19
Europe\shard0_06603.jpg,outdoor,Europe,Europe,14,18
Europe\shard0_25415.jpg,outdoor,Europe,Europe,13,19
Europe\shard0_06651.jpg,outdoor,Europe,Europe,13,26
Europe\shard0_22148.jpg,outdoor,Europe,Europe,13,19
Europe\shard0_23825.jpg,outdoor,Europe,Europe,14,17
Europe\shard0_14194.jpg,outdoor,Europe,Europe,13,18
Europe\shard0_01466.jpg,outdoor,Europe,Europe,13,18
Europe\shard0_23036.jpg,outdoor,Europe,Europe,14,17
Europe\shard0_19300.jpg,outdoor,Europe,Europe,12,17
Europe\shard0_28550.jpg,outdoor,Europe,Europe,14,18
Europe\shard0_00548.jpg,outdoor,Europe,Europe,14,18
Europe\shard0_19309.jpg,outdoor,Europe,Europe,13,17
Europe\shard0_17409.jpg,outdoor,Europe,Europe,13,19
Europe\shard0_28028.jpg,outdoor,Europe,Europe,12,17
Europe\shard0_24622.jpg,outdoor,Europe,Europe,13,19
Europe\shard0_02843.jpg,outdoor,Europe,Europe,13,18
Europe\shard0_12432.jpg,outdoor,Europe,Europe,13,18
Europe\shard0_26597.jpg,outdoor,Europe,Europe,12,17
Europe\shard0_17483.jpg,outdoor,Europe,Europe,13,19
Europe\shard0_21064.jpg,outdoor,Europe,Europe,14,17
Europe\shard0_01585.jpg,outdoor,Europe,Europe,13,18
Europe\shard0_00071.jpg,outdoor,Europe,Europe,13,19
Europe\shard0_03950.jpg,outdoor,Europe,Europe,14,17
Europe\shard0_19767.jpg,outdoor,Europe,Europe,13,19
Europe\shard0_09487.jpg,outdoor,Europe,Europe,14,19
Europe\shard0_09973.jpg,outdoor,Europe,Europe,14,19
Europe\shard0_09416.jpg,outdoor,Europe,Europe,14,19
Europe\shard0_24023.jpg,outdoor,Europe,Europe,13,18
Europe\shard0_00153.jpg,outdoor,Europe,Europe,13,18
Europe\shard0_11070.jpg,outdoor,Europe,Europe,14,17
Europe\shard0_13216.jpg,outdoor,Europe,Europe,14,17
Europe\shard0_11844.jpg,outdoor,Europe,Europe,13,19
Europe\shard0_13201.jpg,outdoor,Europe,Europe,14,19
Europe\shard0_17366.jpg,outdoor,Europe,Europe,13,19
Europe\shard0_00040.jpg,outdoor,Europe,Europe,15,19
Europe\shard0_18768.jpg,outdoor,Europe,Europe,14,21
Europe\shard0_04735.jpg,outdoor,Europe,Europe,14,19
Europe\shard0_07791.jpg,outdoor,Europe,Europe,13,18
Europe\shard0_09830.jpg,outdoor,Europe,Europe,13,19
Europe\shard0_11199.jpg,outdoor,Europe,Europe,13,20
Europe\shard0_15191.jpg,outdoor,Europe,Europe,13,19
Europe\shard0_04027.jpg,outdoor,Europe,Europe,14,17
Europe\shard0_15143.jpg,outdoor,Europe,Europe,13,19
Europe\shard0_11730.jpg,outdoor,Europe,Europe,14,17
Europe\shard0_03763.jpg,outdoor,Europe,Europe,14,18
Europe\shard0_11302.jpg,outdoor,Europe,Europe,14,17
Europe\shard0_11819.jpg,outdoor,Europe,Europe,14,17
Europe\shard0_13096.jpg,outdoor,Europe,Europe,14,19
Europe\shard0_21220.jpg,outdoor,Europe,Europe,13,18
Europe\shard0_02914.jpg,outdoor,Europe,Europe,14,19
Europe\shard0_17367.jpg,outdoor,Europe,Europe,13,17
Europe\shard0_05716.jpg,outdoor,Europe,Europe,14,17
Europe\shard0_11251.jpg,outdoor,Europe,Europe,13,19
Europe\shard0_15621.jpg,outdoor,Europe,Europe,13,18
Europe\shard0_03617.jpg,outdoor,Europe,Europe,14,19
Europe\shard0_25031.jpg,outdoor,Europe,Europe,14,18
Europe\shard0_25946.jpg,outdoor,Europe,Europe,14,18
Europe\shard0_16034.jpg,outdoor,Europe,Europe,14,21
Europe\shard0_27783.jpg,outdoor,Europe,Europe,13,18
Europe\shard0_23678.jpg,outdoor,Europe,Europe,13,18
Europe\shard0_10855.jpg,outdoor,Europe,Europe,13,19
Europe\shard0_06370.jpg,outdoor,Europe,Europe,14,17
Europe\shard0_23728.jpg,outdoor,Europe,Europe,13,18
Europe\shard0_03233.jpg,outdoor,Europe,Europe,13,17
Europe\shard0_05442.jpg,outdoor,Europe,Europe,14,20
Europe\shard0_14531.jpg,outdoor,Europe,Europe,13,18
Europe\shard0_27061.jpg,outdoor,Europe,Europe,14,19
Europe\shard0_03365.jpg,outdoor,Europe,Europe,13,18
Europe\shard0_03938.jpg,outdoor,Europe,Europe,13,18
Europe\shard0_22330.jpg,outdoor,Europe,Europe,14,17
Europe\shard0_16172.jpg,outdoor,Europe,Europe,14,17
Europe\shard0_06415.jpg,outdoor,Europe,Europe,14,18
Europe\shard0_06542.jpg,outdoor,Europe,Europe,14,19
Europe\shard0_18112.jpg,outdoor,Europe,Europe,15,20
Europe\shard0_12386.jpg,outdoor,Europe,Europe,12,17
Europe\shard0_22826.jpg,outdoor,Europe,Europe,13,18
Europe\shard0_05360.jpg,outdoor,Europe,Europe,13,17
Europe\shard0_23407.jpg,outdoor,Europe,Europe,13,17
Europe\shard0_12634.jpg,outdoor,Europe,Europe,14,17
Europe\shard0_26835.jpg,outdoor,Europe,Europe,14,19
Europe\shard0_23042.jpg,outdoor,Europe,Europe,14,19
Europe\shard0_18855.jpg,outdoor,Europe,Europe,13,19
Europe\shard0_23422.jpg,outdoor,Europe,Europe,15,20
Europe\shard0_12643.jpg,outdoor,Europe,Europe,14,17
Europe\shard0_24514.jpg,outdoor,Europe,Europe,14,18
Europe\shard0_02804.jpg,outdoor,Europe,Europe,14,17
Europe\shard0_20253.jpg,outdoor,Europe,Europe,14,18
Europe\shard0_23851.jpg,outdoor,Europe,Europe,14,19
Europe\shard0_12884.jpg,outdoor,Europe,Europe,13,19
Europe\shard0_14359.jpg,outdoor,Europe,Europe,13,18
Europe\shard0_09476.jpg,outdoor,Europe,Europe,14,18
Europe\shard0_27755.jpg,outdoor,Europe,Europe,13,19
Europe\shard0_05288.jpg,outdoor,Europe,Europe,14,17
Europe\shard0_28005.jpg,outdoor,Europe,Europe,14,18
Europe\shard0_24553.jpg,outdoor,Europe,Europe,12,20
Europe\shard0_19437.jpg,outdoor,Europe,Europe,14,18
Europe\shard0_17514.jpg,outdoor,Europe,Europe,13,18
Europe\shard0_25069.jpg,outdoor,Europe,Europe,14,18
Europe\shard0_03871.jpg,outdoor,Europe,Europe,14,17
Europe\shard0_29877.jpg,outdoor,Europe,Europe,14,21
Europe\shard0_27304.jpg,outdoor,Europe,Europe,13,18
Europe\shard0_29656.jpg,outdoor,Europe,Europe,13,19
Europe\shard0_24815.jpg,outdoor,Europe,Europe,14,18
Europe\shard0_15887.jpg,outdoor,Europe,Europe,13,19
Europe\shard0_13662.jpg,outdoor,Europe,Europe,13,18
Europe\shard0_09745.jpg,outdoor,Europe,Europe,14,19
Europe\shard0_20784.jpg,outdoor,Europe,Europe,13,18
Europe\shard0_15226.jpg,outdoor,Europe,Europe,14,17
Europe\shard0_04795.jpg,outdoor,Europe,Europe,13,18
Europe\shard0_16475.jpg,outdoor,Europe,Europe,14,17
Europe\shard0_05999.jpg,outdoor,Europe,Europe,13,18
Europe\shard0_29803.jpg,outdoor,Europe,Europe,13,17
Europe\shard0_07073.jpg,outdoor,Europe,Europe,14,19
Europe\shard0_03990.jpg,outdoor,Europe,Europe,13,18
Europe\shard0_00508.jpg,outdoor,Europe,Europe,13,18
Europe\shard0_05430.jpg,outdoor,Europe,Europe,14,17
Europe\shard0_23063.jpg,outdoor,Europe,Europe,14,17
Europe\shard0_17648.jpg,outdoor,Europe,Europe,14,17
Europe\shard0_03543.jpg,outdoor,Europe,Europe,13,19
Europe\shard0_10912.jpg,outdoor,Europe,Europe,12,20
Europe\shard0_25206.jpg,outdoor,Europe,Europe,12,17
Europe\shard0_17371.jpg,outdoor,Europe,Europe,14,19
Europe\shard0_28675.jpg,outdoor,Europe,Europe,14,17
Europe\shard0_25796.jpg,outdoor,Europe,Europe,14,18
Europe\shard0_12727.jpg,outdoor,Europe,Europe,12,17
Europe\shard0_04833.jpg,outdoor,Europe,Europe,13,18
Europe\shard0_15203.jpg,outdoor,Europe,Europe,14,19
Europe\shard0_27047.jpg,outdoor,Europe,Europe,14,17
Europe\shard0_15929.jpg,outdoor,Europe,Europe,13,18
Europe\shard0_25725.jpg,outdoor,Europe,Europe,14,19
Europe\shard0_04949.jpg,outdoor,Europe,Europe,13,20
Europe\shard0_09058.jpg,outdoor,Europe,Europe,13,18
Europe\shard0_10726.jpg,outdoor,Europe,Europe,12,20
Europe\shard0_01094.jpg,outdoor,Europe,Europe,12,17
Europe\shard0_18101.jpg,outdoor,Europe,Europe,13,18
Europe\shard0_04060.jpg,outdoor,Europe,Europe,13,18
Europe\shard0_04916.jpg,outdoor,Europe,Europe,13,17
Europe\shard0_03959.jpg,outdoor,Europe,Europe,12,17
Europe\shard0_24427.jpg,outdoor,Europe,Europe,14,19
Europe\shard0_20554.jpg,outdoor,Europe,Europe,14,19
Europe\shard0_15057.jpg,outdoor,Europe,Europe,14,19
Europe\shard0_09921.jpg,outdoor,Europe,Europe,13,19
Europe\shard0_16958.jpg,outdoor,Europe,Europe,14,17
Europe\shard0_04166.jpg,outdoor,Europe,Europe,14,18
Europe\shard0_22293.jpg,outdoor,Europe,Europe,13,19
Europe\shard0_01114.jpg,outdoor,Europe,Europe,13,18
Europe\shard0_04091.jpg,outdoor,Europe,Europe,12,17
Europe\shard0_05234.jpg,outdoor,Europe,Europe,13,18
Europe\shard0_03804.jpg,outdoor,Europe,Europe,14,17
Europe\shard0_09393.jpg,outdoor,Europe,Europe,13,18
Europe\shard0_23870.jpg,outdoor,Europe,Europe,14,18
Europe\shard0_07748.jpg,outdoor,Europe,Europe,14,17
Europe\shard0_21558.jpg,outdoor,Europe,Europe,14,17
Europe\shard0_05085.jpg,outdoor,Europe,Europe,13,17
Europe\shard0_02459.jpg,outdoor,Europe,Europe,13,18
Europe\shard0_21818.jpg,outdoor,Europe,Europe,13,19
Europe\shard0_06856.jpg,outdoor,Europe,Europe,14,17
Europe\shard0_05504.jpg,outdoor,Europe,Europe,12,17
Europe\shard0_24402.jpg,outdoor,Europe,Europe,14,19
Europe\shard0_06213.jpg,outdoor,Europe,Europe,14,17
Europe\shard0_06499.jpg,outdoor,Europe,Europe,14,21
Europe\shard0_13956.jpg,outdoor,Europe,Europe,14,17
Europe\shard0_09279.jpg,outdoor,Europe,Europe,13,19
Europe\shard0_08815.jpg,outdoor,Europe,Europe,15,20
Europe\shard0_29837.jpg,outdoor,Europe,Europe,13,18
Europe\shard0_12397.jpg,outdoor,Europe,Europe,14,18
Europe\shard0_12442.jpg,outdoor,Europe,Europe,14,17
Europe\shard0_05201.jpg,outdoor,Europe,Europe,14,17
Europe\shard0_02278.jpg,outdoor,Europe,Europe,13,17
Europe\shard0_09328.jpg,outdoor,Europe,Europe,13,19
Europe\shard0_05103.jpg,outdoor,Europe,Europe,13,19
Europe\shard0_24370.jpg,outdoor,Europe,Europe,14,17
Europe\shard0_19639.jpg,outdoor,Europe,Europe,14,18
Europe\shard0_28707.jpg,outdoor,Europe,Europe,13,17
Europe\shard0_07989.jpg,outdoor,Europe,Europe,14,18
Europe\shard0_10350.jpg,outdoor,Europe,Europe,12,20
Europe\shard0_01066.jpg,outdoor,Europe,Europe,13,19
Europe\shard0_02500.jpg,outdoor,Europe,Europe,14,17
Europe\shard0_22255.jpg,outdoor,Europe,Europe,13,19
Europe\shard0_12053.jpg,outdoor,Europe,Europe,14,17
Europe\shard0_13577.jpg,outdoor,Europe,Europe,13,17
Europe\shard0_26655.jpg,outdoor,Europe,Europe,13,18
Europe\shard0_17354.jpg,outdoor,Europe,Europe,14,19
Europe\shard0_15756.jpg,outdoor,Europe,Europe,14,19
Europe\shard0_28555.jpg,outdoor,Europe,Europe,14,17
Europe\shard0_08197.jpg,outdoor,Europe,Europe,14,20
Europe\shard0_17206.jpg,outdoor,Europe,Europe,14,18
Europe\shard0_23530.jpg,outdoor,Europe,Europe,13,18
Europe\shard0_08447.jpg,outdoor,Europe,Europe,14,17
Europe\shard0_00099.jpg,outdoor,Europe,Europe,13,17
Europe\shard0_08176.jpg,outdoor,Europe,Europe,13,17
Europe\shard0_15414.jpg,outdoor,Europe,Europe,12,17
Europe\shard0_27185.jpg,outdoor,Europe,Europe,14,18
Europe\shard0_12565.jpg,outdoor,Europe,Europe,14,17
Europe\shard0_28029.jpg,outdoor,Europe,Europe,13,19
Europe\shard0_15000.jpg,outdoor,Europe,Europe,14,18
Europe\shard0_00512.jpg,outdoor,Europe,Europe,12,17
Europe\shard0_22266.jpg,outdoor,Europe,Europe,14,18
Europe\shard0_29496.jpg,outdoor,Europe,Europe,14,18
Europe\shard0_18149.jpg,outdoor,Europe,Europe,13,19
Europe\shard0_00044.jpg,outdoor,Europe,Europe,14,18
Europe\shard0_26929.jpg,outdoor,Europe,Europe,12,17
Europe\shard0_17664.jpg,outdoor,Europe,Europe,12,20
Europe\shard0_06018.jpg,outdoor,Europe,Europe,14,17
Europe\shard0_09341.jpg,outdoor,Europe,Europe,14,17
Europe\shard0_18340.jpg,outdoor,Europe,Europe,14,19
Europe\shard0_11948.jpg,outdoor,Europe,Europe,14,18
Europe\shard0_15692.jpg,outdoor,Europe,Europe,13,19
Europe\shard0_09246.jpg,outdoor,Europe,Europe,14,18
Europe\shard0_01475.jpg,outdoor,Europe,Europe,13,20
Europe\shard0_27072.jpg,outdoor,Europe,Europe,14,17
Europe\shard0_27156.jpg,outdoor,Europe,Europe,13,19
Europe\shard0_03670.jpg,outdoor,Europe,Europe,13,18
Europe\shard0_28814.jpg,outdoor,Europe,Europe,13,19
Europe\shard0_18047.jpg,outdoor,Europe,Europe,14,20
Europe\shard0_08563.jpg,outdoor,Europe,Europe,14,17
Europe\shard0_14039.jpg,outdoor,Europe,Europe,13,18
Europe\shard0_23655.jpg,outdoor,Europe,Europe,14,17
Europe\shard0_27670.jpg,outdoor,Europe,Europe,15,19
Europe\shard0_28762.jpg,outdoor,Europe,Europe,14,17
Europe\shard0_14136.jpg,outdoor,Europe,Europe,14,18
Europe\shard0_02096.jpg,outdoor,Europe,Europe,13,19
Europe\shard0_14534.jpg,outdoor,Europe,Europe,14,17
Europe\shard0_23417.jpg,outdoor,Europe,Europe,15,19
Europe\shard0_18656.jpg,outdoor,Europe,Europe,13,19
Europe\shard0_05070.jpg,outdoor,Europe,Europe,13,17
Europe\shard0_16919.jpg,outdoor,Europe,Europe,13,19
Europe\shard0_05520.jpg,outdoor,Europe,Europe,14,17
Europe\shard0_19162.jpg,outdoor,Europe,Europe,13,19
Europe\shard0_15722.jpg,outdoor,Europe,Europe,13,18
Europe\shard0_17325.jpg,outdoor,Europe,Europe,14,17
Europe\shard0_07061.jpg,outdoor,Europe,Europe,13,19
Europe\shard0_11679.jpg,outdoor,Europe,Europe,13,17
Europe\shard0_05718.jpg,outdoor,Europe,Europe,13,19
Europe\shard0_22453.jpg,outdoor,Europe,Europe,13,20
Europe\shard0_29269.jpg,outdoor,Europe,Europe,13,18
Europe\shard0_14992.jpg,outdoor,Europe,Europe,12,17
Europe\shard0_05083.jpg,outdoor,Europe,Europe,14,19
Europe\shard0_18542.jpg,outdoor,Europe,Europe,13,18
Europe\shard0_06745.jpg,outdoor,Europe,Europe,13,18
Europe\shard0_03732.jpg,outdoor,Europe,Europe,13,19
Europe\shard0_28886.jpg,outdoor,Europe,Europe,14,17
Europe\shard0_23906.jpg,outdoor,Europe,Europe,13,19
Europe\shard0_26633.jpg,outdoor,Europe,Europe,13,19
Europe\shard0_27641.jpg,outdoor,Europe,Europe,14,19
Europe\shard0_01559.jpg,outdoor,Europe,Europe,14,26
Europe\shard0_08310.jpg,outdoor,Europe,Europe,12,17
Europe\shard0_28635.jpg,outdoor,Europe,Europe,13,19
Europe\shard0_07913.jpg,outdoor,Europe,Europe,13,18
Europe\shard0_00636.jpg,outdoor,Europe,Europe,13,18
Europe\shard0_15303.jpg,outdoor,Europe,Europe,14,17
Europe\shard0_21538.jpg,outdoor,Europe,Europe,13,19
Europe\shard0_03577.jpg,outdoor,Europe,Europe,14,19
Europe\shard0_01383.jpg,outdoor,Europe,Europe,14,19
Europe\shard0_21094.jpg,outdoor,Europe,Europe,15,19
Europe\shard0_17908.jpg,outdoor,Europe,Europe,13,19
Europe\shard0_16252.jpg,outdoor,Europe,Europe,14,17
Europe\shard0_02973.jpg,outdoor,Europe,Europe,14,17
Europe\shard0_11657.jpg,outdoor,Europe,Europe,13,18
Europe\shard0_29855.jpg,outdoor,Europe,Europe,14,17
Europe\shard0_11415.jpg,outdoor,Europe,Europe,14,19
Europe\shard0_01217.jpg,outdoor,Europe,Europe,14,18
Europe\shard0_18320.jpg,outdoor,Europe,Europe,14,17
Europe\shard0_02648.jpg,outdoor,Europe,Europe,13,19
Europe\shard0_07961.jpg,outdoor,Europe,Europe,13,17
Europe\shard0_14320.jpg,outdoor,Europe,Europe,15,20
Europe\shard0_01200.jpg,outdoor,Europe,Europe,14,17
Europe\shard0_09231.jpg,outdoor,Europe,Europe,13,18
Europe\shard0_18908.jpg,outdoor,Europe,Europe,13,19
Europe\shard0_09305.jpg,outdoor,Europe,Europe,14,17
Europe\shard0_14501.jpg,outdoor,Europe,Europe,13,20
Europe\shard0_14961.jpg,outdoor,Europe,Europe,14,18
Europe\shard0_07689.jpg,outdoor,Europe,Europe,14,18
Europe\shard0_26441.jpg,outdoor,Europe,Europe,13,18
Europe\shard0_13442.jpg,outdoor,Europe,Europe,13,19
Europe\shard0_02957.jpg,outdoor,Europe,Europe,14,19
Europe\shard0_14202.jpg,outdoor,Europe,Europe,13,18
Europe\shard0_21866.jpg,outdoor,Europe,Europe,13,18
Europe\shard0_05061.jpg,outdoor,Europe,Europe,15,18
Europe\shard0_21949.jpg,outdoor,Europe,Europe,14,18
Europe\shard0_22781.jpg,outdoor,Europe,Europe,14,18
Europe\shard0_26627.jpg,outdoor,Europe,Europe,13,18
Europe\shard0_14055.jpg,outdoor,Europe,Europe,14,18
Europe\shard0_08533.jpg,outdoor,Europe,Europe,13,19
Europe\shard0_20122.jpg,outdoor,Europe,Europe,14,18
Europe\shard0_16130.jpg,outdoor,Europe,Europe,13,18
Europe\shard0_19711.jpg,outdoor,Europe,Europe,13,18
Europe\shard0_19400.jpg,outdoor,Europe,Europe,13,18
Europe\shard0_02052.jpg,outdoor,Europe,Europe,13,18
Europe\shard0_26935.jpg,outdoor,Europe,Europe,15,18
Europe\shard0_01595.jpg,outdoor,Europe,Europe,13,18
Europe\shard0_22392.jpg,outdoor,Europe,Europe,13,18
Europe\shard0_29883.jpg,outdoor,Europe,Europe,13,19
Europe\shard0_29686.jpg,outdoor,Europe,Europe,12,17
Europe\shard0_26082.jpg,outdoor,Europe,Europe,14,17
Europe\shard0_00782.jpg,outdoor,Europe,Europe,15,16
Europe\shard0_26385.jpg,outdoor,Europe,Europe,13,18
Europe\shard0_01780.jpg,outdoor,Europe,Europe,13,18
Europe\shard0_08258.jpg,outdoor,Europe,Europe,13,17
Europe\shard0_09568.jpg,outdoor,Europe,Europe,12,17
Europe\shard0_00968.jpg,outdoor,Europe,Europe,13,19
Europe\shard0_25685.jpg,outdoor,Europe,Europe,14,19
Europe\shard0_21465.jpg,outdoor,Europe,Europe,13,18
Europe\shard0_04407.jpg,outdoor,Europe,Europe,14,21
Europe\shard0_27077.jpg,outdoor,Europe,Europe,14,19
Europe\shard0_06746.jpg,outdoor,Europe,Europe,13,18
Europe\shard0_15358.jpg,outdoor,Europe,Europe,13,17
Europe\shard0_24109.jpg,outdoor,Europe,Europe,13,17
Europe\shard0_02845.jpg,outdoor,Europe,Europe,9,12
Europe\shard0_02176.jpg,outdoor,Europe,Europe,13,19
Europe\shard0_05714.jpg,outdoor,Europe,Europe,14,17
Europe\shard0_09005.jpg,outdoor,Europe,Europe,13,17
Europe\shard0_12284.jpg,outdoor,Europe,Europe,13,17
Europe\shard0_28733.jpg,outdoor,Europe,Europe,14,19
Europe\shard0_07682.jpg,outdoor,Europe,Europe,14,21
Europe\shard0_02515.jpg,outdoor,Europe,Europe,13,18
Europe\shard0_01227.jpg,outdoor,Europe,Europe,13,18
Europe\shard0_28268.jpg,outdoor,Europe,Europe,14,18
Europe\shard0_21413.jpg,outdoor,Europe,Europe,14,17
Europe\shard0_01661.jpg,outdoor,Europe,Europe,13,17
Europe\shard0_22302.jpg,outdoor,Europe,Europe,13,19
Europe\shard0_00394.jpg,outdoor,Europe,Europe,14,18
Europe\shard0_11917.jpg,outdoor,Europe,Europe,14,18
Europe\shard0_16715.jpg,outdoor,Europe,Europe,13,19
Europe\shard0_08650.jpg,outdoor,Europe,Europe,12,17
Europe\shard0_06732.jpg,outdoor,Europe,Europe,12,17
Europe\shard0_00333.jpg,outdoor,Europe,Europe,14,18
Europe\shard0_08929.jpg,outdoor,Europe,Europe,14,17
Europe\shard0_12390.jpg,outdoor,Europe,Europe,14,19
Europe\shard0_29652.jpg,outdoor,Europe,Europe,14,17
Europe\shard0_07795.jpg,outdoor,Europe,Europe,13,18
Europe\shard0_15854.jpg,outdoor,Europe,Europe,12,17
Europe\shard0_11144.jpg,outdoor,Europe,Europe,15,15
Europe\shard0_00001.jpg,outdoor,Europe,Europe,13,19
Europe\shard0_17124.jpg,outdoor,Europe,Europe,14,17
Europe\shard0_03664.jpg,outdoor,Europe,Europe,14,18
Europe\shard0_25744.jpg,outdoor,Europe,Europe,14,17
Europe\shard0_10646.jpg,outdoor,Europe,Europe,14,17
Europe\shard0_20653.jpg,outdoor,Europe,Europe,13,17
Europe\shard0_22976.jpg,outdoor,Europe,Europe,13,19
Europe\shard0_02342.jpg,outdoor,Europe,Europe,13,19
Europe\shard0_22522.jpg,outdoor,Europe,Europe,15,20
Europe\shard0_11486.jpg,outdoor,Europe,Europe,14,17
Europe\shard0_09620.jpg,outdoor,Europe,Europe,13,18
Europe\shard0_06206.jpg,outdoor,Europe,Europe,13,18
Europe\shard0_24098.jpg,outdoor,Europe,Europe,14,19
Europe\shard0_25046.jpg,outdoor,Europe,Europe,13,19
Europe\shard0_00815.jpg,outdoor,Europe,Europe,13,19
Europe\shard0_03058.jpg,outdoor,Europe,Europe,14,17
Europe\shard0_25437.jpg,outdoor,Europe,Europe,13,19
Europe\shard0_13693.jpg,outdoor,Europe,Europe,14,19
Europe\shard0_23519.jpg,outdoor,Europe,Europe,13,18
Europe\shard0_08190.jpg,outdoor,Europe,Europe,13,20
Europe\shard0_27283.jpg,outdoor,Europe,Europe,14,18
Europe\shard0_21394.jpg,outdoor,Europe,Europe,13,17
Europe\shard0_06139.jpg,outdoor,Europe,Europe,13,19
Europe\shard0_00651.jpg,outdoor,Europe,Europe,14,19
Europe\shard0_18531.jpg,outdoor,Europe,Europe,14,18
Europe\shard0_13949.jpg,outdoor,Europe,Europe,13,18
Europe\shard0_22970.jpg,outdoor,Europe,Europe,13,19
Europe\shard0_28646.jpg,outdoor,Europe,Europe,14,17
Europe\shard0_21477.jpg,outdoor,Europe,Europe,13,18
Europe\shard0_08083.jpg,outdoor,Europe,Europe,14,18
Europe\shard0_01079.jpg,outdoor,Europe,Europe,13,19
Europe\shard0_15179.jpg,outdoor,Europe,Europe,14,20
Europe\shard0_16402.jpg,outdoor,Europe,Europe,14,17
Europe\shard0_23876.jpg,outdoor,Europe,Europe,13,19
Europe\shard0_14864.jpg,outdoor,Europe,Europe,12,17
Europe\shard0_20568.jpg,outdoor,Europe,Europe,14,17
Europe\shard0_01534.jpg,outdoor,Europe,Europe,14,17
Europe\shard0_02321.jpg,outdoor,Europe,Europe,13,19
Europe\shard0_29555.jpg,outdoor,Europe,Europe,14,17
Europe\shard0_29901.jpg,outdoor,Europe,Europe,14,17
Europe\shard0_27892.jpg,outdoor,Europe,Europe,14,18
Europe\shard0_24626.jpg,outdoor,Europe,Europe,14,17
Europe\shard0_28785.jpg,outdoor,Europe,Europe,14,18
Europe\shard0_02063.jpg,outdoor,Europe,Europe,14,17
Europe\shard0_06934.jpg,outdoor,Europe,Europe,14,19
Europe\shard0_07445.jpg,outdoor,Europe,Europe,14,17
Europe\shard0_21158.jpg,outdoor,Europe,Europe,14,28
Europe\shard0_15530.jpg,outdoor,Europe,Europe,13,19
Europe\shard0_13121.jpg,outdoor,Europe,Europe,15,20
Europe\shard0_08958.jpg,outdoor,Europe,Europe,13,19
Europe\shard0_12615.jpg,outdoor,Europe,Europe,12,17
Europe\shard0_02089.jpg,outdoor,Europe,Europe,14,18
Europe\shard0_11539.jpg,outdoor,Europe,Europe,14,19
Europe\shard0_17657.jpg,outdoor,Europe,Europe,14,18
Europe\shard0_15338.jpg,outdoor,Europe,Europe,14,17
Europe\shard0_02762.jpg,outdoor,Europe,Europe,14,17
Europe\shard0_28467.jpg,outdoor,Europe,Europe,14,21
Europe\shard0_17539.jpg,outdoor,Europe,Europe,15,19
Europe\shard0_14179.jpg,outdoor,Europe,Europe,14,17
Europe\shard0_04116.jpg,outdoor,Europe,Europe,14,17
Europe\shard0_02339.jpg,outdoor,Europe,Europe,13,17
Europe\shard0_02061.jpg,outdoor,Europe,Europe,14,19
Europe\shard0_13260.jpg,outdoor,Europe,Europe,14,17
Europe\shard0_14379.jpg,outdoor,Europe,Europe,13,19
Europe\shard0_24692.jpg,outdoor,Europe,Europe,12,19
Europe\shard0_20556.jpg,outdoor,Europe,Europe,13,17
Europe\shard0_06307.jpg,outdoor,Europe,Europe,14,17
Europe\shard0_14102.jpg,outdoor,Europe,Europe,13,18
Europe\shard0_28713.jpg,outdoor,Europe,Europe,13,18
Europe\shard0_29979.jpg,outdoor,Europe,Europe,13,18
Europe\shard0_07127.jpg,outdoor,Europe,Europe,14,19
Europe\shard0_03112.jpg,outdoor,Europe,Europe,14,17
Europe\shard0_03128.jpg,outdoor,Europe,Europe,13,18
Europe\shard0_24641.jpg,outdoor,Europe,Europe,14,17
Europe\shard0_07321.jpg,outdoor,Europe,Europe,13,18
Europe\shard0_07934.jpg,outdoor,Europe,Europe,14,17
Europe\shard0_12647.jpg,outdoor,Europe,Europe,13,19
Europe\shard0_14059.jpg,outdoor,Europe,Europe,14,17
Europe\shard0_03656.jpg,outdoor,Europe,Europe,14,19
Europe\shard0_15527.jpg,outdoor,Europe,Europe,13,17
Europe\shard0_26816.jpg,outdoor,Europe,Europe,13,18
Europe\shard0_21755.jpg,outdoor,Europe,Europe,14,19
Europe\shard0_27920.jpg,outdoor,Europe,Europe,14,17
Europe\shard0_16471.jpg,outdoor,Europe,Europe,14,19
Europe\shard0_15771.jpg,outdoor,Europe,Europe,14,17
Europe\shard0_26672.jpg,outdoor,Europe,Europe,14,17
Europe\shard0_16180.jpg,outdoor,Europe,Europe,13,19
Europe\shard0_03880.jpg,outdoor,Europe,Europe,13,18
Europe\shard0_28403.jpg,outdoor,Europe,Europe,14,17
Europe\shard0_13510.jpg,outdoor,Europe,Europe,13,18
Europe\shard0_27513.jpg,outdoor,Europe,Europe,14,21
Europe\shard0_14830.jpg,outdoor,Europe,Europe,14,17
Europe\shard0_25195.jpg,outdoor,Europe,Europe,13,17
Europe\shard0_12087.jpg,outdoor,Europe,Europe,14,17
Europe\shard0_12319.jpg,outdoor,Europe,Europe,13,19
Europe\shard0_20129.jpg,outdoor,Europe,Europe,13,18
Europe\shard0_12487.jpg,outdoor,Europe,Europe,15,20
Europe\shard0_24184.jpg,outdoor,Europe,Europe,14,19
Europe\shard0_04350.jpg,outdoor,Europe,Europe,13,18
Europe\shard0_26545.jpg,outdoor,Europe,Europe,14,19
Europe\shard0_11138.jpg,outdoor,Europe,Europe,14,17
Europe\shard0_03519.jpg,outdoor,Europe,Europe,13,18
Europe\shard0_29635.jpg,outdoor,Europe,Europe,13,19
Europe\shard0_23260.jpg,outdoor,Europe,Europe,13,17
Europe\shard0_02053.jpg,outdoor,Europe,Europe,13,18
Europe\shard0_27772.jpg,outdoor,Europe,Europe,14,19
Europe\shard0_19084.jpg,outdoor,Europe,Europe,13,19
Europe\shard0_05768.jpg,outdoor,Europe,Europe,15,20
Europe\shard0_13896.jpg,outdoor,Europe,Europe,14,17
Europe\shard0_14101.jpg,outdoor,Europe,Europe,13,18
Europe\shard0_18397.jpg,outdoor,Europe,Europe,13,18
Europe\shard0_09842.jpg,outdoor,Europe,Europe,14,17
Europe\shard0_11748.jpg,outdoor,Europe,Europe,14,18
Europe\shard0_15672.jpg,outdoor,Europe,Europe,14,17
Europe\shard0_28560.jpg,outdoor,Europe,Europe,13,18
Europe\shard0_03583.jpg,outdoor,Europe,Europe,13,18
Europe\shard0_00103.jpg,outdoor,Europe,Europe,13,19
Europe\shard0_25807.jpg,outdoor,Europe,Europe,13,19
Europe\shard0_09847.jpg,outdoor,Europe,Europe,13,18
Europe\shard0_09561.jpg,outdoor,Europe,Europe,14,17
Europe\shard0_20021.jpg,outdoor,Europe,Europe,13,18
Europe\shard0_21131.jpg,outdoor,Europe,Europe,13,18
Europe\shard0_03003.jpg,outdoor,Europe,Europe,14,17
Europe\shard0_14681.jpg,outdoor,Europe,Europe,14,18
Europe\shard0_18993.jpg,outdoor,Europe,Europe,13,19
Europe\shard0_01118.jpg,outdoor,Europe,Europe,13,19
Europe\shard0_02742.jpg,outdoor,Europe,Europe,13,17
Europe\shard0_27819.jpg,outdoor,Europe,Europe,13,19
Europe\shard0_09295.jpg,outdoor,Europe,Europe,14,17
Europe\shard0_24082.jpg,outdoor,Europe,Europe,14,17
Europe\shard0_25825.jpg,outdoor,Europe,Europe,13,18
Europe\shard0_00075.jpg,outdoor,Europe,Europe,13,17
Europe\shard0_10775.jpg,outdoor,Europe,Europe,14,17
Europe\shard0_03518.jpg,outdoor,Europe,Europe,14,17
Europe\shard0_03618.jpg,outdoor,Europe,Europe,14,17
Europe\shard0_04078.jpg,outdoor,Europe,Europe,14,18
Europe\shard0_23758.jpg,outdoor,Europe,Europe,13,18
Europe\shard0_05059.jpg,outdoor,Europe,Europe,13,17
Europe\shard0_18077.jpg,outdoor,Europe,Europe,14,19
Europe\shard0_27027.jpg,outdoor,Europe,Europe,13,19
Europe\shard0_27994.jpg,outdoor,Europe,Europe,14,18
Europe\shard0_01098.jpg,outdoor,Europe,Europe,12,17
Europe\shard0_20179.jpg,outdoor,Europe,Europe,14,18
Europe\shard0_08353.jpg,outdoor,Europe,Europe,13,19
Europe\shard0_04972.jpg,outdoor,Europe,Europe,14,17
Europe\shard0_09394.jpg,outdoor,Europe,Europe,12,17
Europe\shard0_02256.jpg,outdoor,Europe,Europe,12,20
Europe\shard0_05689.jpg,outdoor,Europe,Europe,14,18
Europe\shard0_15344.jpg,outdoor,Europe,Europe,13,17
Europe\shard0_20195.jpg,outdoor,Europe,Europe,13,18
Europe\shard0_04979.jpg,outdoor,Europe,Europe,14,19
Europe\shard0_22977.jpg,outdoor,Europe,Europe,14,17
Europe\shard0_18436.jpg,outdoor,Europe,Europe,14,19
Europe\shard0_13810.jpg,outdoor,Europe,Europe,14,17
Europe\shard0_09873.jpg,outdoor,Europe,Europe,13,19
Europe\shard0_21501.jpg,outdoor,Europe,Europe,14,17
Europe\shard0_03956.jpg,outdoor,Europe,Europe,14,19
Europe\shard0_18800.jpg,outdoor,Europe,Europe,14,18
Europe\shard0_17921.jpg,outdoor,Europe,Europe,14,17
Europe\shard0_23164.jpg,outdoor,Europe,Europe,12,17
Europe\shard0_26592.jpg,outdoor,Europe,Europe,13,17
Europe\shard0_08287.jpg,outdoor,Europe,Europe,13,19
Europe\shard0_21151.jpg,outdoor,Europe,Europe,14,17
Europe\shard0_23646.jpg,outdoor,Europe,Europe,12,20
Europe\shard0_06640.jpg,outdoor,Europe,Europe,13,18
Europe\shard0_25978.jpg,outdoor,Europe,Europe,14,17
Europe\shard0_27338.jpg,outdoor,Europe,Europe,14,17
Europe\shard0_21127.jpg,outdoor,Europe,Europe,13,17
Europe\shard0_07945.jpg,outdoor,Europe,Europe,13,17
Europe\shard0_01138.jpg,outdoor,Europe,Europe,14,17
Europe\shard0_06080.jpg,outdoor,Europe,Europe,13,19
Europe\shard0_08078.jpg,outdoor,Europe,Europe,13,20
Europe\shard0_02335.jpg,outdoor,Europe,Europe,13,18
Europe\shard0_13054.jpg,outdoor,Europe,Europe,13,18
Europe\shard0_09457.jpg,outdoor,Europe,Europe,13,18
Europe\shard0_08513.jpg,outdoor,Europe,Europe,14,17
Europe\shard0_15671.jpg,outdoor,Europe,Europe,12,17
Europe\shard0_26392.jpg,outdoor,Europe,Europe,14,19
Europe\shard0_14655.jpg,outdoor,Europe,Europe,15,15
Europe\shard0_13737.jpg,outdoor,Europe,Europe,14,18
Europe\shard0_10645.jpg,outdoor,Europe,Europe,13,18
Europe\shard0_17836.jpg,outdoor,Europe,Europe,14,17
Europe\shard0_20412.jpg,outdoor,Europe,Europe,13,17
Europe\shard0_27439.jpg,outdoor,Europe,Europe,13,17
Europe\shard0_27475.jpg,outdoor,Europe,Europe,14,18
Europe\shard0_02188.jpg,outdoor,Europe,Europe,13,18
Europe\shard0_18933.jpg,outdoor,Europe,Europe,13,19
Europe\shard0_09728.jpg,outdoor,Europe,Europe,14,17
Europe\shard0_14642.jpg,outdoor,Europe,Europe,14,18
Europe\shard0_16939.jpg,outdoor,Europe,Europe,13,17
Europe\shard0_24675.jpg,outdoor,Europe,Europe,13,19
Europe\shard0_20967.jpg,outdoor,Europe,Europe,14,18
Europe\shard0_06761.jpg,outdoor,Europe,Europe,12,20
Europe\shard0_10234.jpg,outdoor,Europe,Europe,14,18
Europe\shard0_24714.jpg,outdoor,Europe,Europe,12,17
Europe\shard0_06694.jpg,outdoor,Europe,Europe,14,17
Europe\shard0_08546.jpg,outdoor,Europe,Europe,14,17
Europe\shard0_12688.jpg,outdoor,Europe,Europe,14,19
Europe\shard0_09396.jpg,outdoor,Europe,Europe,13,19
Europe\shard0_17018.jpg,outdoor,Europe,Europe,13,18
Europe\shard0_05119.jpg,outdoor,Europe,Europe,14,19
Europe\shard0_25591.jpg,outdoor,Europe,Europe,14,18
Europe\shard0_26926.jpg,outdoor,Europe,Europe,14,19
Europe\shard0_15421.jpg,outdoor,Europe,Europe,13,19
Europe\shard0_22710.jpg,outdoor,Europe,Europe,12,19
Europe\shard0_06255.jpg,outdoor,Europe,Europe,13,18
Europe\shard0_28271.jpg,outdoor,Europe,Europe,14,17
Europe\shard0_26690.jpg,outdoor,Europe,Europe,14,17
Europe\shard0_08623.jpg,outdoor,Europe,Europe,13,20
Europe\shard0_09434.jpg,outdoor,Europe,Europe,15,20
Europe\shard0_01229.jpg,outdoor,Europe,Europe,14,18
Europe\shard0_27042.jpg,outdoor,Europe,Europe,14,17
Europe\shard0_12154.jpg,outdoor,Europe,Europe,13,19
Europe\shard0_20770.jpg,outdoor,Europe,Europe,13,17
Europe\shard0_23902.jpg,outdoor,Europe,Europe,13,18
Europe\shard0_29184.jpg,outdoor,Europe,Europe,14,18
Europe\shard0_15831.jpg,outdoor,Europe,Europe,13,17
Europe\shard0_03138.jpg,outdoor,Europe,Europe,13,21
Europe\shard0_11839.jpg,outdoor,Europe,Europe,13,19
Europe\shard0_06741.jpg,outdoor,Europe,Europe,14,17
Europe\shard0_13295.jpg,outdoor,Europe,Europe,14,17
Europe\shard0_00129.jpg,outdoor,Europe,Europe,13,18
Europe\shard0_17950.jpg,outdoor,Europe,Europe,14,18
Europe\shard0_03610.jpg,outdoor,Europe,Europe,13,19
Europe\shard0_22566.jpg,outdoor,Europe,Europe,14,19
Europe\shard0_20991.jpg,outdoor,Europe,Europe,14,17
Europe\shard0_15546.jpg,outdoor,Europe,Europe,13,18
Europe\shard0_21221.jpg,outdoor,Europe,Europe,14,20
Europe\shard0_16274.jpg,outdoor,Europe,Europe,14,17
Europe\shard0_03831.jpg,outdoor,Europe,Europe,13,18
Europe\shard0_03855.jpg,outdoor,Europe,Europe,14,23
Europe\shard0_24479.jpg,outdoor,Europe,Europe,13,20
Europe\shard0_05632.jpg,outdoor,Europe,Europe,13,18
Europe\shard0_06120.jpg,outdoor,Europe,Europe,14,17
Europe\shard0_16277.jpg,outdoor,Europe,Europe,13,18
Europe\shard0_22020.jpg,outdoor,Europe,Europe,15,20
Europe\shard0_23856.jpg,outdoor,Europe,Europe,13,19
Europe\shard0_16841.jpg,outdoor,Europe,Europe,12,17
Europe\shard0_05389.jpg,outdoor,Europe,Europe,12,17
Europe\shard0_28173.jpg,outdoor,Europe,Europe,12,17
Europe\shard0_28581.jpg,outdoor,Europe,Europe,14,17
Europe\shard0_03879.jpg,outdoor,Europe,Europe,15,20
Europe\shard0_10485.jpg,outdoor,Europe,Europe,13,19
Europe\shard0_20034.jpg,outdoor,Europe,Europe,14,17
Europe\shard0_06424.jpg,outdoor,Europe,Europe,13,18
Europe\shard0_05143.jpg,outdoor,Europe,Europe,13,18
Europe\shard0_14405.jpg,outdoor,Europe,Europe,14,18
Europe\shard0_05476.jpg,outdoor,Europe,Europe,13,17
Europe\shard0_07721.jpg,outdoor,Europe,Europe,13,18
Europe\shard0_18416.jpg,outdoor,Europe,Europe,14,18
Europe\shard0_27621.jpg,outdoor,Europe,Europe,13,18
Europe\shard0_12341.jpg,outdoor,Europe,Europe,14,18
Europe\shard0_08143.jpg,outdoor,Europe,Europe,15,15
Europe\shard0_03548.jpg,outdoor,Europe,Europe,14,18
Europe\shard0_19269.jpg,outdoor,Europe,Europe,13,17
Europe\shard0_15945.jpg,outdoor,Europe,Europe,14,18
Europe\shard0_16802.jpg,outdoor,Europe,Europe,14,17
Europe\shard0_00002.jpg,outdoor,Europe,Europe,13,19
Europe\shard0_08435.jpg,outdoor,Europe,Europe,12,17
Europe\shard0_03363.jpg,outdoor,Europe,Europe,13,18
Europe\shard0_10714.jpg,outdoor,Europe,Europe,14,18
Europe\shard0_09711.jpg,outdoor,Europe,Europe,13,19
Europe\shard0_07619.jpg,outdoor,Europe,Europe,14,17
Europe\shard0_06273.jpg,outdoor,Europe,Europe,14,17
Europe\shard0_07618.jpg,outdoor,Europe,Europe,13,17
Europe\shard0_20365.jpg,outdoor,Europe,Europe,14,17
Europe\shard0_29487.jpg,outdoor,Europe,Europe,14,17
Europe\shard0_22292.jpg,outdoor,Europe,Europe,14,17
Europe\shard0_10710.jpg,outdoor,Europe,Europe,13,18
Europe\shard0_02879.jpg,outdoor,Europe,Europe,14,17
Europe\shard0_00196.jpg,outdoor,Europe,Europe,14,18
Europe\shard0_07060.jpg,outdoor,Europe,Europe,13,18
Europe\shard0_15134.jpg,outdoor,Europe,Europe,13,19
Europe\shard0_10019.jpg,outdoor,Europe,Europe,13,17
Europe\shard0_10937.jpg,outdoor,Europe,Europe,15,19
Europe\shard0_03666.jpg,outdoor,Europe,Europe,13,18
Europe\shard0_24699.jpg,outdoor,Europe,Europe,13,19
Europe\shard0_03240.jpg,outdoor,Europe,Europe,12,20
Europe\shard0_17054.jpg,outdoor,Europe,Europe,14,19
Europe\shard0_13339.jpg,outdoor,Europe,Europe,13,19
Europe\shard0_05497.jpg,outdoor,Europe,Europe,14,19
Europe\shard0_13947.jpg,outdoor,Europe,Europe,14,17
Europe\shard0_03516.jpg,outdoor,Europe,Europe,14,18
Europe\shard0_21429.jpg,outdoor,Europe,Europe,14,18
Europe\shard0_22514.jpg,outdoor,Europe,Europe,14,18
Europe\shard0_22461.jpg,outdoor,Europe,Europe,13,18
Europe\shard0_19218.jpg,outdoor,Europe,Europe,12,17
Europe\shard0_07395.jpg,outdoor,Europe,Europe,14,17
Europe\shard0_20560.jpg,outdoor,Europe,Europe,14,17
Europe\shard0_00036.jpg,outdoor,Europe,Europe,13,18
Europe\shard0_13382.jpg,outdoor,Europe,Europe,14,17
Europe\shard0_21397.jpg,outdoor,Europe,Europe,12,19
Europe\shard0_05790.jpg,outdoor,Europe,Europe,13,19
Europe\shard0_03188.jpg,outdoor,Europe,Europe,13,20
Europe\shard0_24433.jpg,outdoor,Europe,Europe,13,18
Europe\shard0_23549.jpg,outdoor,Europe,Europe,13,17
Europe\shard0_15943.jpg,outdoor,Europe,Europe,13,17
Europe\shard0_08434.jpg,outdoor,Europe,Europe,14,18
Europe\shard0_25366.jpg,outdoor,Europe,Europe,14,19
Europe\shard0_29773.jpg,outdoor,Europe,Europe,14,18
Europe\shard0_08877.jpg,outdoor,Europe,Europe,13,18
Europe\shard0_03773.jpg,outdoor,Europe,Europe,13,19
Europe\shard0_17727.jpg,outdoor,Europe,Europe,13,19
Europe\shard0_10324.jpg,outdoor,Europe,Europe,14,19
Europe\shard0_02805.jpg,outdoor,Europe,Europe,14,17
Europe\shard0_01674.jpg,outdoor,Europe,Europe,14,17
Europe\shard0_17322.jpg,outdoor,Europe,Europe,14,18
Europe\shard0_00571.jpg,outdoor,Europe,Europe,14,17
Europe\shard0_08156.jpg,outdoor,Europe,Europe,14,19
Europe\shard0_25199.jpg,outdoor,Europe,Europe,13,18
Europe\shard0_04684.jpg,outdoor,Europe,Europe,14,17
Europe\shard0_13713.jpg,outdoor,Europe,Europe,14,22
Europe\shard0_08224.jpg,outdoor,Europe,Europe,14,18
Europe\shard0_14728.jpg,outdoor,Europe,Europe,13,17
Europe\shard0_10307.jpg,outdoor,Europe,Europe,13,19
Europe\shard0_17685.jpg,outdoor,Europe,Europe,14,20
Europe\shard0_17492.jpg,outdoor,Europe,Europe,13,18
Europe\shard0_23833.jpg,outdoor,Europe,Europe,13,19
Europe\shard0_23230.jpg,outdoor,Europe,Europe,13,18
Europe\shard0_17233.jpg,outdoor,Europe,Europe,13,18
Europe\shard0_09542.jpg,outdoor,Europe,Europe,14,17
Europe\shard0_05031.jpg,outdoor,Europe,Europe,13,19
Europe\shard0_06985.jpg,outdoor,Europe,Europe,12,20
Europe\shard0_13744.jpg,outdoor,Europe,Europe,14,17
Europe\shard0_01071.jpg,outdoor,Europe,Europe,13,18
Europe\shard0_18914.jpg,outdoor,Europe,Europe,14,17
Europe\shard0_29872.jpg,outdoor,Europe,Europe,13,18
Europe\shard0_00947.jpg,outdoor,Europe,Europe,14,18
Europe\shard0_29165.jpg,outdoor,Europe,Europe,13,18
Europe\shard0_18046.jpg,outdoor,Europe,Europe,13,19
Europe\shard0_08152.jpg,outdoor,Europe,Europe,14,17
Europe\shard0_27966.jpg,outdoor,Europe,Europe,13,19
Europe\shard0_23654.jpg,outdoor,Europe,Europe,13,19
Europe\shard0_03214.jpg,outdoor,Europe,Europe,14,17
Europe\shard0_14988.jpg,outdoor,Europe,Europe,14,21
Europe\shard0_29141.jpg,outdoor,Europe,Europe,14,17
Europe\shard0_29799.jpg,outdoor,Europe,Europe,12,17
Europe\shard0_24312.jpg,outdoor,Europe,Europe,12,17
Europe\shard0_07105.jpg,outdoor,Europe,Europe,13,18
Europe\shard0_25532.jpg,outdoor,Europe,Europe,13,18
Europe\shard0_17171.jpg,outdoor,Europe,Europe,14,18
Europe\shard0_09686.jpg,outdoor,Europe,Europe,13,17
Europe\shard0_02160.jpg,outdoor,Europe,Europe,13,17
Europe\shard0_12697.jpg,outdoor,Europe,Europe,14,17
Europe\shard0_02936.jpg,outdoor,Europe,Europe,13,18
Europe\shard0_01213.jpg,outdoor,Europe,Europe,12,19
Europe\shard0_13782.jpg,outdoor,Europe,Europe,14,17
Europe\shard0_04510.jpg,outdoor,Europe,Europe,13,17
Europe\shard0_21902.jpg,outdoor,Europe,Europe,14,18
Europe\shard0_29576.jpg,outdoor,Europe,Europe,13,19
Europe\shard0_16159.jpg,outdoor,Europe,Europe,14,18
Europe\shard0_10843.jpg,outdoor,Europe,Europe,14,17
Europe\shard0_03625.jpg,outdoor,Europe,Europe,14,18
Europe\shard0_29302.jpg,outdoor,Europe,Europe,13,19
Europe\shard0_14032.jpg,outdoor,Europe,Europe,14,17
Europe\shard0_15514.jpg,outdoor,Europe,Europe,14,17
Europe\shard0_00139.jpg,outdoor,Europe,Europe,13,19
Europe\shard0_17601.jpg,outdoor,Europe,Europe,13,17
Europe\shard0_16911.jpg,outdoor,Europe,Europe,14,17
Europe\shard0_11691.jpg,outdoor,Europe,Europe,12,17
Europe\shard0_20972.jpg,outdoor,Europe,Europe,13,18
Europe\shard0_29927.jpg,outdoor,Europe,Europe,14,17
Europe\shard0_20710.jpg,outdoor,Europe,Europe,13,19
Europe\shard0_10443.jpg,outdoor,Europe,Europe,14,17
Europe\shard0_12613.jpg,outdoor,Europe,Europe,14,17
Europe\shard0_04753.jpg,outdoor,Europe,Europe,14,17
Europe\shard0_27311.jpg,outdoor,Europe,Europe,13,18
Europe\shard0_02439.jpg,outdoor,Europe,Europe,14,17
Europe\shard0_29498.jpg,outdoor,Europe,Europe,14,17
Europe\shard0_05795.jpg,outdoor,Europe,Europe,14,18
Europe\shard0_17730.jpg,outdoor,Europe,Europe,13,19
Europe\shard0_11918.jpg,outdoor,Europe,Europe,14,17
Europe\shard0_03661.jpg,outdoor,Europe,Europe,13,18
Europe\shard0_09522.jpg,outdoor,Europe,Europe,13,19
Europe\shard0_20182.jpg,outdoor,Europe,Europe,13,19
Europe\shard0_27153.jpg,outdoor,Europe,Europe,13,19
Europe\shard0_29481.jpg,outdoor,Europe,Europe,14,19
Europe\shard0_19044.jpg,outdoor,Europe,Europe,13,17
Europe\shard0_03243.jpg,outdoor,Europe,Europe,13,20
Europe\shard0_06007.jpg,outdoor,Europe,Europe,13,18
Europe\shard0_11460.jpg,outdoor,Europe,Europe,13,18
Europe\shard0_16677.jpg,outdoor,Europe,Europe,14,19
Europe\shard0_02496.jpg,outdoor,Europe,Europe,14,19
Europe\shard0_17466.jpg,outdoor,Europe,Europe,14,18
Europe\shard0_15167.jpg,outdoor,Europe,Europe,14,17
Europe\shard0_01523.jpg,outdoor,Europe,Europe,14,19
Europe\shard0_17170.jpg,outdoor,Europe,Europe,14,17
Europe\shard0_29274.jpg,outdoor,Europe,Europe,14,17
Europe\shard0_23328.jpg,outdoor,Europe,Europe,13,19
Europe\shard0_15630.jpg,outdoor,Europe,Europe,14,19
Europe\shard0_01554.jpg,outdoor,Europe,Europe,13,19
Europe\shard0_18973.jpg,outdoor,Europe,Europe,13,19
Europe\shard0_20348.jpg,outdoor,Europe,Europe,13,18
Europe\shard0_24193.jpg,outdoor,Europe,Europe,14,17
Europe\shard0_13188.jpg,outdoor,Europe,Europe,14,18
Europe\shard0_00171.jpg,outdoor,Europe,Europe,14,19
Europe\shard0_22358.jpg,outdoor,Europe,Europe,13,19
Europe\shard0_28855.jpg,outdoor,Europe,Europe,13,19
Europe\shard0_29582.jpg,outdoor,Europe,Europe,13,18
Europe\shard0_14214.jpg,outdoor,Europe,Europe,14,18
Europe\shard0_14585.jpg,outdoor,Europe,Europe,14,17
Europe\shard0_27565.jpg,outdoor,Europe,Europe,14,20
Europe\shard0_20679.jpg,outdoor,Europe,Europe,13,17
Europe\shard0_21058.jpg,outdoor,Europe,Europe,14,17
Europe\shard0_29175.jpg,outdoor,Europe,Europe,14,17
Europe\shard0_09538.jpg,outdoor,Europe,Europe,14,19
Europe\shard0_22131.jpg,outdoor,Europe,Europe,13,19
Europe\shard0_06893.jpg,outdoor,Europe,Europe,14,17
Europe\shard0_29093.jpg,outdoor,Europe,Europe,14,17
Europe\shard0_24538.jpg,outdoor,Europe,Europe,14,17
Europe\shard0_15926.jpg,outdoor,Europe,Europe,14,17
Europe\shard0_28503.jpg,outdoor,Europe,Europe,13,18
Europe\shard0_01334.jpg,outdoor,Europe,Europe,13,19
Europe\shard0_00830.jpg,outdoor,Europe,Europe,13,18
Europe\shard0_14316.jpg,outdoor,Europe,Europe,13,19
Europe\shard0_05338.jpg,outdoor,Europe,Europe,14,21
Europe\shard0_27545.jpg,outdoor,Europe,Europe,14,17
Europe\shard0_29131.jpg,outdoor,Europe,Europe,14,17
Europe\shard0_15316.jpg,outdoor,Europe,Europe,14,19
Europe\shard0_14207.jpg,outdoor,Europe,Europe,12,17
Europe\shard0_01297.jpg,outdoor,Europe,Europe,13,18
Europe\shard0_23567.jpg,outdoor,Europe,Europe,13,19
Europe\shard0_11781.jpg,outdoor,Europe,Europe,13,18
Europe\shard0_28737.jpg,outdoor,Europe,Europe,14,18
Europe\shard0_12160.jpg,outdoor,Europe,Europe,14,17
Europe\shard0_29115.jpg,outdoor,Europe,Europe,14,17
Europe\shard0_09194.jpg,outdoor,Europe,Europe,12,17
Europe\shard0_16545.jpg,outdoor,Europe,Europe,14,17
Europe\shard0_13886.jpg,outdoor,Europe,Europe,14,18
Europe\shard0_05779.jpg,outdoor,Europe,Europe,13,18
Europe\shard0_00671.jpg,outdoor,Europe,Europe,12,17
Europe\shard0_16562.jpg,outdoor,Europe,Europe,13,18
Europe\shard0_25688.jpg,outdoor,Europe,Europe,13,17
Europe\shard0_13959.jpg,outdoor,Europe,Europe,14,17
Europe\shard0_16649.jpg,outdoor,Europe,Europe,13,18
Europe\shard0_20451.jpg,outdoor,Europe,Europe,14,17
Europe\shard0_24457.jpg,outdoor,Europe,Europe,13,18
Europe\shard0_24686.jpg,outdoor,Europe,Europe,13,19
Europe\shard0_03669.jpg,outdoor,Europe,Europe,14,19
Europe\shard0_00218.jpg,outdoor,Europe,Europe,15,20
Europe\shard0_04951.jpg,outdoor,Europe,Europe,14,19
Europe\shard0_22738.jpg,outdoor,Europe,Europe,13,18
Europe\shard0_20352.jpg,outdoor,Europe,Europe,13,19
Europe\shard0_25074.jpg,outdoor,Europe,Europe,14,19
Europe\shard0_08478.jpg,outdoor,Europe,Europe,14,17
Europe\shard0_06017.jpg,outdoor,Europe,Europe,13,21
Europe\shard0_00615.jpg,outdoor,Europe,Europe,14,19
Europe\shard0_01864.jpg,outdoor,Europe,Europe,13,19
Europe\shard0_17604.jpg,outdoor,Europe,Europe,14,17
Europe\shard0_15388.jpg,outdoor,Europe,Europe,14,18
Europe\shard0_06930.jpg,outdoor,Europe,Europe,13,18
Europe\shard0_02958.jpg,outdoor,Europe,Europe,13,17
Europe\shard0_07025.jpg,outdoor,Europe,Europe,12,17
Europe\shard0_24949.jpg,outdoor,Europe,Europe,14,17
Europe\shard0_17740.jpg,outdoor,Europe,Europe,14,21
Europe\shard0_19168.jpg,outdoor,Europe,Europe,13,18
Europe\shard0_10599.jpg,outdoor,Europe,Europe,14,17
Europe\shard0_24202.jpg,outdoor,Europe,Europe,15,18
Europe\shard0_16526.jpg,outdoor,Europe,Europe,14,19
Europe\shard0_05304.jpg,outdoor,Europe,Europe,15,16
Europe\shard0_26829.jpg,outdoor,Europe,Europe,13,18
Europe\shard0_11164.jpg,outdoor,Europe,Europe,13,19
Europe\shard0_00714.jpg,outdoor,Europe,Europe,13,18
Europe\shard0_04539.jpg,outdoor,Europe,Europe,14,17
Europe\shard0_08267.jpg,outdoor,Europe,Europe,13,19
Europe\shard0_25184.jpg,outdoor,Europe,Europe,13,19
Europe\shard0_28524.jpg,outdoor,Europe,Europe,15,16
Europe\shard0_00592.jpg,outdoor,Europe,Europe,14,17
Europe\shard0_16221.jpg,outdoor,Europe,Europe,13,18
Europe\shard0_19333.jpg,outdoor,Europe,Europe,14,19
Europe\shard0_24249.jpg,outdoor,Europe,Europe,14,20
Europe\shard0_13194.jpg,outdoor,Europe,Europe,13,18
Europe\shard0_18881.jpg,outdoor,Europe,Europe,14,17
Europe\shard0_11211.jpg,outdoor,Europe,Europe,14,17
Europe\shard0_14812.jpg,outdoor,Europe,Europe,14,17
Europe\shard0_05489.jpg,outdoor,Europe,Europe,14,17
Europe\shard0_23415.jpg,outdoor,Europe,Europe,14,17
Europe\shard0_28458.jpg,outdoor,Europe,Europe,13,17
Europe\shard0_28060.jpg,outdoor,Europe,Europe,13,18
Europe\shard0_22482.jpg,outdoor,Europe,Europe,13,18
Europe\shard0_14158.jpg,outdoor,Europe,Europe,14,17
Europe\shard0_27087.jpg,outdoor,Europe,Europe,13,18
Europe\shard0_18936.jpg,outdoor,Europe,Europe,14,17
Europe\shard0_11878.jpg,outdoor,Europe,Europe,14,18
Europe\shard0_11654.jpg,outdoor,Europe,Europe,13,18
Europe\shard0_27790.jpg,outdoor,Europe,Europe,14,19
Europe\shard0_06722.jpg,outdoor,Europe,Europe,12,17
Europe\shard0_11555.jpg,outdoor,Europe,Europe,14,19
Europe\shard0_01768.jpg,outdoor,Europe,Europe,14,20
Europe\shard0_25102.jpg,outdoor,Europe,Europe,14,18
Europe\shard0_02426.jpg,outdoor,Europe,Europe,13,18
Europe\shard0_16836.jpg,outdoor,Europe,Europe,14,18
Europe\shard0_19062.jpg,outdoor,Europe,Europe,14,17
Europe\shard0_25486.jpg,outdoor,Europe,Europe,12,17
Europe\shard0_08318.jpg,outdoor,Europe,Europe,13,18
Europe\shard0_15900.jpg,outdoor,Europe,Europe,12,17
Europe\shard0_24340.jpg,outdoor,Europe,Europe,13,18
Europe\shard0_06360.jpg,outdoor,Europe,Europe,12,17
Europe\shard0_18440.jpg,outdoor,Europe,Europe,14,19
Europe\shard0_21714.jpg,outdoor,Europe,Europe,14,18
Europe\shard0_22864.jpg,outdoor,Europe,Europe,14,18
Europe\shard0_26407.jpg,outdoor,Europe,Europe,14,17
Europe\shard0_00146.jpg,outdoor,Europe,Europe,14,18
Europe\shard0_21642.jpg,outdoor,Europe,Europe,13,18
Europe\shard0_08361.jpg,outdoor,Europe,Europe,13,19
Europe\shard0_15397.jpg,outdoor,Europe,Europe,13,18
Europe\shard0_08670.jpg,outdoor,Europe,Europe,12,17
Europe\shard0_00268.jpg,outdoor,Europe,Europe,14,19
Europe\shard0_23949.jpg,outdoor,Europe,Europe,14,19
Europe\shard0_29632.jpg,outdoor,Europe,Europe,13,18
Europe\shard0_10416.jpg,outdoor,Europe,Europe,12,17
Europe\shard0_12401.jpg,outdoor,Europe,Europe,14,18
Europe\shard0_08322.jpg,outdoor,Europe,Europe,14,18
Europe\shard0_01719.jpg,outdoor,Europe,Europe,15,20
Europe\shard0_08228.jpg,outdoor,Europe,Europe,12,17
Europe\shard0_09946.jpg,outdoor,Europe,Europe,13,18
Europe\shard0_05180.jpg,outdoor,Europe,Europe,13,17
Europe\shard0_27679.jpg,outdoor,Europe,Europe,13,19
Europe\shard0_13454.jpg,outdoor,Europe,Europe,14,17
Europe\shard0_05188.jpg,outdoor,Europe,Europe,14,18
Europe\shard0_00917.jpg,outdoor,Europe,Europe,14,19
Europe\shard0_24993.jpg,outdoor,Europe,Europe,13,18
Europe\shard0_10211.jpg,outdoor,Europe,Europe,14,17
Europe\shard0_18227.jpg,outdoor,Europe,Europe,12,17
Europe\shard0_10092.jpg,outdoor,Europe,Europe,14,18
Europe\shard0_12856.jpg,outdoor,Europe,Europe,14,23
Europe\shard0_12425.jpg,outdoor,Europe,Europe,13,18
Europe\shard0_15489.jpg,outdoor,Europe,Europe,12,17
Europe\shard0_10834.jpg,outdoor,Europe,Europe,13,18
Europe\shard0_19077.jpg,outdoor,Europe,Europe,13,18
Europe\shard0_16643.jpg,outdoor,Europe,Europe,13,17
Europe\shard0_08431.jpg,outdoor,Europe,Europe,14,17
Europe\shard0_10476.jpg,outdoor,Europe,Europe,14,17
Europe\shard0_10809.jpg,outdoor,Europe,Europe,12,20
Europe\shard0_18469.jpg,outdoor,Europe,Europe,13,17
Europe\shard0_21314.jpg,outdoor,Europe,Europe,13,18
Europe\shard0_05492.jpg,outdoor,Europe,Europe,13,18
Europe\shard0_28240.jpg,outdoor,Europe,Europe,13,19
Europe\shard0_27214.jpg,outdoor,Europe,Europe,14,17
Europe\shard0_24048.jpg,outdoor,Europe,Europe,14,17
Europe\shard0_25870.jpg,outdoor,Europe,Europe,14,17
Europe\shard0_29043.jpg,outdoor,Europe,Europe,13,19
Europe\shard0_19838.jpg,outdoor,Europe,Europe,14,17
Europe\shard0_23089.jpg,outdoor,Europe,Europe,14,19
Europe\shard0_05096.jpg,outdoor,Europe,Europe,13,19
Europe\shard0_26894.jpg,outdoor,Europe,Europe,14,18
Europe\shard0_29425.jpg,outdoor,Europe,Europe,13,18
Europe\shard0_06098.jpg,outdoor,Europe,Europe,14,18
Europe\shard0_27192.jpg,outdoor,Europe,Europe,13,19
Europe\shard0_12440.jpg,outdoor,Europe,Europe,13,18
Europe\shard0_18021.jpg,outdoor,Europe,Europe,14,19
Europe\shard0_18963.jpg,outdoor,Europe,Europe,14,18
Europe\shard0_28225.jpg,outdoor,Europe,Europe,14,17
Europe\shard0_19129.jpg,outdoor,Europe,Europe,14,17
Europe\shard0_14052.jpg,outdoor,Europe,Europe,14,17
Europe\shard0_23768.jpg,outdoor,Europe,Europe,13,19
Europe\shard0_07658.jpg,outdoor,Europe,Europe,13,18
Europe\shard0_02048.jpg,outdoor,Europe,Europe,14,19
Europe\shard0_16468.jpg,outdoor,Europe,Europe,14,17
Europe\shard0_05211.jpg,outdoor,Europe,Europe,14,18
Europe\shard0_22379.jpg,outdoor,Europe,Europe,13,19
Europe\shard0_03612.jpg,outdoor,Europe,Europe,14,18
Europe\shard0_13506.jpg,outdoor,Europe,Europe,12,17
Europe\shard0_14480.jpg,outdoor,Europe,Europe,14,18
Europe\shard0_16739.jpg,outdoor,Europe,Europe,13,19
Europe\shard0_12325.jpg,outdoor,Europe,Europe,14,21
Europe\shard0_08757.jpg,outdoor,Europe,Europe,12,17
Europe\shard0_03040.jpg,outdoor,Europe,Europe,14,21
Europe\shard0_17434.jpg,outdoor,Europe,Europe,14,17
Europe\shard0_23980.jpg,outdoor,Europe,Europe,14,17
Europe\shard0_03686.jpg,outdoor,Europe,Europe,14,17
Europe\shard0_03235.jpg,outdoor,Europe,Europe,14,19
Europe\shard0_19871.jpg,outdoor,Europe,Europe,14,17
Europe\shard0_16902.jpg,outdoor,Europe,Europe,13,19
Europe\shard0_00647.jpg,outdoor,Europe,Europe,13,20
Europe\shard0_22210.jpg,outdoor,Europe,Europe,12,17
Europe\shard0_17942.jpg,outdoor,Europe,Europe,13,17
Europe\shard0_15607.jpg,outdoor,Europe,Europe,13,19
Europe\shard0_09938.jpg,outdoor,Europe,Europe,13,18
Europe\shard0_28705.jpg,outdoor,Europe,Europe,14,18
Europe\shard0_05216.jpg,outdoor,Europe,Europe,14,18
Europe\shard0_20665.jpg,outdoor,Europe,Europe,12,20
Europe\shard0_27381.jpg,outdoor,Europe,Europe,13,17
Europe\shard0_21259.jpg,outdoor,Europe,Europe,13,19
Europe\shard0_25010.jpg,outdoor,Europe,Europe,13,18
Europe\shard0_27905.jpg,outdoor,Europe,Europe,14,19
Europe\shard0_12932.jpg,outdoor,Europe,Europe,13,17
Europe\shard0_12960.jpg,outdoor,Europe,Europe,13,18
Europe\shard0_01277.jpg,outdoor,Europe,Europe,14,21
Europe\shard0_23211.jpg,outdoor,Europe,Europe,14,17
Europe\shard0_09797.jpg,outdoor,Europe,Europe,14,18
Europe\shard0_28325.jpg,outdoor,Europe,Europe,13,18
Europe\shard0_23998.jpg,outdoor,Europe,Europe,13,19
Europe\shard0_23457.jpg,outdoor,Europe,Europe,13,18
Europe\shard0_28970.jpg,outdoor,Europe,Europe,14,17
Europe\shard0_17381.jpg,outdoor,Europe,Europe,14,17
Europe\shard0_03270.jpg,outdoor,Europe,Europe,13,19
Europe\shard0_12048.jpg,outdoor,Europe,Europe,13,17
Europe\shard0_13564.jpg,outdoor,Europe,Europe,14,19
Europe\shard0_20997.jpg,outdoor,Europe,Europe,13,18
Europe\shard0_29292.jpg,outdoor,Europe,Europe,14,18
Europe\shard0_00199.jpg,outdoor,Europe,Europe,12,17
Europe\shard0_15928.jpg,outdoor,Europe,Europe,13,18
Europe\shard0_13504.jpg,outdoor,Europe,Europe,14,17
Europe\shard0_07558.jpg,outdoor,Europe,Europe,14,17
Europe\shard0_05844.jpg,outdoor,Europe,Europe,14,17
Europe\shard0_19257.jpg,outdoor,Europe,Europe,12,17
Europe\shard0_19366.jpg,outdoor,Europe,Europe,13,18
Europe\shard0_16328.jpg,outdoor,Europe,Europe,14,19
Europe\shard0_13087.jpg,outdoor,Europe,Europe,14,19
Europe\shard0_23677.jpg,outdoor,Europe,Europe,12,17
Europe\shard0_19515.jpg,outdoor,Europe,Europe,13,17
Europe\shard0_03695.jpg,outdoor,Europe,Europe,13,18
Europe\shard0_22866.jpg,outdoor,Europe,Europe,13,18
Europe\shard0_12891.jpg,outdoor,Europe,Europe,13,19
Europe\shard0_08619.jpg,outdoor,Europe,Europe,14,17
Europe\shard0_29133.jpg,outdoor,Europe,Europe,12,20
Europe\shard0_20173.jpg,outdoor,Europe,Europe,13,19
Europe\shard0_25451.jpg,outdoor,Europe,Europe,14,17
Europe\shard0_11955.jpg,outdoor,Europe,Europe,13,19
Europe\shard0_21690.jpg,outdoor,Europe,Europe,14,17
Europe\shard0_03025.jpg,outdoor,Europe,Europe,14,17
Europe\shard0_28299.jpg,outdoor,Europe,Europe,13,18
Europe\shard0_13692.jpg,outdoor,Europe,Europe,13,18
Europe\shard0_01120.jpg,outdoor,Europe,Europe,13,19
Europe\shard0_29661.jpg,outdoor,Europe,Europe,14,19
Europe\shard0_17847.jpg,outdoor,Europe,Europe,14,17
Europe\shard0_26792.jpg,outdoor,Europe,Europe,13,17
Europe\shard0_09220.jpg,outdoor,Europe,Europe,13,18
Europe\shard0_10640.jpg,outdoor,Europe,Europe,14,19
Europe\shard0_08334.jpg,outdoor,Europe,Europe,14,17
Europe\shard0_13298.jpg,outdoor,Europe,Europe,13,18
Europe\shard0_02867.jpg,outdoor,Europe,Europe,13,20
Europe\shard0_03723.jpg,outdoor,Europe,Europe,13,18
Europe\shard0_26251.jpg,outdoor,Europe,Europe,14,17
Europe\shard0_08977.jpg,outdoor,Europe,Europe,13,19
Europe\shard0_03882.jpg,outdoor,Europe,Europe,12,17
Europe\shard0_12529.jpg,outdoor,Europe,Europe,14,17
Europe\shard0_06914.jpg,outdoor,Europe,Europe,13,20
Europe\shard0_24605.jpg,outdoor,Europe,Europe,13,17
Europe\shard0_17430.jpg,outdoor,Europe,Europe,13,17
Europe\shard0_21659.jpg,outdoor,Europe,Europe,14,17
Europe\shard0_06787.jpg,outdoor,Europe,Europe,14,18
Europe\shard0_20562.jpg,outdoor,Europe,Europe,15,19
Europe\shard0_01340.jpg,outdoor,Europe,Europe,14,19
Europe\shard0_14497.jpg,outdoor,Europe,Europe,14,18
Europe\shard0_16742.jpg,outdoor,Europe,Europe,13,18
Europe\shard0_02750.jpg,outdoor,Europe,Europe,13,19
Europe\shard0_13460.jpg,outdoor,Europe,Europe,14,19
Europe\shard0_20642.jpg,outdoor,Europe,Europe,13,19
Europe\shard0_19579.jpg,outdoor,Europe,Europe,14,17
Europe\shard0_03782.jpg,outdoor,Europe,Europe,13,19
Europe\shard0_28444.jpg,outdoor,Europe,Europe,13,18
Europe\shard0_27184.jpg,outdoor,Europe,Europe,12,20
Europe\shard0_08787.jpg,outdoor,Europe,Europe,14,17
Europe\shard0_10623.jpg,outdoor,Europe,Europe,12,17
Europe\shard0_18750.jpg,outdoor,Europe,Europe,13,18
Europe\shard0_20225.jpg,outdoor,Europe,Europe,14,19
Europe\shard0_26542.jpg,outdoor,Europe,Europe,14,18
Europe\shard0_27548.jpg,outdoor,Europe,Europe,14,18
Europe\shard0_20939.jpg,outdoor,Europe,Europe,12,17
Europe\shard0_23534.jpg,outdoor,Europe,Europe,13,19
Europe\shard0_13973.jpg,outdoor,Europe,Europe,13,17
Europe\shard0_18972.jpg,outdoor,Europe,Europe,14,19
Europe\shard0_21010.jpg,outdoor,Europe,Europe,15,20
Europe\shard0_07972.jpg,outdoor,Europe,Europe,14,17
Europe\shard0_16189.jpg,outdoor,Europe,Europe,14,17
Europe\shard0_18763.jpg,outdoor,Europe,Europe,14,17
Europe\shard0_24572.jpg,outdoor,Europe,Europe,14,17
Europe\shard0_21002.jpg,outdoor,Europe,Europe,14,17
Europe\shard0_26318.jpg,outdoor,Europe,Europe,14,19
Europe\shard0_19717.jpg,outdoor,Europe,Europe,14,18
Europe\shard0_28553.jpg,outdoor,Europe,Europe,14,17
Europe\shard0_19995.jpg,outdoor,Europe,Europe,12,17
Europe\shard0_14062.jpg,outdoor,Europe,Europe,14,19
Europe\shard0_27489.jpg,outdoor,Europe,Europe,13,17
Europe\shard0_29870.jpg,outdoor,Europe,Europe,13,19
Europe\shard0_26119.jpg,outdoor,Europe,Europe,13,18
Europe\shard0_01507.jpg,outdoor,Europe,Europe,14,18
Europe\shard0_28386.jpg,outdoor,Europe,Europe,13,18
Europe\shard0_27498.jpg,outdoor,Europe,Europe,13,18
Europe\shard0_02123.jpg,outdoor,Europe,Europe,14,17
Europe\shard0_28065.jpg,outdoor,Europe,Europe,14,18
Europe\shard0_19990.jpg,outdoor,Europe,Europe,13,19
Europe\shard0_16612.jpg,outdoor,Europe,Europe,14,17
Europe\shard0_13735.jpg,outdoor,Europe,Europe,14,17
Europe\shard0_00771.jpg,outdoor,Europe,Europe,13,18
Europe\shard0_05302.jpg,outdoor,Europe,Europe,13,19
Europe\shard0_13717.jpg,outdoor,Europe,Europe,14,18
Europe\shard0_10595.jpg,outdoor,Europe,Europe,14,18
Europe\shard0_23733.jpg,outdoor,Europe,Europe,14,19
Europe\shard0_19980.jpg,outdoor,Europe,Europe,14,17
Europe\shard0_18391.jpg,outdoor,Europe,Europe,14,17
Europe\shard0_15751.jpg,outdoor,Europe,Europe,14,19
Europe\shard0_07320.jpg,outdoor,Europe,Europe,14,17
Europe\shard0_27949.jpg,outdoor,Europe,Europe,13,18
Europe\shard0_11240.jpg,outdoor,Europe,Europe,12,17
Europe\shard0_11881.jpg,outdoor,Europe,Europe,13,17
Europe\shard0_04828.jpg,outdoor,Europe,Europe,13,18
Europe\shard0_06467.jpg,outdoor,Europe,Europe,13,19
Europe\shard0_13389.jpg,outdoor,Europe,Europe,13,19
Europe\shard0_13615.jpg,outdoor,Europe,Europe,15,19
Europe\shard0_25350.jpg,outdoor,Europe,Europe,14,17
Europe\shard0_11186.jpg,outdoor,Europe,Europe,14,18
Europe\shard0_07048.jpg,outdoor,Europe,Europe,13,21
Europe\shard0_21833.jpg,outdoor,Europe,Europe,13,19
Europe\shard0_14924.jpg,outdoor,Europe,Europe,13,18
Europe\shard0_13211.jpg,outdoor,Europe,Europe,14,17
Europe\shard0_13209.jpg,outdoor,Europe,Europe,13,17
Europe\shard0_13830.jpg,outdoor,Europe,Europe,13,18
Europe\shard0_26442.jpg,outdoor,Europe,Europe,14,18
Europe\shard0_20274.jpg,outdoor,Europe,Europe,14,19
Europe\shard0_23707.jpg,outdoor,Europe,Europe,14,18
Europe\shard0_13497.jpg,outdoor,Europe,Europe,13,18
Europe\shard0_02390.jpg,outdoor,Europe,Europe,13,18
Europe\shard0_11954.jpg,outdoor,Europe,Europe,14,17
Europe\shard0_26208.jpg,outdoor,Europe,Europe,14,17
Europe\shard0_00490.jpg,outdoor,Europe,Europe,14,18
Europe\shard0_29476.jpg,outdoor,Europe,Europe,13,17
Europe\shard0_15237.jpg,outdoor,Europe,Europe,14,21
Europe\shard0_11481.jpg,outdoor,Europe,Europe,13,17
Europe\shard0_21499.jpg,outdoor,Europe,Europe,14,17
Europe\shard0_17562.jpg,outdoor,Europe,Europe,14,17
Europe\shard0_13824.jpg,outdoor,Europe,Europe,13,19
Europe\shard0_10685.jpg,outdoor,Europe,Europe,13,21
Europe\shard0_03246.jpg,outdoor,Europe,Europe,13,19
Europe\shard0_06422.jpg,outdoor,Europe,Europe,13,18
Europe\shard0_03864.jpg,outdoor,Europe,Europe,13,19
Europe\shard0_12861.jpg,outdoor,Europe,Europe,13,18
Europe\shard0_29836.jpg,outdoor,Europe,Europe,14,17
Europe\shard0_08724.jpg,outdoor,Europe,Europe,13,19
Europe\shard0_27728.jpg,outdoor,Europe,Europe,14,18
Europe\shard0_09612.jpg,outdoor,Europe,Europe,14,17
Europe\shard0_01425.jpg,outdoor,Europe,Europe,14,17
Europe\shard0_09269.jpg,outdoor,Europe,Europe,14,17
Europe\shard0_01359.jpg,outdoor,Europe,Europe,14,17
Europe\shard0_03222.jpg,outdoor,Europe,Europe,13,18
Europe\shard0_24268.jpg,outdoor,Europe,Europe,13,19
Europe\shard0_18981.jpg,outdoor,Europe,Europe,13,19
Europe\shard0_12495.jpg,outdoor,Europe,Europe,13,21
Europe\shard0_24912.jpg,outdoor,Europe,Europe,14,17
Europe\shard0_28845.jpg,outdoor,Europe,Europe,13,17
Europe\shard0_23506.jpg,outdoor,Europe,Europe,13,17
Europe\shard0_13018.jpg,outdoor,Europe,Europe,12,17
Europe\shard0_16116.jpg,outdoor,Europe,Europe,12,17
Europe\shard0_27360.jpg,outdoor,Europe,Europe,13,20
Europe\shard0_08453.jpg,outdoor,Europe,Europe,13,19
Europe\shard0_07235.jpg,outdoor,Europe,Europe,14,17
Europe\shard0_03132.jpg,outdoor,Europe,Europe,14,17
Europe\shard0_29719.jpg,outdoor,Europe,Europe,13,18
Europe\shard0_10454.jpg,outdoor,Europe,Europe,13,20
Europe\shard0_00368.jpg,outdoor,Europe,Europe,13,18
Europe\shard0_16648.jpg,outdoor,Europe,Europe,14,17
Europe\shard0_14712.jpg,outdoor,Europe,Europe,14,17
Europe\shard0_11306.jpg,outdoor,Europe,Europe,12,17
Europe\shard0_09354.jpg,outdoor,Europe,Europe,14,17
Europe\shard0_25943.jpg,outdoor,Europe,Europe,14,19
Europe\shard0_24819.jpg,outdoor,Europe,Europe,14,17
Europe\shard0_26700.jpg,outdoor,Europe,Europe,14,17
Europe\shard0_12624.jpg,outdoor,Europe,Europe,13,18
Europe\shard0_24240.jpg,outdoor,Europe,Europe,14,19
Europe\shard0_23600.jpg,outdoor,Europe,Europe,13,19
Europe\shard0_26855.jpg,outdoor,Europe,Europe,14,17
Europe\shard0_23727.jpg,outdoor,Europe,Europe,13,19
Europe\shard0_11162.jpg,outdoor,Europe,Europe,14,17
Europe\shard0_27842.jpg,outdoor,Europe,Europe,13,19
Europe\shard0_11403.jpg,outdoor,Europe,Europe,14,18
Europe\shard0_07385.jpg,outdoor,Europe,Europe,14,19
Europe\shard0_22717.jpg,outdoor,Europe,Europe,12,17
Europe\shard0_18211.jpg,outdoor,Europe,Europe,14,17
Europe\shard0_07326.jpg,outdoor,Europe,Europe,12,17
Europe\shard0_10375.jpg,outdoor,Europe,Europe,13,17
Europe\shard0_08931.jpg,outdoor,Europe,Europe,13,18
Europe\shard0_21228.jpg,outdoor,Europe,Europe,13,19
Europe\shard0_09237.jpg,outdoor,Europe,Europe,12,17
Europe\shard0_03715.jpg,outdoor,Europe,Europe,13,18
Europe\shard0_11996.jpg,outdoor,Europe,Europe,13,18
Europe\shard0_04465.jpg,outdoor,Europe,Europe,14,17
Europe\shard0_10203.jpg,outdoor,Europe,Europe,13,18
Europe\shard0_08788.jpg,outdoor,Europe,Europe,14,19
Europe\shard0_01634.jpg,outdoor,Europe,Europe,14,19
Europe\shard0_03628.jpg,outdoor,Europe,Europe,13,19
Europe\shard0_05019.jpg,outdoor,Europe,Europe,13,18
Europe\shard0_01856.jpg,outdoor,Europe,Europe,14,18
Europe\shard0_08161.jpg,outdoor,Europe,Europe,14,17
Europe\shard0_27698.jpg,outdoor,Europe,Europe,14,19
Europe\shard0_22830.jpg,outdoor,Europe,Europe,13,19
Europe\shard0_22651.jpg,outdoor,Europe,Europe,14,19
Europe\shard0_21960.jpg,outdoor,Europe,Europe,13,19
Europe\shard0_04821.jpg,outdoor,Europe,Europe,14,19
Europe\shard0_10309.jpg,outdoor,Europe,Europe,15,15
Europe\shard0_22747.jpg,outdoor,Europe,Europe,15,15
Europe\shard0_28974.jpg,outdoor,Europe,Europe,13,18
Europe\shard0_07881.jpg,outdoor,Europe,Europe,13,18
Europe\shard0_12147.jpg,outdoor,Europe,Europe,14,21
Europe\shard0_15744.jpg,outdoor,Europe,Europe,13,18
Europe\shard0_08587.jpg,outdoor,Europe,Europe,15,20
Europe\shard0_14437.jpg,outdoor,Europe,Europe,14,18
Europe\shard0_19480.jpg,outdoor,Europe,Europe,14,18
Europe\shard0_08014.jpg,outdoor,Europe,Europe,13,17
Europe\shard0_15816.jpg,outdoor,Europe,Europe,13,18
Europe\shard0_29452.jpg,outdoor,Europe,Europe,13,18
Europe\shard0_11951.jpg,outdoor,Europe,Europe,13,19
Europe\shard0_04984.jpg,outdoor,Europe,Europe,13,20
Europe\shard0_08736.jpg,outdoor,Europe,Europe,14,19
Europe\shard0_10616.jpg,outdoor,Europe,Europe,13,18
Europe\shard0_03908.jpg,outdoor,Europe,Europe,14,17
Europe\shard0_08726.jpg,outdoor,Europe,Europe,13,18
Europe\shard0_18406.jpg,outdoor,Europe,Europe,14,17
Europe\shard0_20380.jpg,outdoor,Europe,Europe,14,17
Europe\shard0_23570.jpg,outdoor,Europe,Europe,15,15
Europe\shard0_14738.jpg,outdoor,Europe,Europe,14,18
Europe\shard0_14057.jpg,outdoor,Europe,Europe,15,19
Europe\shard0_18577.jpg,outdoor,Europe,Europe,13,17
Europe\shard0_05238.jpg,outdoor,Europe,Europe,14,18
Europe\shard0_07378.jpg,outdoor,Europe,Europe,13,19
Europe\shard0_09252.jpg,outdoor,Europe,Europe,13,18
Europe\shard0_09626.jpg,outdoor,Europe,Europe,13,21
Europe\shard0_08537.jpg,outdoor,Europe,Europe,13,18
Europe\shard0_04194.jpg,outdoor,Europe,Europe,14,21
Europe\shard0_23133.jpg,outdoor,Europe,Europe,13,18
Europe\shard0_29795.jpg,outdoor,Europe,Europe,14,19
Europe\shard0_16650.jpg,outdoor,Europe,Europe,14,18
Europe\shard0_10293.jpg,outdoor,Europe,Europe,13,18
Europe\shard0_00281.jpg,outdoor,Europe,Europe,12,17
Europe\shard0_11342.jpg,outdoor,Europe,Europe,13,20
Europe\shard0_24196.jpg,outdoor,Europe,Europe,13,17
Europe\shard0_19041.jpg,outdoor,Europe,Europe,13,19
Europe\shard0_05221.jpg,outdoor,Europe,Europe,13,18
Europe\shard0_23431.jpg,outdoor,Europe,Europe,13,18
Europe\shard0_26285.jpg,outdoor,Europe,Europe,14,17
Europe\shard0_03459.jpg,outdoor,Europe,Europe,14,20
Europe\shard0_15150.jpg,outdoor,Europe,Europe,13,17
Europe\shard0_21610.jpg,outdoor,Europe,Europe,13,19
Europe\shard0_23443.jpg,outdoor,Europe,Europe,14,17
Europe\shard0_29997.jpg,outdoor,Europe,Europe,14,17
Europe\shard0_11627.jpg,outdoor,Europe,Europe,14,17
Europe\shard0_13302.jpg,outdoor,Europe,Europe,14,17
Europe\shard0_21383.jpg,outdoor,Europe,Europe,15,20
Europe\shard0_10048.jpg,outdoor,Europe,Europe,13,18
Europe\shard0_29411.jpg,outdoor,Europe,Europe,14,17
Europe\shard0_10336.jpg,outdoor,Europe,Europe,14,19
Europe\shard0_20864.jpg,outdoor,Europe,Europe,13,17
Europe\shard0_13819.jpg,outdoor,Europe,Europe,14,18
Europe\shard0_01476.jpg,outdoor,Europe,Europe,13,19
Europe\shard0_07601.jpg,outdoor,Europe,Europe,14,17
Europe\shard0_17464.jpg,outdoor,Europe,Europe,12,17
Europe\shard0_26013.jpg,outdoor,Europe,Europe,14,20
Europe\shard0_26329.jpg,outdoor,Europe,Europe,12,17
Europe\shard0_15776.jpg,outdoor,Europe,Europe,12,19
Europe\shard0_06299.jpg,outdoor,Europe,Europe,14,17
Europe\shard0_04451.jpg,outdoor,Europe,Europe,14,17
Europe\shard0_14381.jpg,outdoor,Europe,Europe,14,18
Europe\shard0_13670.jpg,outdoor,Europe,Europe,15,20
Europe\shard0_29222.jpg,outdoor,Europe,Europe,14,17
Europe\shard0_23775.jpg,outdoor,Europe,Europe,14,18
Europe\shard0_11571.jpg,outdoor,Europe,Europe,14,18
Europe\shard0_08005.jpg,outdoor,Europe,Europe,13,18
Europe\shard0_29770.jpg,outdoor,Europe,Europe,13,19
Europe\shard0_26162.jpg,outdoor,Europe,Europe,13,19
Europe\shard0_09370.jpg,outdoor,Europe,Europe,13,18
Europe\shard0_27567.jpg,outdoor,Europe,Europe,12,17
Europe\shard0_05340.jpg,outdoor,Europe,Europe,13,18
Europe\shard0_01235.jpg,outdoor,Europe,Europe,13,19
Europe\shard0_06347.jpg,outdoor,Europe,Europe,13,19
Europe\shard0_14533.jpg,outdoor,Europe,Europe,14,19
Europe\shard0_28722.jpg,outdoor,Europe,Europe,13,20
Europe\shard0_08275.jpg,outdoor,Europe,Europe,13,18
Europe\shard0_08840.jpg,outdoor,Europe,Europe,13,18
Europe\shard0_06574.jpg,outdoor,Europe,Europe,14,18
Europe\shard0_23774.jpg,outdoor,Europe,Europe,14,18
Europe\shard0_01024.jpg,outdoor,Europe,Europe,14,20
Europe\shard0_26589.jpg,outdoor,Europe,Europe,14,17
Europe\shard0_08174.jpg,outdoor,Europe,Europe,12,19
Europe\shard0_18869.jpg,outdoor,Europe,Europe,14,17
Europe\shard0_03576.jpg,outdoor,Europe,Europe,14,17
Europe\shard0_14663.jpg,outdoor,Europe,Europe,13,18
Europe\shard0_25263.jpg,outdoor,Europe,Europe,13,18
Europe\shard0_08136.jpg,outdoor,Europe,Europe,13,17
Europe\shard0_16684.jpg,outdoor,Europe,Europe,14,18
Europe\shard0_07649.jpg,outdoor,Europe,Europe,14,17
Europe\shard0_07202.jpg,outdoor,Europe,Europe,15,20
Europe\shard0_06180.jpg,outdoor,Europe,Europe,14,18
Europe\shard0_17398.jpg,outdoor,Europe,Europe,14,17
Europe\shard0_18725.jpg,outdoor,Europe,Europe,13,19
Europe\shard0_24546.jpg,outdoor,Europe,Europe,14,17
Europe\shard0_26448.jpg,outdoor,Europe,Europe,14,19
Europe\shard0_18361.jpg,outdoor,Europe,Europe,14,17
Europe\shard0_24756.jpg,outdoor,Europe,Europe,14,17
Europe\shard0_16599.jpg,outdoor,Europe,Europe,13,17
Europe\shard0_18259.jpg,outdoor,Europe,Europe,15,20
Europe\shard0_00869.jpg,outdoor,Europe,Europe,13,18
Europe\shard0_02870.jpg,outdoor,Europe,Europe,13,17
Europe\shard0_27028.jpg,outdoor,Europe,Europe,12,20
Europe\shard0_04585.jpg,outdoor,Europe,Europe,15,19
Europe\shard0_21852.jpg,outdoor,Europe,Europe,13,18
Europe\shard0_22744.jpg,outdoor,Europe,Europe,14,17
Europe\shard0_26864.jpg,outdoor,Europe,Europe,15,16
Europe\shard0_21930.jpg,outdoor,Europe,Europe,13,18
Europe\shard0_28586.jpg,outdoor,Europe,Europe,13,18
Europe\shard0_10810.jpg,outdoor,Europe,Europe,13,19
Europe\shard0_03342.jpg,outdoor,Europe,Europe,13,18
Europe\shard0_16952.jpg,outdoor,Europe,Europe,13,19
Europe\shard0_21942.jpg,outdoor,Europe,Europe,14,17
Europe\shard0_20017.jpg,outdoor,Europe,Europe,13,18
Europe\shard0_24058.jpg,outdoor,Europe,Europe,13,18
Europe\shard0_10010.jpg,outdoor,Europe,Europe,14,22
Europe\shard0_22577.jpg,outdoor,Europe,Europe,13,19
Europe\shard0_11454.jpg,outdoor,Europe,Europe,13,18
Europe\shard0_00431.jpg,outdoor,Europe,Europe,13,17
Europe\shard0_02570.jpg,outdoor,Europe,Europe,13,18
Europe\shard0_23514.jpg,outdoor,Europe,Europe,14,19
Europe\shard0_00003.jpg,outdoor,Europe,Europe,13,19
Europe\shard0_16446.jpg,outdoor,Europe,Europe,13,19
Europe\shard0_23070.jpg,outdoor,Europe,Europe,13,18
Europe\shard0_01828.jpg,outdoor,Europe,Europe,13,18
Europe\shard0_00014.jpg,outdoor,Europe,Europe,12,17
Europe\shard0_21126.jpg,outdoor,Europe,Europe,14,17
Europe\shard0_03621.jpg,outdoor,Europe,Europe,14,18
Europe\shard0_10197.jpg,outdoor,Europe,Europe,13,19
Europe\shard0_17070.jpg,outdoor,Europe,Europe,14,18
Europe\shard0_04189.jpg,outdoor,Europe,Europe,13,19
Europe\shard0_10164.jpg,outdoor,Europe,Europe,13,19
Europe\shard0_00940.jpg,outdoor,Europe,Europe,13,18
Europe\shard0_26217.jpg,outdoor,Europe,Europe,13,31
Europe\shard0_04676.jpg,outdoor,Europe,Europe,14,19
Europe\shard0_11235.jpg,outdoor,Europe,Europe,14,17
Europe\shard0_14634.jpg,outdoor,Europe,Europe,13,17
Europe\shard0_27539.jpg,outdoor,Europe,Europe,13,17
Europe\shard0_09436.jpg,outdoor,Europe,Europe,13,19
Europe\shard0_13762.jpg,outdoor,Europe,Europe,14,19
Europe\shard0_13403.jpg,outdoor,Europe,Europe,13,19
Europe\shard0_10060.jpg,outdoor,Europe,Europe,13,19
Europe\shard0_22217.jpg,outdoor,Europe,Europe,14,17
Europe\shard0_06304.jpg,outdoor,Europe,Europe,13,18
Europe\shard0_29023.jpg,outdoor,Europe,Europe,13,17
Europe\shard0_09204.jpg,outdoor,Europe,Europe,15,15
Europe\shard0_10596.jpg,outdoor,Europe,Europe,14,17
Europe\shard0_26476.jpg,outdoor,Europe,Europe,13,19
Europe\shard0_05217.jpg,outdoor,Europe,Europe,13,17
Europe\shard0_13492.jpg,outdoor,Europe,Europe,13,18
Europe\shard0_14995.jpg,outdoor,Europe,Europe,14,19
Europe\shard0_23941.jpg,outdoor,Europe,Europe,13,18
Europe\shard0_27988.jpg,outdoor,Europe,Europe,13,17
Europe\shard0_09332.jpg,outdoor,Europe,Europe,13,19
Europe\shard0_07901.jpg,outdoor,Europe,Europe,14,17
Europe\shard0_13754.jpg,outdoor,Europe,Europe,13,19
Europe\shard0_06923.jpg,outdoor,Europe,Europe,13,17
Europe\shard0_21323.jpg,outdoor,Europe,Europe,13,18
Europe\shard0_10723.jpg,outdoor,Europe,Europe,14,17
Europe\shard0_22278.jpg,outdoor,Europe,Europe,13,18
Europe\shard0_28013.jpg,outdoor,Europe,Europe,13,19
Europe\shard0_09742.jpg,outdoor,Europe,Europe,14,17
Europe\shard0_15700.jpg,outdoor,Europe,Europe,13,18
Europe\shard0_18607.jpg,outdoor,Europe,Europe,13,19
Europe\shard0_24311.jpg,outdoor,Europe,Europe,13,17
Europe\shard0_05898.jpg,outdoor,Europe,Europe,14,17
Europe\shard0_16577.jpg,outdoor,Europe,Europe,14,17
Europe\shard0_25159.jpg,outdoor,Europe,Europe,13,18
Europe\shard0_08605.jpg,outdoor,Europe,Europe,13,19
Europe\shard0_04709.jpg,outdoor,Europe,Europe,13,18
Europe\shard0_27167.jpg,outdoor,Europe,Europe,14,18
Europe\shard0_00899.jpg,outdoor,Europe,Europe,14,19
Europe\shard0_00232.jpg,outdoor,Europe,Europe,15,20
Europe\shard0_06297.jpg,outdoor,Europe,Europe,14,19
Europe\shard0_24281.jpg,outdoor,Europe,Europe,13,18
Europe\shard0_12863.jpg,outdoor,Europe,Europe,13,18
Europe\shard0_14056.jpg,outdoor,Europe,Europe,13,18
Europe\shard0_24774.jpg,outdoor,Europe,Europe,14,20
Europe\shard0_18269.jpg,outdoor,Europe,Europe,13,17
Europe\shard0_00488.jpg,outdoor,Europe,Europe,13,19
Europe\shard0_24537.jpg,outdoor,Europe,Europe,14,19
Europe\shard0_21145.jpg,outdoor,Europe,Europe,13,18
Europe\shard0_05167.jpg,outdoor,Europe,Europe,13,20
Europe\shard0_07910.jpg,outdoor,Europe,Europe,12,20
Europe\shard0_27168.jpg,outdoor,Europe,Europe,13,19
Europe\shard0_26997.jpg,outdoor,Europe,Europe,14,17
Europe\shard0_08321.jpg,outdoor,Europe,Europe,13,18
Europe\shard0_18084.jpg,outdoor,Europe,Europe,14,18
Europe\shard0_22704.jpg,outdoor,Europe,Europe,15,19
Europe\shard0_28452.jpg,outdoor,Europe,Europe,13,20
Europe\shard0_12069.jpg,outdoor,Europe,Europe,14,17
Europe\shard0_26105.jpg,outdoor,Europe,Europe,14,17
Europe\shard0_13126.jpg,outdoor,Europe,Europe,14,19
Europe\shard0_26900.jpg,outdoor,Europe,Europe,14,17
Europe\shard0_23142.jpg,outdoor,Europe,Europe,13,18
Europe\shard0_25704.jpg,outdoor,Europe,Europe,14,18
Europe\shard0_10922.jpg,outdoor,Europe,Europe,14,17
Europe\shard0_03620.jpg,outdoor,Europe,Europe,13,17
Europe\shard0_06473.jpg,outdoor,Europe,Europe,14,18
Europe\shard0_20308.jpg,outdoor,Europe,Europe,13,20
Europe\shard0_20313.jpg,outdoor,Europe,Europe,14,19
Europe\shard0_19734.jpg,outdoor,Europe,Europe,14,17
Europe\shard0_21439.jpg,outdoor,Europe,Europe,13,17
Europe\shard0_18244.jpg,outdoor,Europe,Europe,13,19
Europe\shard0_01432.jpg,outdoor,Europe,Europe,13,17
Europe\shard0_12871.jpg,outdoor,Europe,Europe,14,19
Europe\shard0_08496.jpg,outdoor,Europe,Europe,13,17
Europe\shard0_16220.jpg,outdoor,Europe,Europe,13,19
Europe\shard0_18032.jpg,outdoor,Europe,Europe,13,18
Europe\shard0_02088.jpg,outdoor,Europe,Europe,13,18
Europe\shard0_19042.jpg,outdoor,Europe,Europe,13,18
Europe\shard0_00200.jpg,outdoor,Europe,Europe,13,17
Europe\shard0_02528.jpg,outdoor,Europe,Europe,14,17
Europe\shard0_01186.jpg,outdoor,Europe,Europe,13,17
Europe\shard0_10825.jpg,outdoor,Europe,Europe,14,17
Europe\shard0_22931.jpg,outdoor,Europe,Europe,13,18
Europe\shard0_05089.jpg,outdoor,Europe,Europe,15,21
Europe\shard0_28176.jpg,outdoor,Europe,Europe,14,17
Europe\shard0_18615.jpg,outdoor,Europe,Europe,13,17
Europe\shard0_08260.jpg,outdoor,Europe,Europe,13,19
Europe\shard0_21232.jpg,outdoor,Europe,Europe,14,18
Europe\shard0_20393.jpg,outdoor,Europe,Europe,13,18
Europe\shard0_17486.jpg,outdoor,Europe,Europe,13,17
Europe\shard0_14216.jpg,outdoor,Europe,Europe,13,18
Europe\shard0_16318.jpg,outdoor,Europe,Europe,13,17
Europe\shard0_11260.jpg,outdoor,Europe,Europe,13,17
Europe\shard0_16559.jpg,outdoor,Europe,Europe,12,17
Europe\shard0_25662.jpg,outdoor,Europe,Europe,13,18
Europe\shard0_20529.jpg,outdoor,Europe,Europe,13,18
Europe\shard0_09049.jpg,outdoor,Europe,Europe,12,17
Europe\shard0_08975.jpg,outdoor,Europe,Europe,14,18
Europe\shard0_20788.jpg,outdoor,Europe,Europe,14,18
Europe\shard0_26800.jpg,outdoor,Europe,Europe,14,18
Europe\shard0_09081.jpg,outdoor,Europe,Europe,14,20
Europe\shard0_23393.jpg,outdoor,Europe,Europe,14,21
Europe\shard0_06902.jpg,outdoor,Europe,Europe,14,19
Europe\shard0_20614.jpg,outdoor,Europe,Europe,13,17
Europe\shard0_07871.jpg,outdoor,Europe,Europe,14,17
Europe\shard0_26150.jpg,outdoor,Europe,Europe,14,17
Europe\shard0_12166.jpg,outdoor,Europe,Europe,14,19
Europe\shard0_09423.jpg,outdoor,Europe,Europe,13,19
Europe\shard0_02080.jpg,outdoor,Europe,Europe,13,20
Europe\shard0_25181.jpg,outdoor,Europe,Europe,13,18
Europe\shard0_21824.jpg,outdoor,Europe,Europe,13,19
Europe\shard0_15340.jpg,outdoor,Europe,Europe,14,17
Europe\shard0_28033.jpg,outdoor,Europe,Europe,14,18
Europe\shard0_18519.jpg,outdoor,Europe,Europe,14,17
Europe\shard0_22051.jpg,outdoor,Europe,Europe,14,18
Europe\shard0_26577.jpg,outdoor,Europe,Europe,13,18
Europe\shard0_12185.jpg,outdoor,Europe,Europe,13,18
Europe\shard0_16347.jpg,outdoor,Europe,Europe,14,18
Europe\shard0_07879.jpg,outdoor,Europe,Europe,12,17
Europe\shard0_02687.jpg,outdoor,Europe,Europe,13,18
Europe\shard0_16503.jpg,outdoor,Europe,Europe,14,18
Europe\shard0_02677.jpg,outdoor,Europe,Europe,14,21
Europe\shard0_26063.jpg,outdoor,Europe,Europe,13,18
Europe\shard0_07505.jpg,outdoor,Europe,Europe,13,19
Europe\shard0_12792.jpg,outdoor,Europe,Europe,14,17
Europe\shard0_01110.jpg,outdoor,Europe,Europe,13,19
Europe\shard0_06769.jpg,outdoor,Europe,Europe,13,20
Europe\shard0_11541.jpg,outdoor,Europe,Europe,13,18
Europe\shard0_17582.jpg,outdoor,Europe,Europe,13,19
Europe\shard0_03571.jpg,outdoor,Europe,Europe,13,18
Europe\shard0_23746.jpg,outdoor,Europe,Europe,14,19
Europe\shard0_29144.jpg,outdoor,Europe,Europe,13,18
Europe\shard0_23967.jpg,outdoor,Europe,Europe,14,19
Europe\shard0_27685.jpg,outdoor,Europe,Europe,13,17
Europe\shard0_02996.jpg,outdoor,Europe,Europe,14,17
Europe\shard0_24628.jpg,outdoor,Europe,Europe,14,20
Europe\shard0_07590.jpg,outdoor,Europe,Europe,13,18
Europe\shard0_15848.jpg,outdoor,Europe,Europe,12,17
Europe\shard0_15041.jpg,outdoor,Europe,Europe,14,18
Europe\shard0_16298.jpg,outdoor,Europe,Europe,15,20
Europe\shard0_15009.jpg,outdoor,Europe,Europe,14,19
Europe\shard0_24693.jpg,outdoor,Europe,Europe,13,19
Europe\shard0_16994.jpg,outdoor,Europe,Europe,14,18
Europe\shard0_21966.jpg,outdoor,Europe,Europe,15,19
Europe\shard0_24408.jpg,outdoor,Europe,Europe,13,18
Europe\shard0_10186.jpg,outdoor,Europe,Europe,13,19
Europe\shard0_16389.jpg,outdoor,Europe,Europe,14,18
Europe\shard0_11890.jpg,outdoor,Europe,Europe,13,17
Europe\shard0_23528.jpg,outdoor,Europe,Europe,13,19
Europe\shard0_13989.jpg,outdoor,Europe,Europe,14,20
Europe\shard0_11092.jpg,outdoor,Europe,Europe,14,28
Europe\shard0_21525.jpg,outdoor,Europe,Europe,13,18
Europe\shard0_13602.jpg,outdoor,Europe,Europe,13,17
Europe\shard0_24954.jpg,outdoor,Europe,Europe,15,18
Europe\shard0_00537.jpg,outdoor,Europe,Europe,14,19
Europe\shard0_19347.jpg,outdoor,Europe,Europe,13,18
Europe\shard0_08693.jpg,outdoor,Europe,Europe,13,19
Europe\shard0_08510.jpg,outdoor,Europe,Europe,14,17
Europe\shard0_12394.jpg,outdoor,Europe,Europe,13,18
Europe\shard0_19171.jpg,outdoor,Europe,Europe,13,18
Europe\shard0_18285.jpg,outdoor,Europe,Europe,13,19
Europe\shard0_20287.jpg,outdoor,Europe,Europe,13,19
Europe\shard0_26252.jpg,outdoor,Europe,Europe,13,18
Europe\shard0_16828.jpg,outdoor,Europe,Europe,13,18
Europe\shard0_17168.jpg,outdoor,Europe,Europe,13,18
Europe\shard0_05300.jpg,outdoor,Europe,Europe,14,17
Europe\shard0_08101.jpg,outdoor,Europe,Europe,13,20
Europe\shard0_17918.jpg,outdoor,Europe,Europe,13,20
Europe\shard0_09777.jpg,outdoor,Europe,Europe,15,20
Europe\shard0_05399.jpg,outdoor,Europe,Europe,13,17
Europe\shard0_24586.jpg,outdoor,Europe,Europe,14,17
Europe\shard0_05296.jpg,outdoor,Europe,Europe,14,19
Europe\shard0_29579.jpg,outdoor,Europe,Europe,14,19
Europe\shard0_08584.jpg,outdoor,Europe,Europe,14,21
Europe\shard0_17862.jpg,outdoor,Europe,Europe,13,18
Europe\shard0_08484.jpg,outdoor,Europe,Europe,14,18
Europe\shard0_18412.jpg,outdoor,Europe,Europe,13,18
Europe\shard0_15599.jpg,outdoor,Europe,Europe,13,19
Europe\shard0_05007.jpg,outdoor,Europe,Europe,14,17
Europe\shard0_12850.jpg,outdoor,Europe,Europe,12,17
Europe\shard0_13239.jpg,outdoor,Europe,Europe,13,18
Europe\shard0_10984.jpg,outdoor,Europe,Europe,13,19
Europe\shard0_18608.jpg,outdoor,Europe,Europe,15,19
Europe\shard0_25848.jpg,outdoor,Europe,Europe,13,18
Europe\shard0_07299.jpg,outdoor,Europe,Europe,14,17
Europe\shard0_19185.jpg,outdoor,Europe,Europe,13,17
Europe\shard0_11912.jpg,outdoor,Europe,Europe,14,19
Europe\shard0_01513.jpg,outdoor,Europe,Europe,14,18
Europe\shard0_00916.jpg,outdoor,Europe,Europe,14,18
Europe\shard0_04243.jpg,outdoor,Europe,Europe,13,19
Europe\shard0_07944.jpg,outdoor,Europe,Europe,13,18
Europe\shard0_17240.jpg,outdoor,Europe,Europe,13,18
Europe\shard0_15525.jpg,outdoor,Europe,Europe,14,19
Europe\shard0_03032.jpg,outdoor,Europe,Europe,13,17
Europe\shard0_08632.jpg,outdoor,Europe,Europe,13,17
Europe\shard0_17871.jpg,outdoor,Europe,Europe,13,18
Europe\shard0_02691.jpg,outdoor,Europe,Europe,14,19
Europe\shard0_00967.jpg,outdoor,Europe,Europe,14,18
Europe\shard0_24806.jpg,outdoor,Europe,Europe,14,19
Europe\shard0_06189.jpg,outdoor,Europe,Europe,13,18
Europe\shard0_24567.jpg,outdoor,Europe,Europe,14,18
Europe\shard0_13393.jpg,outdoor,Europe,Europe,13,18
Europe\shard0_08345.jpg,outdoor,Europe,Europe,13,18
Europe\shard0_07185.jpg,outdoor,Europe,Europe,15,19
Europe\shard0_29347.jpg,outdoor,Europe,Europe,14,18
Europe\shard0_28778.jpg,outdoor,Europe,Europe,13,19
Europe\shard0_17929.jpg,outdoor,Europe,Europe,14,18
Europe\shard0_21958.jpg,outdoor,Europe,Europe,14,18
Europe\shard0_02847.jpg,outdoor,Europe,Europe,14,17
Europe\shard0_26870.jpg,outdoor,Europe,Europe,12,20
Europe\shard0_28077.jpg,outdoor,Europe,Europe,13,19
Europe\shard0_08215.jpg,outdoor,Europe,Europe,14,19
Europe\shard0_23608.jpg,outdoor,Europe,Europe,13,18
Europe\shard0_26103.jpg,outdoor,Europe,Europe,14,18
Europe\shard0_20889.jpg,outdoor,Europe,Europe,14,19
Europe\shard0_16470.jpg,outdoor,Europe,Europe,12,19
Europe\shard0_18983.jpg,outdoor,Europe,Europe,13,18
Europe\shard0_10652.jpg,outdoor,Europe,Europe,13,18
Europe\shard0_27179.jpg,outdoor,Europe,Europe,14,17
Europe\shard0_05784.jpg,outdoor,Europe,Europe,15,19
Europe\shard0_23581.jpg,outdoor,Europe,Europe,12,17
Europe\shard0_06544.jpg,outdoor,Europe,Europe,13,17
Europe\shard0_10797.jpg,outdoor,Europe,Europe,14,17
Europe\shard0_08031.jpg,outdoor,Europe,Europe,13,19
Europe\shard0_18040.jpg,outdoor,Europe,Europe,14,17
Europe\shard0_18217.jpg,outdoor,Europe,Europe,14,18
Europe\shard0_01560.jpg,outdoor,Europe,Europe,14,17
Europe\shard0_01502.jpg,outdoor,Europe,Europe,13,18
Europe\shard0_27048.jpg,outdoor,Europe,Europe,13,17
Europe\shard0_08588.jpg,outdoor,Europe,Europe,14,22
Europe\shard0_06406.jpg,outdoor,Europe,Europe,13,18
Europe\shard0_27960.jpg,outdoor,Europe,Europe,14,17
Europe\shard0_22011.jpg,outdoor,Europe,Europe,14,17
Europe\shard0_18858.jpg,outdoor,Europe,Europe,12,17
Europe\shard0_15398.jpg,outdoor,Europe,Europe,13,17
Europe\shard0_21113.jpg,outdoor,Europe,Europe,13,17
Europe\shard0_16359.jpg,outdoor,Europe,Europe,13,19
Europe\shard0_19611.jpg,outdoor,Europe,Europe,14,17
Europe\shard0_23262.jpg,outdoor,Europe,Europe,13,20
Europe\shard0_28540.jpg,outdoor,Europe,Europe,14,17
Europe\shard0_21164.jpg,outdoor,Europe,Europe,12,17
Europe\shard0_00866.jpg,outdoor,Europe,Europe,13,18
Europe\shard0_08738.jpg,outdoor,Europe,Europe,14,19
Europe\shard0_12254.jpg,outdoor,Europe,Europe,14,17
Europe\shard0_17645.jpg,outdoor,Europe,Europe,13,18
Europe\shard0_07191.jpg,outdoor,Europe,Europe,13,18
Europe\shard0_27653.jpg,outdoor,Europe,Europe,14,17
Europe\shard0_20310.jpg,outdoor,Europe,Europe,15,19
Europe\shard0_19721.jpg,outdoor,Europe,Europe,13,17
Europe\shard0_03156.jpg,outdoor,Europe,Europe,13,20
Europe\shard0_11236.jpg,outdoor,Europe,Europe,13,19
Europe\shard0_00031.jpg,outdoor,Europe,Europe,14,19
Europe\shard0_26076.jpg,outdoor,Europe,Europe,14,18
Europe\shard0_07768.jpg,outdoor,Europe,Europe,13,18
Europe\shard0_07253.jpg,outdoor,Europe,Europe,14,18
Europe\shard0_18966.jpg,outdoor,Europe,Europe,14,18
Europe\shard0_00989.jpg,outdoor,Europe,Europe,12,17
Europe\shard0_22543.jpg,outdoor,Europe,Europe,14,17
Europe\shard0_17688.jpg,outdoor,Europe,Europe,14,19
Europe\shard0_27126.jpg,outdoor,Europe,Europe,13,18
Europe\shard0_06219.jpg,outdoor,Europe,Europe,13,18
Europe\shard0_11566.jpg,outdoor,Europe,Europe,13,17
Europe\shard0_03634.jpg,outdoor,Europe,Europe,13,19
Europe\shard0_26683.jpg,outdoor,Europe,Europe,15,20
Europe\shard0_09856.jpg,outdoor,Europe,Europe,13,18
Europe\shard0_24148.jpg,outdoor,Europe,Europe,15,20
Europe\shard0_19960.jpg,outdoor,Europe,Europe,13,19
Europe\shard0_21060.jpg,outdoor,Europe,Europe,14,18
Europe\shard0_26301.jpg,outdoor,Europe,Europe,13,19
Europe\shard0_23784.jpg,outdoor,Europe,Europe,14,17
Europe\shard0_14808.jpg,outdoor,Europe,Europe,13,20
Europe\shard0_19094.jpg,outdoor,Europe,Europe,13,18
Europe\shard0_16287.jpg,outdoor,Europe,Europe,13,19
Europe\shard0_19669.jpg,outdoor,Europe,Europe,13,18
Europe\shard0_10875.jpg,outdoor,Europe,Europe,14,17
Europe\shard0_02138.jpg,outdoor,Europe,Europe,13,19
Europe\shard0_10734.jpg,outdoor,Europe,Europe,13,20
Europe\shard0_27068.jpg,outdoor,Europe,Europe,12,17
Europe\shard0_27506.jpg,outdoor,Europe,Europe,13,18
Europe\shard0_21608.jpg,outdoor,Europe,Europe,13,18
Europe\shard0_04596.jpg,outdoor,Europe,Europe,13,19
Europe\shard0_20315.jpg,outdoor,Europe,Europe,13,18
Europe\shard0_17644.jpg,outdoor,Europe,Europe,14,17
Europe\shard0_02682.jpg,outdoor,Europe,Europe,14,17
Europe\shard0_11835.jpg,outdoor,Europe,Europe,12,20
Europe\shard0_01399.jpg,outdoor,Europe,Europe,14,17
Europe\shard0_20114.jpg,outdoor,Europe,Europe,13,20
Europe\shard0_11084.jpg,outdoor,Europe,Europe,13,19
Europe\shard0_10888.jpg,outdoor,Europe,Europe,14,18
Europe\shard0_05385.jpg,outdoor,Europe,Europe,13,17
Europe\shard0_20333.jpg,outdoor,Europe,Europe,14,21
Europe\shard0_01833.jpg,outdoor,Europe,Europe,14,19
Europe\shard0_10579.jpg,outdoor,Europe,Europe,13,17
Europe\shard0_13059.jpg,outdoor,Europe,Europe,14,19
Europe\shard0_14199.jpg,outdoor,Europe,Europe,13,17
Europe\shard0_05524.jpg,outdoor,Europe,Europe,13,18
Europe\shard0_14022.jpg,outdoor,Europe,Europe,13,18
Europe\shard0_27030.jpg,outdoor,Europe,Europe,12,17
Europe\shard0_20881.jpg,outdoor,Europe,Europe,14,17
Europe\shard0_22310.jpg,outdoor,Europe,Europe,14,17
Europe\shard0_13249.jpg,outdoor,Europe,Europe,12,17
Europe\shard0_05022.jpg,outdoor,Europe,Europe,13,17
Europe\shard0_24377.jpg,outdoor,Europe,Europe,14,17
Europe\shard0_13747.jpg,outdoor,Europe,Europe,13,19
Europe\shard0_22334.jpg,outdoor,Europe,Europe,14,17
Europe\shard0_22800.jpg,outdoor,Europe,Europe,14,17
Europe\shard0_04999.jpg,outdoor,Europe,Europe,13,18
Europe\shard0_22852.jpg,outdoor,Europe,Europe,14,19
Europe\shard0_21140.jpg,outdoor,Europe,Europe,13,21
Europe\shard0_28907.jpg,outdoor,Europe,Europe,14,17
Europe\shard0_16983.jpg,outdoor,Europe,Europe,14,17
Europe\shard0_12864.jpg,outdoor,Europe,Europe,13,18
Europe\shard0_11472.jpg,outdoor,Europe,Europe,14,17
Europe\shard0_16456.jpg,outdoor,Europe,Europe,12,17
Europe\shard0_20903.jpg,outdoor,Europe,Europe,14,17
Europe\shard0_19452.jpg,outdoor,Europe,Europe,14,19
Europe\shard0_07313.jpg,outdoor,Europe,Europe,14,19
Europe\shard0_24891.jpg,outdoor,Europe,Europe,14,17
Europe\shard0_28130.jpg,outdoor,Europe,Europe,14,18
Europe\shard0_29243.jpg,outdoor,Europe,Europe,14,18
Europe\shard0_08427.jpg,outdoor,Europe,Europe,14,20
Europe\shard0_00525.jpg,outdoor,Europe,Europe,14,17
Europe\shard0_20777.jpg,outdoor,Europe,Europe,13,18
Europe\shard0_19976.jpg,outdoor,Europe,Europe,14,21
Europe\shard0_03647.jpg,outdoor,Europe,Europe,13,18
Europe\shard0_03237.jpg,outdoor,Europe,Europe,14,17
Europe\shard0_29373.jpg,outdoor,Europe,Europe,12,17
Europe\shard0_06031.jpg,outdoor,Europe,Europe,14,17
Europe\shard0_04854.jpg,outdoor,Europe,Europe,14,17
Europe\shard0_02002.jpg,outdoor,Europe,Europe,15,20
Europe\shard0_16937.jpg,outdoor,Europe,Europe,14,18
Europe\shard0_25653.jpg,outdoor,Europe,Europe,15,18
Europe\shard0_08007.jpg,outdoor,Europe,Europe,13,19
Europe\shard0_25797.jpg,outdoor,Europe,Europe,14,17
Europe\shard0_12010.jpg,outdoor,Europe,Europe,15,20
Europe\shard0_07831.jpg,outdoor,Europe,Europe,14,19
Europe\shard0_05482.jpg,outdoor,Europe,Europe,13,18
Europe\shard0_03552.jpg,outdoor,Europe,Europe,14,18
Europe\shard0_19501.jpg,outdoor,Europe,Europe,14,17
Europe\shard0_01770.jpg,outdoor,Europe,Europe,14,17
Europe\shard0_26179.jpg,outdoor,Europe,Europe,13,17
Europe\shard0_22804.jpg,outdoor,Europe,Europe,15,20
Europe\shard0_27864.jpg,outdoor,Europe,Europe,13,19
Europe\shard0_14521.jpg,outdoor,Europe,Europe,12,17
Europe\shard0_27758.jpg,outdoor,Europe,Europe,12,17
Europe\shard0_19159.jpg,outdoor,Europe,Europe,14,19
Europe\shard0_18723.jpg,outdoor,Europe,Europe,13,18
Europe\shard0_16864.jpg,outdoor,Europe,Europe,13,20
Europe\shard0_13784.jpg,outdoor,Europe,Europe,13,19
Europe\shard0_16275.jpg,outdoor,Europe,Europe,13,19
Europe\shard0_14066.jpg,outdoor,Europe,Europe,13,18
Europe\shard0_29351.jpg,outdoor,Europe,Europe,14,18
Europe\shard0_02839.jpg,outdoor,Europe,Europe,12,17
Europe\shard0_16498.jpg,outdoor,Europe,Europe,13,18
Europe\shard0_08829.jpg,outdoor,Europe,Europe,13,19
Europe\shard0_21012.jpg,outdoor,Europe,Europe,14,21
Europe\shard0_11430.jpg,outdoor,Europe,Europe,14,18
Europe\shard0_27248.jpg,outdoor,Europe,Europe,14,18
Europe\shard0_07131.jpg,outdoor,Europe,Europe,13,18
Europe\shard0_13665.jpg,outdoor,Europe,Europe,13,19
Europe\shard0_12264.jpg,outdoor,Europe,Europe,13,18
Europe\shard0_07199.jpg,outdoor,Europe,Europe,13,18
Europe\shard0_04633.jpg,outdoor,Europe,Europe,14,19
Europe\shard0_05275.jpg,outdoor,Europe,Europe,14,17
Europe\shard0_17025.jpg,outdoor,Europe,Europe,14,17
Europe\shard0_02032.jpg,outdoor,Europe,Europe,13,18
Europe\shard0_06593.jpg,outdoor,Europe,Europe,14,19
Europe\shard0_01955.jpg,outdoor,Europe,Europe,13,18
Europe\shard0_27280.jpg,outdoor,Europe,Europe,14,17
Europe\shard0_07322.jpg,outdoor,Europe,Europe,13,19
Europe\shard0_05493.jpg,outdoor,Europe,Europe,13,19
Europe\shard0_22178.jpg,outdoor,Europe,Europe,12,17
Europe\shard0_14550.jpg,outdoor,Europe,Europe,13,18
Europe\shard0_09403.jpg,outdoor,Europe,Europe,12,20
Europe\shard0_21891.jpg,outdoor,Europe,Europe,13,18
Europe\shard0_12668.jpg,outdoor,Europe,Europe,13,19
Europe\shard0_24291.jpg,outdoor,Europe,Europe,13,19
Europe\shard0_06056.jpg,outdoor,Europe,Europe,13,17
Europe\shard0_04870.jpg,outdoor,Europe,Europe,12,17
Europe\shard0_10483.jpg,outdoor,Europe,Europe,14,20
Europe\shard0_11744.jpg,outdoor,Europe,Europe,15,18
Europe\shard0_21779.jpg,outdoor,Europe,Europe,13,18
Europe\shard0_24880.jpg,outdoor,Europe,Europe,12,19
Europe\shard0_04773.jpg,outdoor,Europe,Europe,13,18
Europe\shard0_22771.jpg,outdoor,Europe,Europe,13,20
Europe\shard0_20985.jpg,outdoor,Europe,Europe,15,15
Europe\shard0_06069.jpg,outdoor,Europe,Europe,14,17
Europe\shard0_12935.jpg,outdoor,Europe,Europe,14,18
Europe\shard0_13016.jpg,outdoor,Europe,Europe,13,19
Europe\shard0_09941.jpg,outdoor,Europe,Europe,13,19
Europe\shard0_03729.jpg,outdoor,Europe,Europe,13,19
Europe\shard0_26641.jpg,outdoor,Europe,Europe,13,18
Europe\shard0_19150.jpg,outdoor,Europe,Europe,13,18
Europe\shard0_26934.jpg,outdoor,Europe,Europe,13,19
Europe\shard0_17089.jpg,outdoor,Europe,Europe,14,17
Europe\shard0_02900.jpg,outdoor,Europe,Europe,13,18
Europe\shard0_29948.jpg,outdoor,Europe,Europe,13,21
Europe\shard0_04635.jpg,outdoor,Europe,Europe,14,18
Europe\shard0_27862.jpg,outdoor,Europe,Europe,13,20
Europe\shard0_12893.jpg,outdoor,Europe,Europe,13,19
Europe\shard0_25831.jpg,outdoor,Europe,Europe,13,18
Europe\shard0_11690.jpg,outdoor,Europe,Europe,14,17
Europe\shard0_21018.jpg,outdoor,Europe,Europe,12,19
Europe\shard0_20459.jpg,outdoor,Europe,Europe,14,19
Europe\shard0_08602.jpg,outdoor,Europe,Europe,13,19
Europe\shard0_04181.jpg,outdoor,Europe,Europe,15,15
Europe\shard0_10273.jpg,outdoor,Europe,Europe,13,18
Europe\shard0_04689.jpg,outdoor,Europe,Europe,13,18
Europe\shard0_12599.jpg,outdoor,Europe,Europe,15,20
Europe\shard0_14197.jpg,outdoor,Europe,Europe,13,19
Europe\shard0_22059.jpg,outdoor,Europe,Europe,14,19
Europe\shard0_11511.jpg,outdoor,Europe,Europe,13,18
Europe\shard0_17713.jpg,outdoor,Europe,Europe,14,19
Europe\shard0_12263.jpg,outdoor,Europe,Europe,13,19
Europe\shard0_19745.jpg,outdoor,Europe,Europe,13,18
Europe\shard0_00558.jpg,outdoor,Europe,Europe,14,18
Europe\shard0_29757.jpg,outdoor,Europe,Europe,12,17
Europe\shard0_13982.jpg,outdoor,Europe,Europe,13,18
Europe\shard0_19595.jpg,outdoor,Europe,Europe,14,19
Europe\shard0_10885.jpg,outdoor,Europe,Europe,13,18
Europe\shard0_02851.jpg,outdoor,Europe,Europe,13,17
Europe\shard0_07173.jpg,outdoor,Europe,Europe,14,19
Europe\shard0_09831.jpg,outdoor,Europe,Europe,13,18
Europe\shard0_17221.jpg,outdoor,Europe,Europe,14,17
Europe\shard0_16449.jpg,outdoor,Europe,Europe,14,18
Europe\shard0_26062.jpg,outdoor,Europe,Europe,14,18
Europe\shard0_01535.jpg,outdoor,Europe,Europe,13,17
Europe\shard0_22617.jpg,outdoor,Europe,Europe,14,17
Europe\shard0_24915.jpg,outdoor,Europe,Europe,13,18
Europe\shard0_29092.jpg,outdoor,Europe,Europe,14,18
Europe\shard0_17714.jpg,outdoor,Europe,Europe,13,19
Europe\shard0_05436.jpg,outdoor,Europe,Europe,13,18
Europe\shard0_27451.jpg,outdoor,Europe,Europe,14,18
Europe\shard0_23616.jpg,outdoor,Europe,Europe,13,19
Europe\shard0_02351.jpg,outdoor,Europe,Europe,13,18
Europe\shard0_24445.jpg,outdoor,Europe,Europe,14,19
Europe\shard0_15487.jpg,outdoor,Europe,Europe,13,17
Europe\shard0_21297.jpg,outdoor,Europe,Europe,14,21
Europe\shard0_23348.jpg,outdoor,Europe,Europe,12,20
Europe\shard0_19709.jpg,outdoor,Europe,Europe,14,17
Europe\shard0_11405.jpg,outdoor,Europe,Europe,14,18
Europe\shard0_29580.jpg,outdoor,Europe,Europe,14,28
Europe\shard0_09206.jpg,outdoor,Europe,Europe,13,19
Europe\shard0_22306.jpg,outdoor,Europe,Europe,14,17
Europe\shard0_14759.jpg,outdoor,Europe,Europe,12,17
Europe\shard0_13478.jpg,outdoor,Europe,Europe,13,21
Europe\shard0_15162.jpg,outdoor,Europe,Europe,13,19
Europe\shard0_16266.jpg,outdoor,Europe,Europe,14,20
Europe\shard0_26945.jpg,outdoor,Europe,Europe,13,18
Europe\shard0_27602.jpg,outdoor,Europe,Europe,13,20
Europe\shard0_08553.jpg,outdoor,Europe,Europe,14,18
Europe\shard0_27747.jpg,outdoor,Europe,Europe,14,17
Europe\shard0_20144.jpg,outdoor,Europe,Europe,14,18
Europe\shard0_06148.jpg,outdoor,Europe,Europe,14,19
Europe\shard0_16005.jpg,outdoor,Europe,Europe,14,17
Europe\shard0_04468.jpg,outdoor,Europe,Europe,13,19
Europe\shard0_10895.jpg,outdoor,Europe,Europe,14,17
Europe\shard0_24978.jpg,outdoor,Europe,Europe,13,18
Europe\shard0_11649.jpg,outdoor,Europe,Europe,14,17
Europe\shard0_09837.jpg,outdoor,Europe,Europe,14,17
Europe\shard0_23578.jpg,outdoor,Europe,Europe,14,19
Europe\shard0_13575.jpg,outdoor,Europe,Europe,13,18
Europe\shard0_02700.jpg,outdoor,Europe,Europe,14,17
Europe\shard0_10968.jpg,outdoor,Europe,Europe,13,18
Europe\shard0_13149.jpg,outdoor,Europe,Europe,15,20
Europe\shard0_02884.jpg,outdoor,Europe,Europe,14,17
Europe\shard0_01601.jpg,outdoor,Europe,Europe,14,17
Europe\shard0_12292.jpg,outdoor,Europe,Europe,14,17
Europe\shard0_05990.jpg,outdoor,Europe,Europe,13,18
Europe\shard0_22682.jpg,outdoor,Europe,Europe,15,16
Europe\shard0_03241.jpg,outdoor,Europe,Europe,12,17
Europe\shard0_12793.jpg,outdoor,Europe,Europe,13,18
Europe\shard0_15549.jpg,outdoor,Europe,Europe,14,17
Europe\shard0_02446.jpg,outdoor,Europe,Europe,14,18
Europe\shard0_00424.jpg,outdoor,Europe,Europe,14,17
Europe\shard0_01623.jpg,outdoor,Europe,Europe,14,18
Europe\shard0_12000.jpg,outdoor,Europe,Europe,14,19
Europe\shard0_06374.jpg,outdoor,Europe,Europe,13,19
Europe\shard0_26724.jpg,outdoor,Europe,Europe,14,17
Europe\shard0_29742.jpg,outdoor,Europe,Europe,14,18
Europe\shard0_16484.jpg,outdoor,Europe,Europe,14,18
Europe\shard0_11329.jpg,outdoor,Europe,Europe,14,17
Europe\shard0_28090.jpg,outdoor,Europe,Europe,15,18
Europe\shard0_08349.jpg,outdoor,Europe,Europe,14,19
Europe\shard0_02970.jpg,outdoor,Europe,Europe,14,17
Europe\shard0_09991.jpg,outdoor,Europe,Europe,14,18
Europe\shard0_15540.jpg,outdoor,Europe,Europe,13,18
Europe\shard0_13237.jpg,outdoor,Europe,Europe,13,18
Europe\shard0_22583.jpg,outdoor,Europe,Europe,13,18
Europe\shard0_16124.jpg,outdoor,Europe,Europe,14,17
Europe\shard0_09614.jpg,outdoor,Europe,Europe,14,17
Europe\shard0_17312.jpg,outdoor,Europe,Europe,12,17
Europe\shard0_04196.jpg,outdoor,Europe,Europe,13,17
Europe\shard0_15363.jpg,outdoor,Europe,Europe,13,18
Europe\shard0_20965.jpg,outdoor,Europe,Europe,15,16
Europe\shard0_21879.jpg,outdoor,Europe,Europe,14,17
Europe\shard0_21287.jpg,outdoor,Europe,Europe,13,19
Europe\shard0_22619.jpg,outdoor,Europe,Europe,13,19
Europe\shard0_13695.jpg,outdoor,Europe,Europe,13,19
Europe\shard0_10722.jpg,outdoor,Europe,Europe,14,17
Europe\shard0_20067.jpg,outdoor,Europe,Europe,13,18
Europe\shard0_15673.jpg,outdoor,Europe,Europe,13,18
Europe\shard0_06143.jpg,outdoor,Europe,Europe,14,19
Europe\shard0_09556.jpg,outdoor,Europe,Europe,14,17
Europe\shard0_14668.jpg,outdoor,Europe,Europe,13,18
Europe\shard0_27058.jpg,outdoor,Europe,Europe,14,17
Europe\shard0_27872.jpg,outdoor,Europe,Europe,14,17
Europe\shard0_06631.jpg,outdoor,Europe,Europe,14,19
Europe\shard0_03375.jpg,outdoor,Europe,Europe,14,17
Europe\shard0_13872.jpg,outdoor,Europe,Europe,13,19
Europe\shard0_24832.jpg,outdoor,Europe,Europe,13,18
Europe\shard0_03556.jpg,outdoor,Europe,Europe,13,19
Europe\shard0_18127.jpg,outdoor,Europe,Europe,14,17
Europe\shard0_25256.jpg,outdoor,Europe,Europe,14,18
Europe\shard0_23183.jpg,outdoor,Europe,Europe,9,12
Europe\shard0_01327.jpg,outdoor,Europe,Europe,12,20
Europe\shard0_11123.jpg,outdoor,Europe,Europe,14,18
Europe\shard0_12071.jpg,outdoor,Europe,Europe,13,19
Europe\shard0_18210.jpg,outdoor,Europe,Europe,14,19
Europe\shard0_05370.jpg,outdoor,Europe,Europe,13,18
Europe\shard0_03994.jpg,outdoor,Europe,Europe,15,16
Europe\shard0_10992.jpg,outdoor,Europe,Europe,13,18
Europe\shard0_06396.jpg,outdoor,Europe,Europe,13,17
Europe\shard0_09791.jpg,outdoor,Europe,Europe,14,17
Europe\shard0_14615.jpg,outdoor,Europe,Europe,14,17
Europe\shard0_27324.jpg,outdoor,Europe,Europe,14,17
Europe\shard0_12735.jpg,outdoor,Europe,Europe,14,18
Europe\shard0_28771.jpg,outdoor,Europe,Europe,13,18
Europe\shard0_23166.jpg,outdoor,Europe,Europe,13,20
Europe\shard0_26399.jpg,outdoor,Europe,Europe,13,19
Europe\shard0_23187.jpg,outdoor,Europe,Europe,13,19
Europe\shard0_08309.jpg,outdoor,Europe,Europe,14,19
Europe\shard0_17564.jpg,outdoor,Europe,Europe,14,18
Europe\shard0_29317.jpg,outdoor,Europe,Europe,13,19
Europe\shard0_21353.jpg,outdoor,Europe,Europe,13,18
Europe\shard0_06411.jpg,outdoor,Europe,Europe,14,17
Europe\shard0_18324.jpg,outdoor,Europe,Europe,13,20
Europe\shard0_25614.jpg,outdoor,Europe,Europe,14,19
Europe\shard0_09770.jpg,outdoor,Europe,Europe,12,20
Europe\shard0_26175.jpg,outdoor,Europe,Europe,13,18
Europe\shard0_08992.jpg,outdoor,Europe,Europe,13,17
Europe\shard0_11574.jpg,outdoor,Europe,Europe,13,18
Europe\shard0_21068.jpg,outdoor,Europe,Europe,13,19
Europe\shard0_28461.jpg,outdoor,Europe,Europe,14,19
Europe\shard0_11959.jpg,outdoor,Europe,Europe,14,18
Europe\shard0_20076.jpg,outdoor,Europe,Europe,13,18
Europe\shard0_23136.jpg,outdoor,Europe,Europe,14,17
Europe\shard0_08549.jpg,outdoor,Europe,Europe,14,17
Europe\shard0_20249.jpg,outdoor,Europe,Europe,14,19
Europe\shard0_12167.jpg,outdoor,Europe,Europe,13,19
Europe\shard0_20592.jpg,outdoor,Europe,Europe,14,19
Europe\shard0_28438.jpg,outdoor,Europe,Europe,13,18
Europe\shard0_15857.jpg,outdoor,Europe,Europe,14,19
Europe\shard0_13176.jpg,outdoor,Europe,Europe,13,18
Europe\shard0_10733.jpg,outdoor,Europe,Europe,14,18
Europe\shard0_20209.jpg,outdoor,Europe,Europe,13,19
Europe\shard0_13734.jpg,outdoor,Europe,Europe,14,17
Europe\shard0_06590.jpg,outdoor,Europe,Europe,13,18
Europe\shard0_16770.jpg,outdoor,Europe,Europe,14,18
Europe\shard0_12293.jpg,outdoor,Europe,Europe,14,17
Europe\shard0_09071.jpg,outdoor,Europe,Europe,13,19
Europe\shard0_27726.jpg,outdoor,Europe,Europe,14,17
Europe\shard0_27463.jpg,outdoor,Europe,Europe,14,17
Europe\shard0_02309.jpg,outdoor,Europe,Europe,14,17
Europe\shard0_05805.jpg,outdoor,Europe,Europe,13,17
Europe\shard0_18941.jpg,outdoor,Europe,Europe,14,19
Europe\shard0_15949.jpg,outdoor,Europe,Europe,13,18
Europe\shard0_21028.jpg,outdoor,Europe,Europe,13,18
Europe\shard0_13114.jpg,outdoor,Europe,Europe,15,15
Europe\shard0_19794.jpg,outdoor,Europe,Europe,14,18
Europe\shard0_18093.jpg,outdoor,Europe,Europe,13,18
Europe\shard0_14352.jpg,outdoor,Europe,Europe,13,19
Europe\shard0_02202.jpg,outdoor,Europe,Europe,14,18
Europe\shard0_20778.jpg,outdoor,Europe,Europe,14,19
Europe\shard0_20699.jpg,outdoor,Europe,Europe,14,17
Europe\shard0_11151.jpg,outdoor,Europe,Europe,14,17
Europe\shard0_02039.jpg,outdoor,Europe,Europe,13,18
Europe\shard0_18640.jpg,outdoor,Europe,Europe,13,18
Europe\shard0_04269.jpg,outdoor,Europe,Europe,14,19
Europe\shard0_06529.jpg,outdoor,Europe,Europe,13,19
Europe\shard0_03977.jpg,outdoor,Europe,Europe,13,18
Europe\shard0_07710.jpg,outdoor,Europe,Europe,14,18
Europe\shard0_04616.jpg,outdoor,Europe,Europe,15,18
Europe\shard0_11115.jpg,outdoor,Europe,Europe,13,19
Europe\shard0_23437.jpg,outdoor,Europe,Europe,13,19
Europe\shard0_00430.jpg,outdoor,Europe,Europe,13,20
Europe\shard0_02938.jpg,outdoor,Europe,Europe,14,17
Europe\shard0_28894.jpg,outdoor,Europe,Europe,14,17
Europe\shard0_23880.jpg,outdoor,Europe,Europe,13,19
Europe\shard0_20553.jpg,outdoor,Europe,Europe,14,18
Europe\shard0_14371.jpg,outdoor,Europe,Europe,13,18
Europe\shard0_23287.jpg,outdoor,Europe,Europe,14,17
Europe\shard0_03267.jpg,outdoor,Europe,Europe,14,18
Europe\shard0_00447.jpg,outdoor,Europe,Europe,14,17
Europe\shard0_18737.jpg,outdoor,Europe,Europe,13,19
Europe\shard0_28723.jpg,outdoor,Europe,Europe,13,19
Europe\shard0_28528.jpg,outdoor,Europe,Europe,13,17
Europe\shard0_29678.jpg,outdoor,Europe,Europe,14,18
Europe\shard0_02518.jpg,outdoor,Europe,Europe,13,18
Europe\shard0_17626.jpg,outdoor,Europe,Europe,13,18
Europe\shard0_17242.jpg,outdoor,Europe,Europe,12,20
Europe\shard0_26932.jpg,outdoor,Europe,Europe,14,19
Europe\shard0_27584.jpg,outdoor,Europe,Europe,14,21
Europe\shard0_27738.jpg,outdoor,Europe,Europe,14,17
Europe\shard0_16313.jpg,outdoor,Europe,Europe,13,19
Europe\shard0_27794.jpg,outdoor,Europe,Europe,13,18
Europe\shard0_03900.jpg,outdoor,Europe,Europe,13,19
Europe\shard0_03466.jpg,outdoor,Europe,Europe,13,17
Europe\shard0_19221.jpg,outdoor,Europe,Europe,14,19
Europe\shard0_21043.jpg,outdoor,Europe,Europe,14,19
Europe\shard0_20725.jpg,outdoor,Europe,Europe,13,18
Europe\shard0_00011.jpg,outdoor,Europe,Europe,13,18
Europe\shard0_11944.jpg,outdoor,Europe,Europe,13,18
Europe\shard0_22462.jpg,outdoor,Europe,Europe,15,20
Europe\shard0_12191.jpg,outdoor,Europe,Europe,13,20
Europe\shard0_25276.jpg,outdoor,Europe,Europe,13,19
Europe\shard0_10425.jpg,outdoor,Europe,Europe,13,17
Europe\shard0_09801.jpg,outdoor,Europe,Europe,14,17
Europe\shard0_20509.jpg,outdoor,Europe,Europe,14,17
Europe\shard0_15169.jpg,outdoor,Europe,Europe,14,17
Europe\shard0_19543.jpg,outdoor,Europe,Europe,13,18
Europe\shard0_18820.jpg,outdoor,Europe,Europe,13,18
Europe\shard0_06756.jpg,outdoor,Europe,Europe,12,17
Europe\shard0_25477.jpg,outdoor,Europe,Europe,13,20
Europe\shard0_26578.jpg,outdoor,Europe,Europe,14,17
Europe\shard0_25509.jpg,outdoor,Europe,Europe,15,18
Europe\shard0_24795.jpg,outdoor,Europe,Europe,13,19
Europe\shard0_04607.jpg,outdoor,Europe,Europe,14,19
Europe\shard0_12777.jpg,outdoor,Europe,Europe,14,17
Europe\shard0_02272.jpg,outdoor,Europe,Europe,14,18
Europe\shard0_14766.jpg,outdoor,Europe,Europe,14,20
Europe\shard0_14636.jpg,outdoor,Europe,Europe,12,17
Europe\shard0_16323.jpg,outdoor,Europe,Europe,14,17
Europe\shard0_03389.jpg,outdoor,Europe,Europe,14,18
Europe\shard0_07940.jpg,outdoor,Europe,Europe,14,24
Europe\shard0_10861.jpg,outdoor,Europe,Europe,14,17
Europe\shard0_23351.jpg,outdoor,Europe,Europe,14,19
Europe\shard0_19526.jpg,outdoor,Europe,Europe,14,19
Europe\shard0_20688.jpg,outdoor,Europe,Europe,13,19
Europe\shard0_04688.jpg,outdoor,Europe,Europe,13,17
Europe\shard0_26161.jpg,outdoor,Europe,Europe,14,17
Europe\shard0_23636.jpg,outdoor,Europe,Europe,14,17
Europe\shard0_03824.jpg,outdoor,Europe,Europe,13,19
Europe\shard0_10575.jpg,outdoor,Europe,Europe,13,18
Europe\shard0_17728.jpg,outdoor,Europe,Europe,14,17
Europe\shard0_26343.jpg,outdoor,Europe,Europe,13,19
Europe\shard0_15142.jpg,outdoor,Europe,Europe,14,17
Europe\shard0_09349.jpg,outdoor,Europe,Europe,13,18
Europe\shard0_16177.jpg,outdoor,Europe,Europe,14,18
Europe\shard0_18850.jpg,outdoor,Europe,Europe,13,17
Europe\shard0_16261.jpg,outdoor,Europe,Europe,14,21
Europe\shard0_11547.jpg,outdoor,Europe,Europe,14,17
Europe\shard0_22227.jpg,outdoor,Europe,Europe,13,19
Europe\shard0_27592.jpg,outdoor,Europe,Europe,14,17
Europe\shard0_02086.jpg,outdoor,Europe,Europe,14,17
Europe\shard0_09666.jpg,outdoor,Europe,Europe,14,18
Europe\shard0_19927.jpg,outdoor,Europe,Europe,13,18
Europe\shard0_07261.jpg,outdoor,Europe,Europe,14,18
Europe\shard0_23576.jpg,outdoor,Europe,Europe,14,17
Europe\shard0_02126.jpg,outdoor,Europe,Europe,14,17
Europe\shard0_10961.jpg,outdoor,Europe,Europe,14,17
Europe\shard0_22888.jpg,outdoor,Europe,Europe,13,17
Europe\shard0_22091.jpg,outdoor,Europe,Europe,12,17
Europe\shard0_17152.jpg,outdoor,Europe,Europe,13,17
Europe\shard0_12391.jpg,outdoor,Europe,Europe,14,17
Europe\shard0_03089.jpg,outdoor,Europe,Europe,13,19
Europe\shard0_15913.jpg,outdoor,Europe,Europe,14,18
Europe\shard0_05593.jpg,outdoor,Europe,Europe,14,18
Europe\shard0_09937.jpg,outdoor,Europe,Europe,14,19
Europe\shard0_00623.jpg,outdoor,Europe,Europe,14,18
Europe\shard0_11804.jpg,outdoor,Europe,Europe,13,19
Europe\shard0_06627.jpg,outdoor,Europe,Europe,14,17
Europe\shard0_11356.jpg,outdoor,Europe,Europe,14,17
Europe\shard0_29734.jpg,outdoor,Europe,Europe,14,17
Europe\shard0_18618.jpg,outdoor,Europe,Europe,13,19
Europe\shard0_15188.jpg,outdoor,Europe,Europe,14,19
Europe\shard0_10696.jpg,outdoor,Europe,Europe,13,19
Europe\shard0_07536.jpg,outdoor,Europe,Europe,13,19
Europe\shard0_21496.jpg,outdoor,Europe,Europe,14,17
Europe\shard0_02247.jpg,outdoor,Europe,Europe,14,17
Europe\shard0_26565.jpg,outdoor,Europe,Europe,14,18
Europe\shard0_23091.jpg,outdoor,Europe,Europe,14,18
Europe\shard0_07165.jpg,outdoor,Europe,Europe,13,17
Europe\shard0_08301.jpg,outdoor,Europe,Europe,13,19
Europe\shard0_00502.jpg,outdoor,Europe,Europe,14,19
Europe\shard0_13312.jpg,outdoor,Europe,Europe,14,17
Europe\shard0_13042.jpg,outdoor,Europe,Europe,12,20
Europe\shard0_29888.jpg,outdoor,Europe,Europe,13,19
Europe\shard0_23996.jpg,outdoor,Europe,Europe,12,19
Europe\shard0_11670.jpg,outdoor,Europe,Europe,13,17
Europe\shard0_03850.jpg,outdoor,Europe,Europe,14,19
Europe\shard0_09092.jpg,outdoor,Europe,Europe,14,17
Europe\shard0_00723.jpg,outdoor,Europe,Europe,14,17
Europe\shard0_04563.jpg,outdoor,Europe,Europe,13,18
Europe\shard0_20191.jpg,outdoor,Europe,Europe,14,17
Europe\shard0_02783.jpg,outdoor,Europe,Europe,14,17
Europe\shard0_28724.jpg,outdoor,Europe,Europe,14,17
Europe\shard0_02406.jpg,outdoor,Europe,Europe,13,18
Europe\shard0_16898.jpg,outdoor,Europe,Europe,14,17
Europe\shard0_01181.jpg,outdoor,Europe,Europe,13,19
Europe\shard0_26269.jpg,outdoor,Europe,Europe,14,17
Europe\shard0_13400.jpg,outdoor,Europe,Europe,13,18
Europe\shard0_28983.jpg,outdoor,Europe,Europe,14,17
Europe\shard0_04173.jpg,outdoor,Europe,Europe,12,17
Europe\shard0_29178.jpg,outdoor,Europe,Europe,13,19
Europe\shard0_29423.jpg,outdoor,Europe,Europe,14,17
Europe\shard0_10071.jpg,outdoor,Europe,Europe,14,17
Europe\shard0_29934.jpg,outdoor,Europe,Europe,13,18
Europe\shard0_04200.jpg,outdoor,Europe,Europe,12,17
Europe\shard0_09905.jpg,outdoor,Europe,Europe,13,19
Europe\shard0_08791.jpg,outdoor,Europe,Europe,13,18
Europe\shard0_04968.jpg,outdoor,Europe,Europe,13,18
Europe\shard0_00052.jpg,outdoor,Europe,Europe,14,17
Europe\shard0_12180.jpg,outdoor,Europe,Europe,13,19
Europe\shard0_29900.jpg,outdoor,Europe,Europe,14,21
Europe\shard0_18313.jpg,outdoor,Europe,Europe,13,17
Europe\shard0_18742.jpg,outdoor,Europe,Europe,13,18
Europe\shard0_03223.jpg,outdoor,Europe,Europe,14,17
Europe\shard0_11994.jpg,outdoor,Europe,Europe,13,18
Europe\shard0_28758.jpg,outdoor,Europe,Europe,14,17
Europe\shard0_22117.jpg,outdoor,Europe,Europe,14,19
Europe\shard0_03760.jpg,outdoor,Europe,Europe,13,18
Europe\shard0_27780.jpg,outdoor,Europe,Europe,13,17
Europe\shard0_25386.jpg,outdoor,Europe,Europe,12,17
Europe\shard0_19357.jpg,outdoor,Europe,Europe,14,20
Europe\shard0_00875.jpg,outdoor,Europe,Europe,14,19
Europe\shard0_24288.jpg,outdoor,Europe,Europe,13,20
Europe\shard0_13163.jpg,outdoor,Europe,Europe,13,19
Europe\shard0_23232.jpg,outdoor,Europe,Europe,15,15
Europe\shard0_09785.jpg,outdoor,Europe,Europe,14,17
Europe\shard0_02212.jpg,outdoor,Europe,Europe,14,19
Europe\shard0_13465.jpg,outdoor,Europe,Europe,14,18
Europe\shard0_25165.jpg,outdoor,Europe,Europe,14,17
Europe\shard0_24321.jpg,outdoor,Europe,Europe,14,19
Europe\shard0_06653.jpg,outdoor,Europe,Europe,13,17
Europe\shard0_27270.jpg,outdoor,Europe,Europe,14,18
Europe\shard0_04101.jpg,outdoor,Europe,Europe,14,17
Europe\shard0_13488.jpg,outdoor,Europe,Europe,14,17
Europe\shard0_18019.jpg,outdoor,Europe,Europe,13,18
Europe\shard0_03731.jpg,outdoor,Europe,Europe,14,17
Europe\shard0_29886.jpg,outdoor,Europe,Europe,14,18
Europe\shard0_10705.jpg,outdoor,Europe,Europe,12,17
Europe\shard0_29460.jpg,outdoor,Europe,Europe,13,18
Europe\shard0_18671.jpg,outdoor,Europe,Europe,13,18
Europe\shard0_28990.jpg,outdoor,Europe,Europe,13,19
Europe\shard0_04874.jpg,outdoor,Europe,Europe,13,18
Europe\shard0_20855.jpg,outdoor,Europe,Europe,13,18
Europe\shard0_21774.jpg,outdoor,Europe,Europe,13,18
Europe\shard0_28648.jpg,outdoor,Europe,Europe,13,19
Europe\shard0_06020.jpg,outdoor,Europe,Europe,13,19
Europe\shard0_15622.jpg,outdoor,Europe,Europe,13,17
Europe\shard0_29638.jpg,outdoor,Europe,Europe,13,19
Europe\shard0_05179.jpg,outdoor,Europe,Europe,14,17
Europe\shard0_29372.jpg,outdoor,Europe,Europe,13,18
Europe\shard0_27504.jpg,outdoor,Europe,Europe,13,19
Europe\shard0_22494.jpg,outdoor,Europe,Europe,15,20
Europe\shard0_00640.jpg,outdoor,Europe,Europe,13,18
Europe\shard0_15935.jpg,outdoor,Europe,Europe,13,18
Europe\shard0_22887.jpg,outdoor,Europe,Europe,14,17
Europe\shard0_03737.jpg,outdoor,Europe,Europe,13,18
Europe\shard0_14872.jpg,outdoor,Europe,Europe,16,19
Europe\shard0_12650.jpg,outdoor,Europe,Europe,14,17
Europe\shard0_11233.jpg,outdoor,Europe,Europe,13,18
Europe\shard0_14826.jpg,outdoor,Europe,Europe,14,18
Europe\shard0_17489.jpg,outdoor,Europe,Europe,14,17
Europe\shard0_19723.jpg,outdoor,Europe,Europe,14,20
Europe\shard0_23667.jpg,outdoor,Europe,Europe,14,17
Europe\shard0_11595.jpg,outdoor,Europe,Europe,14,19
Europe\shard0_23552.jpg,outdoor,Europe,Europe,13,18
Europe\shard0_08771.jpg,outdoor,Europe,Europe,13,19
Europe\shard0_00380.jpg,outdoor,Europe,Europe,14,17
Europe\shard0_29220.jpg,outdoor,Europe,Europe,14,17
Europe\shard0_10035.jpg,outdoor,Europe,Europe,14,17
Europe\shard0_12414.jpg,outdoor,Europe,Europe,13,18
Europe\shard0_00977.jpg,outdoor,Europe,Europe,14,18
Europe\shard0_15395.jpg,outdoor,Europe,Europe,13,17
Europe\shard0_16550.jpg,outdoor,Europe,Europe,13,19
Europe\shard0_05735.jpg,outdoor,Europe,Europe,13,18
Europe\shard0_21888.jpg,outdoor,Europe,Europe,14,19
Europe\shard0_06477.jpg,outdoor,Europe,Europe,14,17
Europe\shard0_18437.jpg,outdoor,Europe,Europe,13,18
Europe\shard0_18620.jpg,outdoor,Europe,Europe,13,17
Europe\shard0_15633.jpg,outdoor,Europe,Europe,13,18
Europe\shard0_06659.jpg,outdoor,Europe,Europe,12,17
Europe\shard0_12441.jpg,outdoor,Europe,Europe,14,18
Europe\shard0_24410.jpg,outdoor,Europe,Europe,13,17
Europe\shard0_24801.jpg,outdoor,Europe,Europe,12,19
Europe\shard0_17732.jpg,outdoor,Europe,Europe,13,18
Europe\shard0_04630.jpg,outdoor,Europe,Europe,13,21
Europe\shard0_08962.jpg,outdoor,Europe,Europe,13,17
Europe\shard0_27556.jpg,outdoor,Europe,Europe,14,17
Europe\shard0_06608.jpg,outdoor,Europe,Europe,13,19
Europe\shard0_12373.jpg,outdoor,Europe,Europe,14,24
Europe\shard0_08264.jpg,outdoor,Europe,Europe,14,20
Europe\shard0_28359.jpg,outdoor,Europe,Europe,14,19
Europe\shard0_16037.jpg,outdoor,Europe,Europe,14,17
Europe\shard0_29288.jpg,outdoor,Europe,Europe,14,18
Europe\shard0_12143.jpg,outdoor,Europe,Europe,13,18
Europe\shard0_17947.jpg,outdoor,Europe,Europe,12,20
Europe\shard0_14574.jpg,outdoor,Europe,Europe,13,18
Europe\shard0_25237.jpg,outdoor,Europe,Europe,14,19
Europe\shard0_21404.jpg,outdoor,Europe,Europe,13,18
Europe\shard0_27847.jpg,outdoor,Europe,Europe,14,17
Europe\shard0_08218.jpg,outdoor,Europe,Europe,13,18
Europe\shard0_19731.jpg,outdoor,Europe,Europe,13,19
Europe\shard0_14215.jpg,outdoor,Europe,Europe,14,17
Europe\shard0_29623.jpg,outdoor,Europe,Europe,13,17
Europe\shard0_02464.jpg,outdoor,Europe,Europe,14,18
Europe\shard0_25647.jpg,outdoor,Europe,Europe,15,20
Europe\shard0_28953.jpg,outdoor,Europe,Europe,13,20
Europe\shard0_23206.jpg,outdoor,Europe,Europe,14,19
Europe\shard0_01029.jpg,outdoor,Europe,Europe,13,18
Europe\shard0_22615.jpg,outdoor,Europe,Europe,14,18
Europe\shard0_13213.jpg,outdoor,Europe,Europe,13,17
Europe\shard0_15924.jpg,outdoor,Europe,Europe,13,18
Europe\shard0_21877.jpg,outdoor,Europe,Europe,14,19
Europe\shard0_24799.jpg,outdoor,Europe,Europe,13,19
Europe\shard0_23860.jpg,outdoor,Europe,Europe,13,19
Europe\shard0_26165.jpg,outdoor,Europe,Europe,14,17
Europe\shard0_07101.jpg,outdoor,Europe,Europe,14,17
Europe\shard0_18676.jpg,outdoor,Europe,Europe,14,19
Europe\shard0_29928.jpg,outdoor,Europe,Europe,13,18
Europe\shard0_09401.jpg,outdoor,Europe,Europe,13,19
Europe\shard0_26518.jpg,outdoor,Europe,Europe,14,19
Europe\shard0_22735.jpg,outdoor,Europe,Europe,13,18
Europe\shard0_07833.jpg,outdoor,Europe,Europe,14,17
Europe\shard0_11671.jpg,outdoor,Europe,Europe,13,19
Europe\shard0_01902.jpg,outdoor,Europe,Europe,14,17
Europe\shard0_07271.jpg,outdoor,Europe,Europe,14,17
Europe\shard0_06814.jpg,outdoor,Europe,Europe,13,18
Europe\shard0_11401.jpg,outdoor,Europe,Europe,13,19
Europe\shard0_12571.jpg,outdoor,Europe,Europe,14,19
Europe\shard0_00582.jpg,outdoor,Europe,Europe,13,19
Europe\shard0_22248.jpg,outdoor,Europe,Europe,13,19
Europe\shard0_07951.jpg,outdoor,Europe,Europe,14,17
Europe\shard0_05445.jpg,outdoor,Europe,Europe,14,19
Europe\shard0_25851.jpg,outdoor,Europe,Europe,14,18
Europe\shard0_23809.jpg,outdoor,Europe,Europe,14,17
Europe\shard0_28085.jpg,outdoor,Europe,Europe,13,17
Europe\shard0_10977.jpg,outdoor,Europe,Europe,13,19
Europe\shard0_02632.jpg,outdoor,Europe,Europe,14,19
Europe\shard0_07058.jpg,outdoor,Europe,Europe,13,18
Europe\shard0_09865.jpg,outdoor,Europe,Europe,13,18
Europe\shard0_13329.jpg,outdoor,Europe,Europe,13,18
Europe\shard0_16926.jpg,outdoor,Europe,Europe,14,17
Europe\shard0_04605.jpg,outdoor,Europe,Europe,14,19
Europe\shard0_12821.jpg,outdoor,Europe,Europe,13,18
Europe\shard0_02422.jpg,outdoor,Europe,Europe,13,19
Europe\shard0_24770.jpg,outdoor,Europe,Europe,13,19
Europe\shard0_27278.jpg,outdoor,Europe,Europe,13,17
Europe\shard0_14009.jpg,outdoor,Europe,Europe,14,17
Europe\shard0_07708.jpg,outdoor,Europe,Europe,13,17
Europe\shard0_28185.jpg,outdoor,Europe,Europe,14,19
Europe\shard0_00753.jpg,outdoor,Europe,Europe,13,19
Europe\shard0_11466.jpg,outdoor,Europe,Europe,14,17
Europe\shard0_09207.jpg,outdoor,Europe,Europe,13,18
Europe\shard0_17324.jpg,outdoor,Europe,Europe,12,17
Europe\shard0_03018.jpg,outdoor,Europe,Europe,12,17
Europe\shard0_17729.jpg,outdoor,Europe,Europe,13,18
Europe\shard0_16624.jpg,outdoor,Europe,Europe,12,18
Europe\shard0_12751.jpg,outdoor,Europe,Europe,14,17
Europe\shard0_00772.jpg,outdoor,Europe,Europe,13,18
Europe\shard0_13743.jpg,outdoor,Europe,Europe,14,19
Europe\shard0_19539.jpg,outdoor,Europe,Europe,13,18
Europe\shard0_25213.jpg,outdoor,Europe,Europe,12,18
Europe\shard0_21878.jpg,outdoor,Europe,Europe,14,21
Europe\shard0_06813.jpg,outdoor,Europe,Europe,12,17
Europe\shard0_22841.jpg,outdoor,Europe,Europe,12,19
Europe\shard0_10871.jpg,outdoor,Europe,Europe,14,18
Europe\shard0_06712.jpg,outdoor,Europe,Europe,14,17
Europe\shard0_20506.jpg,outdoor,Europe,Europe,13,19
Europe\shard0_20820.jpg,outdoor,Europe,Europe,15,20
Europe\shard0_22733.jpg,outdoor,Europe,Europe,13,18
Europe\shard0_13612.jpg,outdoor,Europe,Europe,14,19
Europe\shard0_25795.jpg,outdoor,Europe,Europe,13,19
Europe\shard0_23093.jpg,outdoor,Europe,Europe,13,18
Europe\shard0_03392.jpg,outdoor,Europe,Europe,14,17
Europe\shard0_22435.jpg,outdoor,Europe,Europe,14,17
Europe\shard0_25116.jpg,outdoor,Europe,Europe,14,17
Europe\shard0_18681.jpg,outdoor,Europe,Europe,14,17
Europe\shard0_16071.jpg,outdoor,Europe,Europe,13,19
Europe\shard0_08612.jpg,outdoor,Europe,Europe,14,17
Europe\shard0_02780.jpg,outdoor,Europe,Europe,14,17
Europe\shard0_29727.jpg,outdoor,Europe,Europe,13,17
Europe\shard0_11766.jpg,outdoor,Europe,Europe,12,17
Europe\shard0_14483.jpg,outdoor,Europe,Europe,14,18
Europe\shard0_06414.jpg,outdoor,Europe,Europe,13,18
Europe\shard0_28824.jpg,outdoor,Europe,Europe,13,17
Europe\shard0_13535.jpg,outdoor,Europe,Europe,14,17
Europe\shard0_14007.jpg,outdoor,Europe,Europe,13,19
Europe\shard0_05144.jpg,outdoor,Europe,Europe,15,15
Europe\shard0_18384.jpg,outdoor,Europe,Europe,14,17
Europe\shard0_26045.jpg,outdoor,Europe,Europe,14,17
Europe\shard0_22183.jpg,outdoor,Europe,Europe,13,19
Europe\shard0_07316.jpg,outdoor,Europe,Europe,13,19
Europe\shard0_20766.jpg,outdoor,Europe,Europe,15,20
Europe\shard0_14740.jpg,outdoor,Europe,Europe,13,18
Europe\shard0_12945.jpg,outdoor,Europe,Europe,12,17
Europe\shard0_29916.jpg,outdoor,Europe,Europe,14,19
Europe\shard0_22587.jpg,outdoor,Europe,Europe,13,18
Europe\shard0_14661.jpg,outdoor,Europe,Europe,14,17
Europe\shard0_13485.jpg,outdoor,Europe,Europe,13,19
Europe\shard0_08027.jpg,outdoor,Europe,Europe,13,17
Europe\shard0_02661.jpg,outdoor,Europe,Europe,14,17
Europe\shard0_18846.jpg,outdoor,Europe,Europe,13,19
Europe\shard0_21152.jpg,outdoor,Europe,Europe,14,18
Europe\shard0_14682.jpg,outdoor,Europe,Europe,14,17
Europe\shard0_17395.jpg,outdoor,Europe,Europe,13,18
Europe\shard0_18708.jpg,outdoor,Europe,Europe,14,17
Europe\shard0_21853.jpg,outdoor,Europe,Europe,13,18
Europe\shard0_21987.jpg,outdoor,Europe,Europe,13,18
Europe\shard0_02823.jpg,outdoor,Europe,Europe,13,19
Europe\shard0_05106.jpg,outdoor,Europe,Europe,14,17
Europe\shard0_23117.jpg,outdoor,Europe,Europe,13,18
Europe\shard0_20124.jpg,outdoor,Europe,Europe,14,18
Europe\shard0_10459.jpg,outdoor,Europe,Europe,12,17
Europe\shard0_26843.jpg,outdoor,Europe,Europe,13,19
Europe\shard0_15802.jpg,outdoor,Europe,Europe,14,17
Europe\shard0_05197.jpg,outdoor,Europe,Europe,14,20
Europe\shard0_21713.jpg,outdoor,Europe,Europe,13,19
Europe\shard0_21753.jpg,outdoor,Europe,Europe,14,18
Europe\shard0_08903.jpg,outdoor,Europe,Europe,13,18
Europe\shard0_12939.jpg,outdoor,Europe,Europe,13,18
Europe\shard0_22071.jpg,outdoor,Europe,Europe,13,17
Europe\shard0_08172.jpg,outdoor,Europe,Europe,13,18
Europe\shard0_06026.jpg,outdoor,Europe,Europe,13,19
Europe\shard0_06527.jpg,outdoor,Europe,Europe,12,17
Europe\shard0_21534.jpg,outdoor,Europe,Europe,14,17
Europe\shard0_29648.jpg,outdoor,Europe,Europe,13,18
Europe\shard0_29763.jpg,outdoor,Europe,Europe,13,19
Europe\shard0_14153.jpg,outdoor,Europe,Europe,13,17
Europe\shard0_22639.jpg,outdoor,Europe,Europe,14,18
Europe\shard0_20399.jpg,outdoor,Europe,Europe,13,18
Europe\shard0_19346.jpg,outdoor,Europe,Europe,13,18
Europe\shard0_10526.jpg,outdoor,Europe,Europe,13,18
Europe\shard0_11960.jpg,outdoor,Europe,Europe,13,19
Europe\shard0_06276.jpg,outdoor,Europe,Europe,14,17
Europe\shard0_26539.jpg,outdoor,Europe,Europe,14,17
Europe\shard0_10680.jpg,outdoor,Europe,Europe,13,18
Europe\shard0_10308.jpg,outdoor,Europe,Europe,14,19
Europe\shard0_23341.jpg,outdoor,Europe,Europe,14,19
Europe\shard0_12329.jpg,outdoor,Europe,Europe,13,18
Europe\shard0_12970.jpg,outdoor,Europe,Europe,13,17
Europe\shard0_06780.jpg,outdoor,Europe,Europe,14,19
Europe\shard0_20938.jpg,outdoor,Europe,Europe,13,20
Europe\shard0_26415.jpg,outdoor,Europe,Europe,13,19
Europe\shard0_04171.jpg,outdoor,Europe,Europe,14,19
Europe\shard0_18283.jpg,outdoor,Europe,Europe,13,18
Europe\shard0_12702.jpg,outdoor,Europe,Europe,14,17
Europe\shard0_06585.jpg,outdoor,Europe,Europe,14,17
Europe\shard0_27265.jpg,outdoor,Europe,Europe,14,17
Europe\shard0_25176.jpg,outdoor,Europe,Europe,14,17
Europe\shard0_26240.jpg,outdoor,Europe,Europe,13,19
Europe\shard0_06908.jpg,outdoor,Europe,Europe,13,19
Europe\shard0_23685.jpg,outdoor,Europe,Europe,14,17
Europe\shard0_16521.jpg,outdoor,Europe,Europe,13,18
Europe\shard0_20290.jpg,outdoor,Europe,Europe,13,18
Europe\shard0_02221.jpg,outdoor,Europe,Europe,13,19
Europe\shard0_29280.jpg,outdoor,Europe,Europe,14,19
Europe\shard0_10909.jpg,outdoor,Europe,Europe,14,17
Europe\shard0_03422.jpg,outdoor,Europe,Europe,14,17
Europe\shard0_05866.jpg,outdoor,Europe,Europe,14,17
Europe\shard0_27832.jpg,outdoor,Europe,Europe,14,18
Europe\shard0_23541.jpg,outdoor,Europe,Europe,13,18
Europe\shard0_20347.jpg,outdoor,Europe,Europe,13,18
Europe\shard0_00781.jpg,outdoor,Europe,Europe,14,19
Europe\shard0_17701.jpg,outdoor,Europe,Europe,14,17
Europe\shard0_27485.jpg,outdoor,Europe,Europe,14,18
Europe\shard0_03452.jpg,outdoor,Europe,Europe,13,22
Europe\shard0_17715.jpg,outdoor,Europe,Europe,14,18
Europe\shard0_27345.jpg,outdoor,Europe,Europe,13,18
Europe\shard0_01986.jpg,outdoor,Europe,Europe,14,17
Europe\shard0_29208.jpg,outdoor,Europe,Europe,12,17
Europe\shard0_04041.jpg,outdoor,Europe,Europe,13,18
Europe\shard0_15108.jpg,outdoor,Europe,Europe,14,19
Europe\shard0_10521.jpg,outdoor,Europe,Europe,13,18
Europe\shard0_22019.jpg,outdoor,Europe,Europe,13,19
Europe\shard0_26763.jpg,outdoor,Europe,Europe,13,17
Europe\shard0_20081.jpg,outdoor,Europe,Europe,13,18
Europe\shard0_06146.jpg,outdoor,Europe,Europe,13,19
Europe\shard0_10857.jpg,outdoor,Europe,Europe,13,19
Europe\shard0_23586.jpg,outdoor,Europe,Europe,13,17
Europe\shard0_10686.jpg,outdoor,Europe,Europe,12,17
Europe\shard0_24587.jpg,outdoor,Europe,Europe,14,17
Europe\shard0_03184.jpg,outdoor,Europe,Europe,13,18
Europe\shard0_23059.jpg,outdoor,Europe,Europe,14,17
Europe\shard0_14221.jpg,outdoor,Europe,Europe,14,17
Europe\shard0_09664.jpg,outdoor,Europe,Europe,14,19
Europe\shard0_18143.jpg,outdoor,Europe,Europe,13,19
Europe\shard0_28598.jpg,outdoor,Europe,Europe,14,17
Europe\shard0_12134.jpg,outdoor,Europe,Europe,14,17
Europe\shard0_27989.jpg,outdoor,Europe,Europe,14,20
Europe\shard0_19263.jpg,outdoor,Europe,Europe,13,17
Europe\shard0_23487.jpg,outdoor,Europe,Europe,14,19
Europe\shard0_00763.jpg,outdoor,Europe,Europe,14,17
Europe\shard0_24732.jpg,outdoor,Europe,Europe,14,17
Europe\shard0_12111.jpg,outdoor,Europe,Europe,14,17
Europe\shard0_24334.jpg,outdoor,Europe,Europe,13,19
Europe\shard0_28364.jpg,outdoor,Europe,Europe,14,19
Europe\shard0_09028.jpg,outdoor,Europe,Europe,14,18
Europe\shard0_13936.jpg,outdoor,Europe,Europe,13,17
Europe\shard0_23228.jpg,outdoor,Europe,Europe,12,17
Europe\shard0_17661.jpg,outdoor,Europe,Europe,13,19
Europe\shard0_25402.jpg,outdoor,Europe,Europe,13,19
Europe\shard0_17793.jpg,outdoor,Europe,Europe,13,17
Europe\shard0_22850.jpg,outdoor,Europe,Europe,14,17
Europe\shard0_01525.jpg,outdoor,Europe,Europe,14,18
Europe\shard0_26664.jpg,outdoor,Europe,Europe,12,17
Europe\shard0_22201.jpg,outdoor,Europe,Europe,14,19
Europe\shard0_20869.jpg,outdoor,Europe,Europe,13,19
Europe\shard0_28647.jpg,outdoor,Europe,Europe,14,18
Europe\shard0_05908.jpg,outdoor,Europe,Europe,12,17
Europe\shard0_10528.jpg,outdoor,Europe,Europe,14,19
Europe\shard0_08138.jpg,outdoor,Europe,Europe,12,18
Europe\shard0_20812.jpg,outdoor,Europe,Europe,14,21
Europe\shard0_21598.jpg,outdoor,Europe,Europe,13,18
Europe\shard0_10078.jpg,outdoor,Europe,Europe,14,17
Europe\shard0_00229.jpg,outdoor,Europe,Europe,14,19
Europe\shard0_15295.jpg,outdoor,Europe,Europe,14,19
Europe\shard0_08278.jpg,outdoor,Europe,Europe,14,17
Europe\shard0_20929.jpg,outdoor,Europe,Europe,13,19
Europe\shard0_28571.jpg,outdoor,Europe,Europe,14,17
Europe\shard0_01910.jpg,outdoor,Europe,Europe,13,18
Europe\shard0_01486.jpg,outdoor,Europe,Europe,14,20
Europe\shard0_24967.jpg,outdoor,Europe,Europe,14,17
Europe\shard0_19187.jpg,outdoor,Europe,Europe,13,18
Europe\shard0_25100.jpg,outdoor,Europe,Europe,14,19
Europe\shard0_15650.jpg,outdoor,Europe,Europe,13,18
Europe\shard0_19328.jpg,outdoor,Europe,Europe,14,17
Europe\shard0_04233.jpg,outdoor,Europe,Europe,13,18
Europe\shard0_03481.jpg,outdoor,Europe,Europe,14,17
Europe\shard0_01329.jpg,outdoor,Europe,Europe,14,19
Europe\shard0_27150.jpg,outdoor,Europe,Europe,13,19
Europe\shard0_25434.jpg,outdoor,Europe,Europe,13,17
Europe\shard0_03996.jpg,outdoor,Europe,Europe,14,19
Europe\shard0_05087.jpg,outdoor,Europe,Europe,13,18
Europe\shard0_14935.jpg,outdoor,Europe,Europe,14,19
Europe\shard0_17956.jpg,outdoor,Europe,Europe,13,19
Europe\shard0_13105.jpg,outdoor,Europe,Europe,13,19
Europe\shard0_19453.jpg,outdoor,Europe,Europe,14,19
Europe\shard0_25304.jpg,outdoor,Europe,Europe,13,18
Europe\shard0_03924.jpg,outdoor,Europe,Europe,13,18
Europe\shard0_07937.jpg,outdoor,Europe,Europe,13,19
Europe\shard0_16982.jpg,outdoor,Europe,Europe,14,19
Europe\shard0_00641.jpg,outdoor,Europe,Europe,14,19
Europe\shard0_22402.jpg,outdoor,Europe,Europe,14,17
Europe\shard0_27178.jpg,outdoor,Europe,Europe,14,19
Europe\shard0_25849.jpg,outdoor,Europe,Europe,14,18
Europe\shard0_18938.jpg,outdoor,Europe,Europe,14,18
Europe\shard0_05919.jpg,outdoor,Europe,Europe,14,20
Europe\shard0_15124.jpg,outdoor,Europe,Europe,13,17
Europe\shard0_20747.jpg,outdoor,Europe,Europe,14,17
Europe\shard0_10262.jpg,outdoor,Europe,Europe,14,17
Europe\shard0_13558.jpg,outdoor,Europe,Europe,13,18
Europe\shard0_04007.jpg,outdoor,Europe,Europe,13,17
Europe\shard0_12012.jpg,outdoor,Europe,Europe,13,18
Europe\shard0_15470.jpg,outdoor,Europe,Europe,14,19
Europe\shard0_06231.jpg,outdoor,Europe,Europe,14,19
Europe\shard0_07818.jpg,outdoor,Europe,Europe,13,19
Europe\shard0_12306.jpg,outdoor,Europe,Europe,14,17
Europe\shard0_25036.jpg,outdoor,Europe,Europe,14,17
Europe\shard0_00116.jpg,outdoor,Europe,Europe,13,18
Europe\shard0_15732.jpg,outdoor,Europe,Europe,14,21
Europe\shard0_03043.jpg,outdoor,Europe,Europe,13,17
Europe\shard0_10032.jpg,outdoor,Europe,Europe,13,18
Europe\shard0_05836.jpg,outdoor,Europe,Europe,15,20
Europe\shard0_28087.jpg,outdoor,Europe,Europe,14,17
Europe\shard0_21682.jpg,outdoor,Europe,Europe,14,17
Europe\shard0_24550.jpg,outdoor,Europe,Europe,14,18
Europe\shard0_05422.jpg,outdoor,Europe,Europe,13,18
Europe\shard0_27860.jpg,outdoor,Europe,Europe,13,19
Europe\shard0_10260.jpg,outdoor,Europe,Europe,13,19
Europe\shard0_29658.jpg,outdoor,Europe,Europe,13,17
Europe\shard0_11031.jpg,outdoor,Europe,Europe,14,21
Europe\shard0_08181.jpg,outdoor,Europe,Europe,14,17
Europe\shard0_00937.jpg,outdoor,Europe,Europe,13,18
Europe\shard0_08276.jpg,outdoor,Europe,Europe,15,19
Europe\shard0_09333.jpg,outdoor,Europe,Europe,13,17
Europe\shard0_02371.jpg,outdoor,Europe,Europe,13,19
Europe\shard0_09585.jpg,outdoor,Europe,Europe,12,17
Europe\shard0_21298.jpg,outdoor,Europe,Europe,14,17
Europe\shard0_24861.jpg,outdoor,Europe,Europe,13,18
Europe\shard0_11300.jpg,outdoor,Europe,Europe,13,18
Europe\shard0_24265.jpg,outdoor,Europe,Europe,13,18
Europe\shard0_02571.jpg,outdoor,Europe,Europe,14,17
Europe\shard0_15307.jpg,outdoor,Europe,Europe,13,18
Europe\shard0_13907.jpg,outdoor,Europe,Europe,12,17
Europe\shard0_12488.jpg,outdoor,Europe,Europe,14,17
Europe\shard0_06023.jpg,outdoor,Europe,Europe,14,19
Europe\shard0_27613.jpg,outdoor,Europe,Europe,14,17
Europe\shard0_05062.jpg,outdoor,Europe,Europe,13,18
Europe\shard0_07550.jpg,outdoor,Europe,Europe,13,18
Europe\shard0_18380.jpg,outdoor,Europe,Europe,14,17
Europe\shard0_11784.jpg,outdoor,Europe,Europe,13,19
Europe\shard0_10703.jpg,outdoor,Europe,Europe,13,19
Europe\shard0_28094.jpg,outdoor,Europe,Europe,14,17
Europe\shard0_00720.jpg,outdoor,Europe,Europe,14,17
Europe\shard0_07113.jpg,outdoor,Europe,Europe,13,19
Europe\shard0_03834.jpg,outdoor,Europe,Europe,13,19
Europe\shard0_10743.jpg,outdoor,Europe,Europe,13,19
Europe\shard0_08203.jpg,outdoor,Europe,Europe,14,18
Europe\shard0_10037.jpg,outdoor,Europe,Europe,13,18
Europe\shard0_04276.jpg,outdoor,Europe,Europe,14,17
Europe\shard0_01850.jpg,outdoor,Europe,Europe,15,18
Europe\shard0_11362.jpg,outdoor,Europe,Europe,13,17
Europe\shard0_19137.jpg,outdoor,Europe,Europe,13,17
Europe\shard0_25232.jpg,outdoor,Europe,Europe,14,19
Europe\shard0_16183.jpg,outdoor,Europe,Europe,13,18
Europe\shard0_13279.jpg,outdoor,Europe,Europe,13,19
Europe\shard0_17975.jpg,outdoor,Europe,Europe,14,17
Europe\shard0_04757.jpg,outdoor,Europe,Europe,13,17
Europe\shard0_25358.jpg,outdoor,Europe,Europe,13,18
Europe\shard0_20066.jpg,outdoor,Europe,Europe,14,18
Europe\shard0_21031.jpg,outdoor,Europe,Europe,13,18
Europe\shard0_09578.jpg,outdoor,Europe,Europe,14,17
Europe\shard0_27522.jpg,outdoor,Europe,Europe,14,17
Europe\shard0_29909.jpg,outdoor,Europe,Europe,13,17
Europe\shard0_22163.jpg,outdoor,Europe,Europe,14,17
Europe\shard0_09419.jpg,outdoor,Europe,Europe,14,19
Europe\shard0_03027.jpg,outdoor,Europe,Europe,14,19
Europe\shard0_29547.jpg,outdoor,Europe,Europe,14,17
Europe\shard0_06624.jpg,outdoor,Europe,Europe,13,19
Europe\shard0_00513.jpg,outdoor,Europe,Europe,15,18
Europe\shard0_11413.jpg,outdoor,Europe,Europe,14,20
Europe\shard0_12377.jpg,outdoor,Europe,Europe,13,18
Europe\shard0_13484.jpg,outdoor,Europe,Europe,14,17
Europe\shard0_24541.jpg,outdoor,Europe,Europe,13,17
Europe\shard0_21995.jpg,outdoor,Europe,Europe,12,17
Europe\shard0_17449.jpg,outdoor,Europe,Europe,13,18
Europe\shard0_21111.jpg,outdoor,Europe,Europe,13,19
Europe\shard0_01825.jpg,outdoor,Europe,Europe,15,15
Europe\shard0_24680.jpg,outdoor,Europe,Europe,13,18
Europe\shard0_22625.jpg,outdoor,Europe,Europe,14,17
Europe\shard0_12085.jpg,outdoor,Europe,Europe,12,20
Europe\shard0_14784.jpg,outdoor,Europe,Europe,15,20
Europe\shard0_20600.jpg,outdoor,Europe,Europe,14,19
Europe\shard0_20749.jpg,outdoor,Europe,Europe,13,17
Europe\shard0_21295.jpg,outdoor,Europe,Europe,13,17
Europe\shard0_03408.jpg,outdoor,Europe,Europe,12,17
Europe\shard0_29989.jpg,outdoor,Europe,Europe,12,17
Europe\shard0_28782.jpg,outdoor,Europe,Europe,14,17
Oceania\shard0_31723.jpg,outdoor,Oceania,Oceania,5,32
Oceania\shard0_33292.jpg,outdoor,Oceania,Oceania,5,33
Oceania\shard0_14593.jpg,outdoor,Oceania,Oceania,5,32
Oceania\shard0_30164.jpg,outdoor,Oceania,Oceania,5,33
Oceania\shard0_20807.jpg,outdoor,Oceania,Oceania,6,33
Oceania\shard0_28780.jpg,outdoor,Oceania,Oceania,5,33
Oceania\shard0_08366.jpg,outdoor,Oceania,Oceania,5,33
Oceania\shard0_30373.jpg,outdoor,Oceania,Oceania,5,30
Oceania\shard0_30448.jpg,outdoor,Oceania,Oceania,5,33
Oceania\shard0_22234.jpg,outdoor,Oceania,Oceania,5,33
Oceania\shard0_32268.jpg,outdoor,Oceania,Oceania,4,34
Oceania\shard0_31199.jpg,outdoor,Oceania,Oceania,5,35
Oceania\shard0_33383.jpg,outdoor,Oceania,Oceania,4,35
Oceania\shard0_30330.jpg,outdoor,Oceania,Oceania,5,33
Oceania\shard0_03372.jpg,outdoor,Oceania,Oceania,5,32
Oceania\shard0_31892.jpg,outdoor,Oceania,Oceania,5,33
Oceania\shard0_30588.jpg,outdoor,Oceania,Oceania,4,35
Oceania\shard0_33726.jpg,outdoor,Oceania,Oceania,5,35
Oceania\shard0_30552.jpg,outdoor,Oceania,Oceania,4,34
Oceania\shard0_33114.jpg,outdoor,Oceania,Oceania,5,31
Oceania\shard0_33462.jpg,outdoor,Oceania,Oceania,5,29
Oceania\shard0_30184.jpg,outdoor,Oceania,Oceania,5,33
Oceania\shard0_33170.jpg,outdoor,Oceania,Oceania,5,32
Oceania\shard0_24351.jpg,outdoor,Oceania,Oceania,5,32
Oceania\shard0_11760.jpg,outdoor,Oceania,Oceania,5,33
Oceania\shard0_33145.jpg,outdoor,Oceania,Oceania,5,33
Oceania\shard0_30563.jpg,outdoor,Oceania,Oceania,5,29
Oceania\shard0_31931.jpg,outdoor,Oceania,Oceania,5,32
Oceania\shard0_33421.jpg,outdoor,Oceania,Oceania,7,32
Oceania\shard0_31288.jpg,outdoor,Oceania,Oceania,5,32
Oceania\shard0_31680.jpg,outdoor,Oceania,Oceania,5,29
Oceania\shard0_31122.jpg,outdoor,Oceania,Oceania,5,35
Oceania\shard0_32848.jpg,outdoor,Oceania,Oceania,4,35
Oceania\shard0_30392.jpg,outdoor,Oceania,Oceania,5,35
Oceania\shard0_16467.jpg,outdoor,Oceania,Oceania,5,33
Oceania\shard0_31725.jpg,outdoor,Oceania,Oceania,4,34
Oceania\shard0_19528.jpg,outdoor,Oceania,Oceania,4,35
Oceania\shard0_32903.jpg,outdoor,Oceania,Oceania,5,32
Oceania\shard0_31691.jpg,outdoor,Oceania,Oceania,5,32
Oceania\shard0_15233.jpg,outdoor,Oceania,Oceania,4,34
Oceania\shard0_31586.jpg,outdoor,Oceania,Oceania,5,32
Oceania\shard0_04873.jpg,outdoor,Oceania,Oceania,5,32
Oceania\shard0_32596.jpg,outdoor,Oceania,Oceania,6,33
Oceania\shard0_33516.jpg,outdoor,Oceania,Oceania,5,33
Oceania\shard0_30936.jpg,outdoor,Oceania,Oceania,4,32
Oceania\shard0_33719.jpg,outdoor,Oceania,Oceania,5,32
Oceania\shard0_09469.jpg,outdoor,Oceania,Oceania,5,32
Oceania\shard0_32807.jpg,outdoor,Oceania,Oceania,4,35
Oceania\shard0_33042.jpg,outdoor,Oceania,Oceania,5,32
Oceania\shard0_31392.jpg,outdoor,Oceania,Oceania,4,35
Oceania\shard0_32733.jpg,outdoor,Oceania,Oceania,4,35
Oceania\shard0_26014.jpg,outdoor,Oceania,Oceania,5,32
Oceania\shard0_30093.jpg,outdoor,Oceania,Oceania,5,32
Oceania\shard0_30894.jpg,outdoor,Oceania,Oceania,5,31
Oceania\shard0_31435.jpg,outdoor,Oceania,Oceania,6,31
Oceania\shard0_31875.jpg,outdoor,Oceania,Oceania,5,32
Oceania\shard0_31745.jpg,outdoor,Oceania,Oceania,5,33
Oceania\shard0_30172.jpg,outdoor,Oceania,Oceania,5,32
Oceania\shard0_32419.jpg,outdoor,Oceania,Oceania,5,32
Oceania\shard0_30204.jpg,outdoor,Oceania,Oceania,5,33
Oceania\shard0_33442.jpg,outdoor,Oceania,Oceania,4,35
Oceania\shard0_01198.jpg,outdoor,Oceania,Oceania,5,32
Oceania\shard0_32933.jpg,outdoor,Oceania,Oceania,5,35
Oceania\shard0_31178.jpg,outdoor,Oceania,Oceania,5,33
Oceania\shard0_33714.jpg,outdoor,Oceania,Oceania,4,32
Oceania\shard0_33678.jpg,outdoor,Oceania,Oceania,5,32
Oceania\shard0_32070.jpg,outdoor,Oceania,Oceania,7,30
Oceania\shard0_32620.jpg,outdoor,Oceania,Oceania,4,34
Oceania\shard0_32943.jpg,outdoor,Oceania,Oceania,4,35
Oceania\shard0_31209.jpg,outdoor,Oceania,Oceania,5,32
Oceania\shard0_15648.jpg,outdoor,Oceania,Oceania,5,32
Oceania\shard0_18029.jpg,outdoor,Oceania,Oceania,5,33
Oceania\shard0_15400.jpg,outdoor,Oceania,Oceania,4,34
Oceania\shard0_32096.jpg,outdoor,Oceania,Oceania,5,32
Oceania\shard0_32381.jpg,outdoor,Oceania,Oceania,4,35
Oceania\shard0_31022.jpg,outdoor,Oceania,Oceania,5,33
Oceania\shard0_32476.jpg,outdoor,Oceania,Oceania,5,35
Oceania\shard0_31291.jpg,outdoor,Oceania,Oceania,5,33
Oceania\shard0_30609.jpg,outdoor,Oceania,Oceania,4,34
Oceania\shard0_30065.jpg,outdoor,Oceania,Oceania,7,35
Oceania\shard0_33340.jpg,outdoor,Oceania,Oceania,5,35
Oceania\shard0_33302.jpg,outdoor,Oceania,Oceania,5,32
Oceania\shard0_33738.jpg,outdoor,Oceania,Oceania,5,33
Oceania\shard0_32107.jpg,outdoor,Oceania,Oceania,4,35
Oceania\shard0_00523.jpg,outdoor,Oceania,Oceania,5,32
Oceania\shard0_32690.jpg,outdoor,Oceania,Oceania,6,33
Oceania\shard0_26200.jpg,outdoor,Oceania,Oceania,6,31
Oceania\shard0_21077.jpg,outdoor,Oceania,Oceania,5,32
Oceania\shard0_30245.jpg,outdoor,Oceania,Oceania,5,29
Oceania\shard0_16075.jpg,outdoor,Oceania,Oceania,7,34
Oceania\shard0_32396.jpg,outdoor,Oceania,Oceania,5,35
Oceania\shard0_31290.jpg,outdoor,Oceania,Oceania,6,29
Oceania\shard0_30616.jpg,outdoor,Oceania,Oceania,5,33
Oceania\shard0_32728.jpg,outdoor,Oceania,Oceania,5,33
Oceania\shard0_31309.jpg,outdoor,Oceania,Oceania,5,32
Oceania\shard0_19849.jpg,outdoor,Oceania,Oceania,5,32
Oceania\shard0_30486.jpg,outdoor,Oceania,Oceania,4,35
Oceania\shard0_31860.jpg,outdoor,Oceania,Oceania,5,35
Oceania\shard0_29774.jpg,outdoor,Oceania,Oceania,5,32
Oceania\shard0_32469.jpg,outdoor,Oceania,Oceania,5,35
Oceania\shard0_33475.jpg,outdoor,Oceania,Oceania,6,31
Oceania\shard0_13046.jpg,outdoor,Oceania,Oceania,5,32
Oceania\shard0_33200.jpg,outdoor,Oceania,Oceania,5,29
Oceania\shard0_30749.jpg,outdoor,Oceania,Oceania,5,32
Oceania\shard0_30751.jpg,outdoor,Oceania,Oceania,5,32
Oceania\shard0_30317.jpg,outdoor,Oceania,Oceania,4,35
Oceania\shard0_30722.jpg,outdoor,Oceania,Oceania,6,33
Oceania\shard0_31010.jpg,outdoor,Oceania,Oceania,5,35
Oceania\shard0_00191.jpg,outdoor,Oceania,Oceania,5,33
Oceania\shard0_16163.jpg,outdoor,Oceania,Oceania,6,31
Oceania\shard0_15364.jpg,outdoor,Oceania,Oceania,5,33
Oceania\shard0_22526.jpg,outdoor,Oceania,Oceania,4,34
Oceania\shard0_05365.jpg,outdoor,Oceania,Oceania,5,35
Oceania\shard0_31624.jpg,outdoor,Oceania,Oceania,5,33
Oceania\shard0_06290.jpg,outdoor,Oceania,Oceania,5,35
Oceania\shard0_32575.jpg,outdoor,Oceania,Oceania,4,32
Oceania\shard0_33140.jpg,outdoor,Oceania,Oceania,5,35
Oceania\shard0_32762.jpg,outdoor,Oceania,Oceania,5,35
Oceania\shard0_32194.jpg,outdoor,Oceania,Oceania,5,31
Oceania\shard0_06121.jpg,outdoor,Oceania,Oceania,5,35
Oceania\shard0_33626.jpg,outdoor,Oceania,Oceania,4,35
Oceania\shard0_32789.jpg,outdoor,Oceania,Oceania,4,32
Oceania\shard0_33568.jpg,outdoor,Oceania,Oceania,5,32
Oceania\shard0_32453.jpg,outdoor,Oceania,Oceania,4,35
Oceania\shard0_31850.jpg,outdoor,Oceania,Oceania,4,32
Oceania\shard0_30897.jpg,outdoor,Oceania,Oceania,5,33
Oceania\shard0_32434.jpg,outdoor,Oceania,Oceania,5,33
Oceania\shard0_30019.jpg,outdoor,Oceania,Oceania,5,29
Oceania\shard0_30502.jpg,outdoor,Oceania,Oceania,5,33
Oceania\shard0_30331.jpg,outdoor,Oceania,Oceania,5,32
Oceania\shard0_31103.jpg,outdoor,Oceania,Oceania,6,29
Oceania\shard0_31494.jpg,outdoor,Oceania,Oceania,6,32
Oceania\shard0_28755.jpg,outdoor,Oceania,Oceania,4,35
Oceania\shard0_04452.jpg,outdoor,Oceania,Oceania,5,33
Oceania\shard0_31986.jpg,outdoor,Oceania,Oceania,6,32
Oceania\shard0_33730.jpg,outdoor,Oceania,Oceania,5,35
Oceania\shard0_32501.jpg,outdoor,Oceania,Oceania,4,35
Oceania\shard0_30986.jpg,outdoor,Oceania,Oceania,5,32
Oceania\shard0_32635.jpg,outdoor,Oceania,Oceania,5,33
Oceania\shard0_30644.jpg,outdoor,Oceania,Oceania,5,32
Oceania\shard0_27969.jpg,outdoor,Oceania,Oceania,5,31
Oceania\shard0_32156.jpg,outdoor,Oceania,Oceania,4,32
Oceania\shard0_33315.jpg,outdoor,Oceania,Oceania,4,35
Oceania\shard0_25089.jpg,outdoor,Oceania,Oceania,5,32
Oceania\shard0_32707.jpg,outdoor,Oceania,Oceania,4,32
Oceania\shard0_33406.jpg,outdoor,Oceania,Oceania,7,34
Oceania\shard0_31729.jpg,outdoor,Oceania,Oceania,5,29
Oceania\shard0_30752.jpg,outdoor,Oceania,Oceania,7,32
Oceania\shard0_03789.jpg,outdoor,Oceania,Oceania,5,31
Oceania\shard0_03174.jpg,outdoor,Oceania,Oceania,5,31
Oceania\shard0_30743.jpg,outdoor,Oceania,Oceania,5,32
Oceania\shard0_32600.jpg,outdoor,Oceania,Oceania,6,33
Oceania\shard0_30882.jpg,outdoor,Oceania,Oceania,4,32
Oceania\shard0_31398.jpg,outdoor,Oceania,Oceania,6,33
Oceania\shard0_31410.jpg,outdoor,Oceania,Oceania,5,33
Oceania\shard0_25319.jpg,outdoor,Oceania,Oceania,6,31
Oceania\shard0_31064.jpg,outdoor,Oceania,Oceania,5,32
Oceania\shard0_31693.jpg,outdoor,Oceania,Oceania,5,32
Oceania\shard0_32471.jpg,outdoor,Oceania,Oceania,6,32
Oceania\shard0_32973.jpg,outdoor,Oceania,Oceania,5,33
Oceania\shard0_10373.jpg,outdoor,Oceania,Oceania,5,32
Oceania\shard0_33413.jpg,outdoor,Oceania,Oceania,6,33
Oceania\shard0_32929.jpg,outdoor,Oceania,Oceania,4,35
Oceania\shard0_28856.jpg,outdoor,Oceania,Oceania,4,35
Oceania\shard0_19637.jpg,outdoor,Oceania,Oceania,5,31
Oceania\shard0_27299.jpg,outdoor,Oceania,Oceania,5,29
Oceania\shard0_32339.jpg,outdoor,Oceania,Oceania,4,32
Oceania\shard0_30695.jpg,outdoor,Oceania,Oceania,5,33
Oceania\shard0_10160.jpg,outdoor,Oceania,Oceania,5,35
Oceania\shard0_29057.jpg,outdoor,Oceania,Oceania,5,32
Oceania\shard0_33846.jpg,outdoor,Oceania,Oceania,5,32
Oceania\shard0_30018.jpg,outdoor,Oceania,Oceania,5,32
Oceania\shard0_26493.jpg,outdoor,Oceania,Oceania,5,35
Oceania\shard0_15491.jpg,outdoor,Oceania,Oceania,5,31
Oceania\shard0_32935.jpg,outdoor,Oceania,Oceania,5,29
Oceania\shard0_30474.jpg,outdoor,Oceania,Oceania,6,33
Oceania\shard0_02975.jpg,outdoor,Oceania,Oceania,4,35
Oceania\shard0_32613.jpg,outdoor,Oceania,Oceania,5,33
Oceania\shard0_32239.jpg,outdoor,Oceania,Oceania,4,35
Oceania\shard0_10422.jpg,outdoor,Oceania,Oceania,7,35
Oceania\shard0_33187.jpg,outdoor,Oceania,Oceania,4,34
Oceania\shard0_31699.jpg,outdoor,Oceania,Oceania,5,33
Oceania\shard0_31009.jpg,outdoor,Oceania,Oceania,5,32
Oceania\shard0_08342.jpg,outdoor,Oceania,Oceania,5,35
Oceania\shard0_31275.jpg,outdoor,Oceania,Oceania,5,33
Oceania\shard0_33354.jpg,outdoor,Oceania,Oceania,5,33
Oceania\shard0_32984.jpg,outdoor,Oceania,Oceania,5,32
Oceania\shard0_12844.jpg,outdoor,Oceania,Oceania,5,33
Oceania\shard0_25569.jpg,outdoor,Oceania,Oceania,8,32
Oceania\shard0_32573.jpg,outdoor,Oceania,Oceania,6,33
Oceania\shard0_33084.jpg,outdoor,Oceania,Oceania,5,35
Oceania\shard0_33337.jpg,outdoor,Oceania,Oceania,4,34
Oceania\shard0_32298.jpg,outdoor,Oceania,Oceania,5,33
Oceania\shard0_31959.jpg,outdoor,Oceania,Oceania,5,33
Oceania\shard0_00974.jpg,outdoor,Oceania,Oceania,5,33
Oceania\shard0_32521.jpg,outdoor,Oceania,Oceania,5,33
Oceania\shard0_33545.jpg,outdoor,Oceania,Oceania,5,32
Oceania\shard0_19790.jpg,outdoor,Oceania,Oceania,5,33
Oceania\shard0_27560.jpg,outdoor,Oceania,Oceania,5,35
Oceania\shard0_31841.jpg,outdoor,Oceania,Oceania,4,34
Oceania\shard0_33878.jpg,outdoor,Oceania,Oceania,4,35
Oceania\shard0_04355.jpg,outdoor,Oceania,Oceania,5,31
Oceania\shard0_32022.jpg,outdoor,Oceania,Oceania,4,34
Oceania\shard0_32626.jpg,outdoor,Oceania,Oceania,5,33
Oceania\shard0_31572.jpg,outdoor,Oceania,Oceania,6,29
Oceania\shard0_13428.jpg,outdoor,Oceania,Oceania,5,33
Oceania\shard0_30744.jpg,outdoor,Oceania,Oceania,6,33
Oceania\shard0_33167.jpg,outdoor,Oceania,Oceania,4,34
Oceania\shard0_31558.jpg,outdoor,Oceania,Oceania,5,33
Oceania\shard0_31338.jpg,outdoor,Oceania,Oceania,4,35
Oceania\shard0_32703.jpg,outdoor,Oceania,Oceania,7,32
Oceania\shard0_31076.jpg,outdoor,Oceania,Oceania,6,33
Oceania\shard0_22621.jpg,outdoor,Oceania,Oceania,5,32
Oceania\shard0_31018.jpg,outdoor,Oceania,Oceania,5,32
Oceania\shard0_30914.jpg,outdoor,Oceania,Oceania,4,35
Oceania\shard0_33297.jpg,outdoor,Oceania,Oceania,5,33
Oceania\shard0_23744.jpg,outdoor,Oceania,Oceania,5,35
Oceania\shard0_03962.jpg,outdoor,Oceania,Oceania,5,33
Oceania\shard0_32589.jpg,outdoor,Oceania,Oceania,5,32
Oceania\shard0_01749.jpg,outdoor,Oceania,Oceania,5,33
Oceania\shard0_30742.jpg,outdoor,Oceania,Oceania,5,35
Oceania\shard0_30389.jpg,outdoor,Oceania,Oceania,4,34
Oceania\shard0_33372.jpg,outdoor,Oceania,Oceania,5,29
Oceania\shard0_19788.jpg,outdoor,Oceania,Oceania,5,33
Oceania\shard0_11393.jpg,outdoor,Oceania,Oceania,7,31
Oceania\shard0_31051.jpg,outdoor,Oceania,Oceania,5,33
Oceania\shard0_33449.jpg,outdoor,Oceania,Oceania,5,35
Oceania\shard0_30205.jpg,outdoor,Oceania,Oceania,4,32
Oceania\shard0_33132.jpg,outdoor,Oceania,Oceania,5,33
Oceania\shard0_31670.jpg,outdoor,Oceania,Oceania,5,35
Oceania\shard0_15379.jpg,outdoor,Oceania,Oceania,5,31
Oceania\shard0_10602.jpg,outdoor,Oceania,Oceania,6,33
Oceania\shard0_30543.jpg,outdoor,Oceania,Oceania,5,33
Oceania\shard0_33694.jpg,outdoor,Oceania,Oceania,4,35
Oceania\shard0_33860.jpg,outdoor,Oceania,Oceania,4,35
Oceania\shard0_31805.jpg,outdoor,Oceania,Oceania,5,32
Oceania\shard0_30903.jpg,outdoor,Oceania,Oceania,6,33
Oceania\shard0_32403.jpg,outdoor,Oceania,Oceania,5,33
Oceania\shard0_30546.jpg,outdoor,Oceania,Oceania,5,33
Oceania\shard0_33269.jpg,outdoor,Oceania,Oceania,5,32
Oceania\shard0_30699.jpg,outdoor,Oceania,Oceania,5,32
Oceania\shard0_33822.jpg,outdoor,Oceania,Oceania,5,32
Oceania\shard0_24578.jpg,outdoor,Oceania,Oceania,6,33
Oceania\shard0_31550.jpg,outdoor,Oceania,Oceania,4,35
Oceania\shard0_14081.jpg,outdoor,Oceania,Oceania,5,29
Oceania\shard0_32414.jpg,outdoor,Oceania,Oceania,5,32
Oceania\shard0_11107.jpg,outdoor,Oceania,Oceania,5,33
Oceania\shard0_32322.jpg,outdoor,Oceania,Oceania,4,32
Oceania\shard0_29535.jpg,outdoor,Oceania,Oceania,4,32
Oceania\shard0_21119.jpg,outdoor,Oceania,Oceania,5,33
Oceania\shard0_30333.jpg,outdoor,Oceania,Oceania,5,32
Oceania\shard0_33286.jpg,outdoor,Oceania,Oceania,5,32
Oceania\shard0_30008.jpg,outdoor,Oceania,Oceania,4,35
Oceania\shard0_31082.jpg,outdoor,Oceania,Oceania,5,29
Oceania\shard0_30771.jpg,outdoor,Oceania,Oceania,5,32
Oceania\shard0_33904.jpg,outdoor,Oceania,Oceania,4,35
Oceania\shard0_31755.jpg,outdoor,Oceania,Oceania,5,31
Oceania\shard0_30176.jpg,outdoor,Oceania,Oceania,5,32
Oceania\shard0_32774.jpg,outdoor,Oceania,Oceania,5,33
Oceania\shard0_23313.jpg,outdoor,Oceania,Oceania,5,33
Oceania\shard0_32211.jpg,outdoor,Oceania,Oceania,4,35
Oceania\shard0_30866.jpg,outdoor,Oceania,Oceania,5,35
Oceania\shard0_32755.jpg,outdoor,Oceania,Oceania,5,32
Oceania\shard0_33326.jpg,outdoor,Oceania,Oceania,4,35
Oceania\shard0_31871.jpg,outdoor,Oceania,Oceania,5,32
Oceania\shard0_32652.jpg,outdoor,Oceania,Oceania,5,33
Oceania\shard0_31292.jpg,outdoor,Oceania,Oceania,5,33
Oceania\shard0_02200.jpg,outdoor,Oceania,Oceania,5,32
Oceania\shard0_33265.jpg,outdoor,Oceania,Oceania,4,32
Oceania\shard0_32131.jpg,outdoor,Oceania,Oceania,5,32
Oceania\shard0_15130.jpg,outdoor,Oceania,Oceania,6,33
Oceania\shard0_31415.jpg,outdoor,Oceania,Oceania,5,33
Oceania\shard0_30012.jpg,outdoor,Oceania,Oceania,5,33
Oceania\shard0_32803.jpg,outdoor,Oceania,Oceania,5,33
Oceania\shard0_33014.jpg,outdoor,Oceania,Oceania,7,32
Oceania\shard0_32231.jpg,outdoor,Oceania,Oceania,5,32
Oceania\shard0_31202.jpg,outdoor,Oceania,Oceania,5,32
Oceania\shard0_33629.jpg,outdoor,Oceania,Oceania,5,33
Oceania\shard0_33247.jpg,outdoor,Oceania,Oceania,5,31
Oceania\shard0_22939.jpg,outdoor,Oceania,Oceania,5,32
Oceania\shard0_30968.jpg,outdoor,Oceania,Oceania,5,29
Oceania\shard0_32794.jpg,outdoor,Oceania,Oceania,5,32
Oceania\shard0_20217.jpg,outdoor,Oceania,Oceania,6,33
Oceania\shard0_32674.jpg,outdoor,Oceania,Oceania,5,32
Oceania\shard0_27190.jpg,outdoor,Oceania,Oceania,6,33
Oceania\shard0_01611.jpg,outdoor,Oceania,Oceania,6,33
Oceania\shard0_33552.jpg,outdoor,Oceania,Oceania,5,32
Oceania\shard0_31213.jpg,outdoor,Oceania,Oceania,6,33
Oceania\shard0_30338.jpg,outdoor,Oceania,Oceania,5,32
Oceania\shard0_32134.jpg,outdoor,Oceania,Oceania,4,32
Oceania\shard0_31218.jpg,outdoor,Oceania,Oceania,4,35
Oceania\shard0_31204.jpg,outdoor,Oceania,Oceania,4,34
Oceania\shard0_31631.jpg,outdoor,Oceania,Oceania,5,32
Oceania\shard0_32115.jpg,outdoor,Oceania,Oceania,5,33
Oceania\shard0_33311.jpg,outdoor,Oceania,Oceania,4,35
Oceania\shard0_33594.jpg,outdoor,Oceania,Oceania,4,35
Oceania\shard0_30506.jpg,outdoor,Oceania,Oceania,5,33
Oceania\shard0_32994.jpg,outdoor,Oceania,Oceania,5,33
Oceania\shard0_17663.jpg,outdoor,Oceania,Oceania,4,34
Oceania\shard0_28819.jpg,outdoor,Oceania,Oceania,8,33
Oceania\shard0_31484.jpg,outdoor,Oceania,Oceania,5,31
Oceania\shard0_30193.jpg,outdoor,Oceania,Oceania,4,35
Oceania\shard0_31791.jpg,outdoor,Oceania,Oceania,6,33
Oceania\shard0_30627.jpg,outdoor,Oceania,Oceania,6,31
Oceania\shard0_18134.jpg,outdoor,Oceania,Oceania,5,33
Oceania\shard0_04623.jpg,outdoor,Oceania,Oceania,5,35
Oceania\shard0_31984.jpg,outdoor,Oceania,Oceania,5,35
Oceania\shard0_33504.jpg,outdoor,Oceania,Oceania,5,35
Oceania\shard0_33909.jpg,outdoor,Oceania,Oceania,5,33
Oceania\shard0_32353.jpg,outdoor,Oceania,Oceania,5,32
Oceania\shard0_13034.jpg,outdoor,Oceania,Oceania,4,32
Oceania\shard0_31556.jpg,outdoor,Oceania,Oceania,5,33
Oceania\shard0_30348.jpg,outdoor,Oceania,Oceania,5,33
Oceania\shard0_33124.jpg,outdoor,Oceania,Oceania,4,32
Oceania\shard0_30466.jpg,outdoor,Oceania,Oceania,6,30
Oceania\shard0_29289.jpg,outdoor,Oceania,Oceania,5,35
Oceania\shard0_31431.jpg,outdoor,Oceania,Oceania,5,33
Oceania\shard0_33196.jpg,outdoor,Oceania,Oceania,6,33
Oceania\shard0_32927.jpg,outdoor,Oceania,Oceania,4,32
Oceania\shard0_30816.jpg,outdoor,Oceania,Oceania,5,32
Oceania\shard0_30738.jpg,outdoor,Oceania,Oceania,5,33
Oceania\shard0_32355.jpg,outdoor,Oceania,Oceania,5,33
Oceania\shard0_15293.jpg,outdoor,Oceania,Oceania,5,35
Oceania\shard0_33011.jpg,outdoor,Oceania,Oceania,5,32
Oceania\shard0_31283.jpg,outdoor,Oceania,Oceania,7,30
Oceania\shard0_33304.jpg,outdoor,Oceania,Oceania,5,31
Oceania\shard0_33638.jpg,outdoor,Oceania,Oceania,4,35
Oceania\shard0_30881.jpg,outdoor,Oceania,Oceania,4,35
Oceania\shard0_16152.jpg,outdoor,Oceania,Oceania,5,33
Oceania\shard0_32863.jpg,outdoor,Oceania,Oceania,5,31
Oceania\shard0_23562.jpg,outdoor,Oceania,Oceania,5,35
Oceania\shard0_30037.jpg,outdoor,Oceania,Oceania,5,33
Oceania\shard0_08892.jpg,outdoor,Oceania,Oceania,6,33
Oceania\shard0_32497.jpg,outdoor,Oceania,Oceania,5,33
Oceania\shard0_33049.jpg,outdoor,Oceania,Oceania,5,33
Oceania\shard0_01867.jpg,outdoor,Oceania,Oceania,4,35
Oceania\shard0_06323.jpg,outdoor,Oceania,Oceania,5,33
Oceania\shard0_30602.jpg,outdoor,Oceania,Oceania,5,35
Oceania\shard0_20237.jpg,outdoor,Oceania,Oceania,5,32
Oceania\shard0_31696.jpg,outdoor,Oceania,Oceania,5,33
Oceania\shard0_31451.jpg,outdoor,Oceania,Oceania,5,33
Oceania\shard0_01896.jpg,outdoor,Oceania,Oceania,5,33
Oceania\shard0_23926.jpg,outdoor,Oceania,Oceania,5,32
Oceania\shard0_30571.jpg,outdoor,Oceania,Oceania,4,35
Oceania\shard0_31177.jpg,outdoor,Oceania,Oceania,6,33
Oceania\shard0_16735.jpg,outdoor,Oceania,Oceania,5,33
Oceania\shard0_32191.jpg,outdoor,Oceania,Oceania,5,32
Oceania\shard0_09869.jpg,outdoor,Oceania,Oceania,7,35
Oceania\shard0_33597.jpg,outdoor,Oceania,Oceania,6,33
Oceania\shard0_33654.jpg,outdoor,Oceania,Oceania,5,32
Oceania\shard0_30101.jpg,outdoor,Oceania,Oceania,7,32
Oceania\shard0_16438.jpg,outdoor,Oceania,Oceania,4,35
Oceania\shard0_32926.jpg,outdoor,Oceania,Oceania,5,33
Oceania\shard0_13310.jpg,outdoor,Oceania,Oceania,6,33
Oceania\shard0_31088.jpg,outdoor,Oceania,Oceania,5,32
Oceania\shard0_33059.jpg,outdoor,Oceania,Oceania,4,32
Oceania\shard0_29882.jpg,outdoor,Oceania,Oceania,5,32
Oceania\shard0_31710.jpg,outdoor,Oceania,Oceania,5,33
Oceania\shard0_33092.jpg,outdoor,Oceania,Oceania,5,32
Oceania\shard0_33192.jpg,outdoor,Oceania,Oceania,5,32
Oceania\shard0_30856.jpg,outdoor,Oceania,Oceania,5,29
Oceania\shard0_30747.jpg,outdoor,Oceania,Oceania,5,32
Oceania\shard0_33010.jpg,outdoor,Oceania,Oceania,4,32
Oceania\shard0_32686.jpg,outdoor,Oceania,Oceania,5,33
Oceania\shard0_30971.jpg,outdoor,Oceania,Oceania,5,35
Oceania\shard0_33905.jpg,outdoor,Oceania,Oceania,5,32
Oceania\shard0_31778.jpg,outdoor,Oceania,Oceania,5,33
Oceania\shard0_31724.jpg,outdoor,Oceania,Oceania,5,32
Oceania\shard0_33727.jpg,outdoor,Oceania,Oceania,5,33
Oceania\shard0_30851.jpg,outdoor,Oceania,Oceania,5,33
Oceania\shard0_29657.jpg,outdoor,Oceania,Oceania,5,32
Oceania\shard0_30595.jpg,outdoor,Oceania,Oceania,5,32
Oceania\shard0_33258.jpg,outdoor,Oceania,Oceania,5,29
Oceania\shard0_33417.jpg,outdoor,Oceania,Oceania,5,33
Oceania\shard0_31159.jpg,outdoor,Oceania,Oceania,4,35
Oceania\shard0_33312.jpg,outdoor,Oceania,Oceania,5,32
Oceania\shard0_30869.jpg,outdoor,Oceania,Oceania,5,33
Oceania\shard0_31465.jpg,outdoor,Oceania,Oceania,5,33
Oceania\shard0_02744.jpg,outdoor,Oceania,Oceania,6,31
Oceania\shard0_30402.jpg,outdoor,Oceania,Oceania,5,35
Oceania\shard0_31547.jpg,outdoor,Oceania,Oceania,5,32
Oceania\shard0_33447.jpg,outdoor,Oceania,Oceania,5,33
Oceania\shard0_31726.jpg,outdoor,Oceania,Oceania,7,32
Oceania\shard0_25565.jpg,outdoor,Oceania,Oceania,5,35
Oceania\shard0_30358.jpg,outdoor,Oceania,Oceania,5,29
Oceania\shard0_31482.jpg,outdoor,Oceania,Oceania,6,33
Oceania\shard0_31428.jpg,outdoor,Oceania,Oceania,5,31
Oceania\shard0_33774.jpg,outdoor,Oceania,Oceania,5,33
Oceania\shard0_31978.jpg,outdoor,Oceania,Oceania,6,31
Oceania\shard0_30974.jpg,outdoor,Oceania,Oceania,5,33
Oceania\shard0_19011.jpg,outdoor,Oceania,Oceania,5,33
Oceania\shard0_31867.jpg,outdoor,Oceania,Oceania,6,33
Oceania\shard0_31804.jpg,outdoor,Oceania,Oceania,5,33
Oceania\shard0_15639.jpg,outdoor,Oceania,Oceania,6,33
Oceania\shard0_31407.jpg,outdoor,Oceania,Oceania,6,33
Oceania\shard0_33123.jpg,outdoor,Oceania,Oceania,5,33
Oceania\shard0_33522.jpg,outdoor,Oceania,Oceania,5,32
Oceania\shard0_30005.jpg,outdoor,Oceania,Oceania,5,32
Oceania\shard0_31455.jpg,outdoor,Oceania,Oceania,5,33
Oceania\shard0_30398.jpg,outdoor,Oceania,Oceania,4,35
Oceania\shard0_33579.jpg,outdoor,Oceania,Oceania,5,33
Oceania\shard0_30906.jpg,outdoor,Oceania,Oceania,6,31
Oceania\shard0_07966.jpg,outdoor,Oceania,Oceania,5,33
Oceania\shard0_33353.jpg,outdoor,Oceania,Oceania,5,29
Oceania\shard0_31727.jpg,outdoor,Oceania,Oceania,5,35
Oceania\shard0_32841.jpg,outdoor,Oceania,Oceania,5,33
Oceania\shard0_31607.jpg,outdoor,Oceania,Oceania,4,35
Oceania\shard0_31285.jpg,outdoor,Oceania,Oceania,5,32
Oceania\shard0_31485.jpg,outdoor,Oceania,Oceania,5,33
Oceania\shard0_16232.jpg,outdoor,Oceania,Oceania,4,35
Oceania\shard0_31110.jpg,outdoor,Oceania,Oceania,5,29
Oceania\shard0_33648.jpg,outdoor,Oceania,Oceania,5,33
Oceania\shard0_32364.jpg,outdoor,Oceania,Oceania,5,33
Oceania\shard0_32989.jpg,outdoor,Oceania,Oceania,6,31
Oceania\shard0_31004.jpg,outdoor,Oceania,Oceania,4,35
Oceania\shard0_30833.jpg,outdoor,Oceania,Oceania,6,33
Oceania\shard0_33321.jpg,outdoor,Oceania,Oceania,4,32
Oceania\shard0_31740.jpg,outdoor,Oceania,Oceania,4,35
Oceania\shard0_17556.jpg,outdoor,Oceania,Oceania,7,31
Oceania\shard0_30665.jpg,outdoor,Oceania,Oceania,5,29
Oceania\shard0_30976.jpg,outdoor,Oceania,Oceania,4,35
Oceania\shard0_20546.jpg,outdoor,Oceania,Oceania,4,32
Oceania\shard0_30006.jpg,outdoor,Oceania,Oceania,5,32
Oceania\shard0_30251.jpg,outdoor,Oceania,Oceania,4,35
Oceania\shard0_33068.jpg,outdoor,Oceania,Oceania,5,29
Oceania\shard0_32509.jpg,outdoor,Oceania,Oceania,5,31
Oceania\shard0_14958.jpg,outdoor,Oceania,Oceania,5,33
Oceania\shard0_32356.jpg,outdoor,Oceania,Oceania,4,35
Oceania\shard0_31511.jpg,outdoor,Oceania,Oceania,6,33
Oceania\shard0_31366.jpg,outdoor,Oceania,Oceania,5,32
Oceania\shard0_31688.jpg,outdoor,Oceania,Oceania,5,32
Oceania\shard0_07146.jpg,outdoor,Oceania,Oceania,5,35
Oceania\shard0_33134.jpg,outdoor,Oceania,Oceania,5,33
Oceania\shard0_00054.jpg,outdoor,Oceania,Oceania,5,32
Oceania\shard0_31336.jpg,outdoor,Oceania,Oceania,5,32
Oceania\shard0_29776.jpg,outdoor,Oceania,Oceania,5,32
Oceania\shard0_33805.jpg,outdoor,Oceania,Oceania,5,35
Oceania\shard0_17230.jpg,outdoor,Oceania,Oceania,5,35
Oceania\shard0_18430.jpg,outdoor,Oceania,Oceania,5,33
Oceania\shard0_13150.jpg,outdoor,Oceania,Oceania,6,33
Oceania\shard0_19597.jpg,outdoor,Oceania,Oceania,5,32
Oceania\shard0_32986.jpg,outdoor,Oceania,Oceania,5,32
Oceania\shard0_32510.jpg,outdoor,Oceania,Oceania,5,35
Oceania\shard0_23041.jpg,outdoor,Oceania,Oceania,5,35
Oceania\shard0_13494.jpg,outdoor,Oceania,Oceania,4,35
Oceania\shard0_33106.jpg,outdoor,Oceania,Oceania,4,32
Oceania\shard0_32975.jpg,outdoor,Oceania,Oceania,5,35
Oceania\shard0_12445.jpg,outdoor,Oceania,Oceania,5,32
Oceania\shard0_33631.jpg,outdoor,Oceania,Oceania,5,32
Oceania\shard0_33783.jpg,outdoor,Oceania,Oceania,7,32
Oceania\shard0_31054.jpg,outdoor,Oceania,Oceania,5,33
Oceania\shard0_32990.jpg,outdoor,Oceania,Oceania,5,35
Oceania\shard0_32089.jpg,outdoor,Oceania,Oceania,5,29
Oceania\shard0_32771.jpg,outdoor,Oceania,Oceania,5,33
Oceania\shard0_30784.jpg,outdoor,Oceania,Oceania,5,32
Oceania\shard0_30049.jpg,outdoor,Oceania,Oceania,5,33
Oceania\shard0_21551.jpg,outdoor,Oceania,Oceania,5,35
Oceania\shard0_13774.jpg,outdoor,Oceania,Oceania,5,35
Oceania\shard0_33482.jpg,outdoor,Oceania,Oceania,5,35
Oceania\shard0_30422.jpg,outdoor,Oceania,Oceania,5,33
Oceania\shard0_32377.jpg,outdoor,Oceania,Oceania,5,35
Oceania\shard0_12622.jpg,outdoor,Oceania,Oceania,4,34
Oceania\shard0_21407.jpg,outdoor,Oceania,Oceania,5,35
Oceania\shard0_32020.jpg,outdoor,Oceania,Oceania,4,35
Oceania\shard0_33477.jpg,outdoor,Oceania,Oceania,5,32
Oceania\shard0_31901.jpg,outdoor,Oceania,Oceania,5,33
Oceania\shard0_15644.jpg,outdoor,Oceania,Oceania,4,32
Oceania\shard0_32385.jpg,outdoor,Oceania,Oceania,5,32
Oceania\shard0_30676.jpg,outdoor,Oceania,Oceania,6,31
Oceania\shard0_32487.jpg,outdoor,Oceania,Oceania,5,33
Oceania\shard0_22409.jpg,outdoor,Oceania,Oceania,5,33
Oceania\shard0_33759.jpg,outdoor,Oceania,Oceania,8,32
Oceania\shard0_30907.jpg,outdoor,Oceania,Oceania,5,32
Oceania\shard0_33399.jpg,outdoor,Oceania,Oceania,4,35
Oceania\shard0_30282.jpg,outdoor,Oceania,Oceania,5,33
Oceania\shard0_33716.jpg,outdoor,Oceania,Oceania,5,35
Oceania\shard0_33267.jpg,outdoor,Oceania,Oceania,5,35
Oceania\shard0_17962.jpg,outdoor,Oceania,Oceania,5,32
Oceania\shard0_32063.jpg,outdoor,Oceania,Oceania,5,29
Oceania\shard0_33012.jpg,outdoor,Oceania,Oceania,5,33
Oceania\shard0_31667.jpg,outdoor,Oceania,Oceania,5,33
Oceania\shard0_26685.jpg,outdoor,Oceania,Oceania,5,31
Oceania\shard0_32612.jpg,outdoor,Oceania,Oceania,4,35
Oceania\shard0_18954.jpg,outdoor,Oceania,Oceania,6,33
Oceania\shard0_09271.jpg,outdoor,Oceania,Oceania,5,33
Oceania\shard0_31421.jpg,outdoor,Oceania,Oceania,5,35
Oceania\shard0_08719.jpg,outdoor,Oceania,Oceania,4,32
Oceania\shard0_31138.jpg,outdoor,Oceania,Oceania,5,33
Oceania\shard0_30989.jpg,outdoor,Oceania,Oceania,5,33
Oceania\shard0_31043.jpg,outdoor,Oceania,Oceania,4,35
Oceania\shard0_30490.jpg,outdoor,Oceania,Oceania,5,33
Oceania\shard0_09613.jpg,outdoor,Oceania,Oceania,6,31
Oceania\shard0_30075.jpg,outdoor,Oceania,Oceania,5,33
Oceania\shard0_07820.jpg,outdoor,Oceania,Oceania,5,33
Oceania\shard0_08129.jpg,outdoor,Oceania,Oceania,4,35
Oceania\shard0_31161.jpg,outdoor,Oceania,Oceania,5,35
Oceania\shard0_13745.jpg,outdoor,Oceania,Oceania,5,32
Oceania\shard0_30068.jpg,outdoor,Oceania,Oceania,5,32
Oceania\shard0_24901.jpg,outdoor,Oceania,Oceania,6,33
Oceania\shard0_31461.jpg,outdoor,Oceania,Oceania,5,32
Oceania\shard0_31647.jpg,outdoor,Oceania,Oceania,4,35
Oceania\shard0_32748.jpg,outdoor,Oceania,Oceania,7,32
Oceania\shard0_19335.jpg,outdoor,Oceania,Oceania,5,33
Oceania\shard0_11113.jpg,outdoor,Oceania,Oceania,4,34
Oceania\shard0_30022.jpg,outdoor,Oceania,Oceania,4,34
Oceania\shard0_24497.jpg,outdoor,Oceania,Oceania,5,33
Oceania\shard0_31066.jpg,outdoor,Oceania,Oceania,5,33
Oceania\shard0_32341.jpg,outdoor,Oceania,Oceania,4,35
Oceania\shard0_25178.jpg,outdoor,Oceania,Oceania,5,29
Oceania\shard0_30551.jpg,outdoor,Oceania,Oceania,5,33
Oceania\shard0_30210.jpg,outdoor,Oceania,Oceania,5,32
Oceania\shard0_31929.jpg,outdoor,Oceania,Oceania,4,35
Oceania\shard0_07007.jpg,outdoor,Oceania,Oceania,5,31
Oceania\shard0_26455.jpg,outdoor,Oceania,Oceania,7,35
Oceania\shard0_30092.jpg,outdoor,Oceania,Oceania,7,32
Oceania\shard0_16810.jpg,outdoor,Oceania,Oceania,5,35
Oceania\shard0_30426.jpg,outdoor,Oceania,Oceania,5,35
Oceania\shard0_31639.jpg,outdoor,Oceania,Oceania,4,34
Oceania\shard0_32240.jpg,outdoor,Oceania,Oceania,4,32
Oceania\shard0_33113.jpg,outdoor,Oceania,Oceania,5,35
Oceania\shard0_31374.jpg,outdoor,Oceania,Oceania,5,35
Oceania\shard0_31651.jpg,outdoor,Oceania,Oceania,5,35
Oceania\shard0_31915.jpg,outdoor,Oceania,Oceania,4,35
Oceania\shard0_32215.jpg,outdoor,Oceania,Oceania,5,31
Oceania\shard0_30260.jpg,outdoor,Oceania,Oceania,5,33
Oceania\shard0_00619.jpg,outdoor,Oceania,Oceania,4,35
Oceania\shard0_32254.jpg,outdoor,Oceania,Oceania,4,35
Oceania\shard0_14630.jpg,outdoor,Oceania,Oceania,5,33
Oceania\shard0_31515.jpg,outdoor,Oceania,Oceania,6,33
Oceania\shard0_33362.jpg,outdoor,Oceania,Oceania,5,32
Oceania\shard0_32553.jpg,outdoor,Oceania,Oceania,4,32
Oceania\shard0_33486.jpg,outdoor,Oceania,Oceania,5,35
Oceania\shard0_31080.jpg,outdoor,Oceania,Oceania,4,34
Oceania\shard0_29527.jpg,outdoor,Oceania,Oceania,5,31
Oceania\shard0_30131.jpg,outdoor,Oceania,Oceania,6,31
Oceania\shard0_33443.jpg,outdoor,Oceania,Oceania,6,33
Oceania\shard0_32446.jpg,outdoor,Oceania,Oceania,5,33
Oceania\shard0_23992.jpg,outdoor,Oceania,Oceania,6,33
Oceania\shard0_33079.jpg,outdoor,Oceania,Oceania,5,33
Oceania\shard0_10181.jpg,outdoor,Oceania,Oceania,5,35
Oceania\shard0_31367.jpg,outdoor,Oceania,Oceania,7,31
Oceania\shard0_33843.jpg,outdoor,Oceania,Oceania,6,33
Oceania\shard0_32363.jpg,outdoor,Oceania,Oceania,5,32
Oceania\shard0_32514.jpg,outdoor,Oceania,Oceania,7,35
Oceania\shard0_33818.jpg,outdoor,Oceania,Oceania,5,33
Oceania\shard0_32137.jpg,outdoor,Oceania,Oceania,4,35
Oceania\shard0_32527.jpg,outdoor,Oceania,Oceania,6,33
Oceania\shard0_30889.jpg,outdoor,Oceania,Oceania,6,33
Oceania\shard0_32938.jpg,outdoor,Oceania,Oceania,5,35
Oceania\shard0_32659.jpg,outdoor,Oceania,Oceania,5,33
Oceania\shard0_31529.jpg,outdoor,Oceania,Oceania,5,33
Oceania\shard0_32964.jpg,outdoor,Oceania,Oceania,5,35
Oceania\shard0_31215.jpg,outdoor,Oceania,Oceania,4,35
Oceania\shard0_32985.jpg,outdoor,Oceania,Oceania,6,33
Oceania\shard0_30501.jpg,outdoor,Oceania,Oceania,7,31
Oceania\shard0_13848.jpg,outdoor,Oceania,Oceania,5,33
Oceania\shard0_33885.jpg,outdoor,Oceania,Oceania,5,35
Oceania\shard0_30606.jpg,outdoor,Oceania,Oceania,5,32
Oceania\shard0_04991.jpg,outdoor,Oceania,Oceania,5,33
Oceania\shard0_31720.jpg,outdoor,Oceania,Oceania,7,31
Oceania\shard0_05464.jpg,outdoor,Oceania,Oceania,6,29
Oceania\shard0_33892.jpg,outdoor,Oceania,Oceania,5,32
Oceania\shard0_32867.jpg,outdoor,Oceania,Oceania,5,32
Oceania\shard0_31125.jpg,outdoor,Oceania,Oceania,6,33
Oceania\shard0_31384.jpg,outdoor,Oceania,Oceania,5,32
Oceania\shard0_33835.jpg,outdoor,Oceania,Oceania,5,31
Oceania\shard0_31330.jpg,outdoor,Oceania,Oceania,4,35
Oceania\shard0_31643.jpg,outdoor,Oceania,Oceania,7,32
Oceania\shard0_30262.jpg,outdoor,Oceania,Oceania,5,32
Oceania\shard0_03796.jpg,outdoor,Oceania,Oceania,5,29
Oceania\shard0_32241.jpg,outdoor,Oceania,Oceania,5,32
Oceania\shard0_33717.jpg,outdoor,Oceania,Oceania,5,32
Oceania\shard0_24526.jpg,outdoor,Oceania,Oceania,5,33
Oceania\shard0_31936.jpg,outdoor,Oceania,Oceania,5,33
Oceania\shard0_31477.jpg,outdoor,Oceania,Oceania,4,35
Oceania\shard0_32716.jpg,outdoor,Oceania,Oceania,5,32
Oceania\shard0_31502.jpg,outdoor,Oceania,Oceania,5,33
Oceania\shard0_20791.jpg,outdoor,Oceania,Oceania,5,33
Oceania\shard0_30375.jpg,outdoor,Oceania,Oceania,5,32
Oceania\shard0_32558.jpg,outdoor,Oceania,Oceania,5,33
Oceania\shard0_31852.jpg,outdoor,Oceania,Oceania,5,32
Oceania\shard0_31273.jpg,outdoor,Oceania,Oceania,6,32
Oceania\shard0_32178.jpg,outdoor,Oceania,Oceania,6,33
Oceania\shard0_30332.jpg,outdoor,Oceania,Oceania,5,32
Oceania\shard0_30481.jpg,outdoor,Oceania,Oceania,5,33
Oceania\shard0_33508.jpg,outdoor,Oceania,Oceania,5,29
Oceania\shard0_33440.jpg,outdoor,Oceania,Oceania,5,35
Oceania\shard0_31553.jpg,outdoor,Oceania,Oceania,5,32
Oceania\shard0_07760.jpg,outdoor,Oceania,Oceania,4,35
Oceania\shard0_32017.jpg,outdoor,Oceania,Oceania,6,33
Oceania\shard0_31503.jpg,outdoor,Oceania,Oceania,5,29
Oceania\shard0_30229.jpg,outdoor,Oceania,Oceania,5,29
Oceania\shard0_30505.jpg,outdoor,Oceania,Oceania,5,32
Oceania\shard0_32150.jpg,outdoor,Oceania,Oceania,5,33
Oceania\shard0_31508.jpg,outdoor,Oceania,Oceania,4,35
Oceania\shard0_33391.jpg,outdoor,Oceania,Oceania,6,33
Oceania\shard0_30246.jpg,outdoor,Oceania,Oceania,5,33
Oceania\shard0_33309.jpg,outdoor,Oceania,Oceania,5,32
Oceania\shard0_30736.jpg,outdoor,Oceania,Oceania,4,34
Oceania\shard0_30702.jpg,outdoor,Oceania,Oceania,5,35
Oceania\shard0_33172.jpg,outdoor,Oceania,Oceania,5,33
Oceania\shard0_31756.jpg,outdoor,Oceania,Oceania,5,33
Oceania\shard0_32976.jpg,outdoor,Oceania,Oceania,5,33
Oceania\shard0_32250.jpg,outdoor,Oceania,Oceania,5,32
Oceania\shard0_08517.jpg,outdoor,Oceania,Oceania,7,32
Oceania\shard0_30302.jpg,outdoor,Oceania,Oceania,5,33
Oceania\shard0_31780.jpg,outdoor,Oceania,Oceania,5,33
Oceania\shard0_01430.jpg,outdoor,Oceania,Oceania,5,32
Oceania\shard0_31333.jpg,outdoor,Oceania,Oceania,4,35
Oceania\shard0_32151.jpg,outdoor,Oceania,Oceania,5,35
Oceania\shard0_30902.jpg,outdoor,Oceania,Oceania,5,33
Oceania\shard0_30999.jpg,outdoor,Oceania,Oceania,4,34
Oceania\shard0_32907.jpg,outdoor,Oceania,Oceania,5,32
Oceania\shard0_31180.jpg,outdoor,Oceania,Oceania,5,33
Oceania\shard0_32874.jpg,outdoor,Oceania,Oceania,8,32
Oceania\shard0_02101.jpg,outdoor,Oceania,Oceania,5,32
Oceania\shard0_31337.jpg,outdoor,Oceania,Oceania,5,33
Oceania\shard0_32036.jpg,outdoor,Oceania,Oceania,8,32
Oceania\shard0_31400.jpg,outdoor,Oceania,Oceania,5,33
Oceania\shard0_31183.jpg,outdoor,Oceania,Oceania,5,35
Oceania\shard0_30054.jpg,outdoor,Oceania,Oceania,5,32
Oceania\shard0_32667.jpg,outdoor,Oceania,Oceania,5,31
Oceania\shard0_33031.jpg,outdoor,Oceania,Oceania,4,35
Oceania\shard0_31347.jpg,outdoor,Oceania,Oceania,4,35
Oceania\shard0_32797.jpg,outdoor,Oceania,Oceania,5,33
Oceania\shard0_25081.jpg,outdoor,Oceania,Oceania,5,32
Oceania\shard0_11896.jpg,outdoor,Oceania,Oceania,4,35
Oceania\shard0_28731.jpg,outdoor,Oceania,Oceania,6,33
Oceania\shard0_26494.jpg,outdoor,Oceania,Oceania,5,33
Oceania\shard0_33810.jpg,outdoor,Oceania,Oceania,6,33
Oceania\shard0_30281.jpg,outdoor,Oceania,Oceania,5,32
Oceania\shard0_33549.jpg,outdoor,Oceania,Oceania,5,35
Oceania\shard0_33305.jpg,outdoor,Oceania,Oceania,4,35
Oceania\shard0_02907.jpg,outdoor,Oceania,Oceania,4,35
Oceania\shard0_30095.jpg,outdoor,Oceania,Oceania,5,32
Oceania\shard0_31891.jpg,outdoor,Oceania,Oceania,7,31
Oceania\shard0_30020.jpg,outdoor,Oceania,Oceania,4,32
Oceania\shard0_33833.jpg,outdoor,Oceania,Oceania,4,35
Oceania\shard0_30775.jpg,outdoor,Oceania,Oceania,5,33
Oceania\shard0_33550.jpg,outdoor,Oceania,Oceania,4,35
Oceania\shard0_30701.jpg,outdoor,Oceania,Oceania,4,32
Oceania\shard0_32550.jpg,outdoor,Oceania,Oceania,4,35
Oceania\shard0_33706.jpg,outdoor,Oceania,Oceania,6,33
Oceania\shard0_31722.jpg,outdoor,Oceania,Oceania,5,33
Oceania\shard0_33836.jpg,outdoor,Oceania,Oceania,5,32
Oceania\shard0_32492.jpg,outdoor,Oceania,Oceania,5,35
Oceania\shard0_30253.jpg,outdoor,Oceania,Oceania,5,29
Oceania\shard0_30966.jpg,outdoor,Oceania,Oceania,5,33
Oceania\shard0_30336.jpg,outdoor,Oceania,Oceania,6,33
Oceania\shard0_33466.jpg,outdoor,Oceania,Oceania,4,35
Oceania\shard0_31488.jpg,outdoor,Oceania,Oceania,5,35
Oceania\shard0_26188.jpg,outdoor,Oceania,Oceania,5,32
Oceania\shard0_04106.jpg,outdoor,Oceania,Oceania,5,32
Oceania\shard0_33314.jpg,outdoor,Oceania,Oceania,4,35
Oceania\shard0_30725.jpg,outdoor,Oceania,Oceania,4,34
Oceania\shard0_33494.jpg,outdoor,Oceania,Oceania,5,35
Oceania\shard0_32283.jpg,outdoor,Oceania,Oceania,5,33
Oceania\shard0_07819.jpg,outdoor,Oceania,Oceania,5,32
Oceania\shard0_30406.jpg,outdoor,Oceania,Oceania,5,33
Oceania\shard0_16675.jpg,outdoor,Oceania,Oceania,4,35
Oceania\shard0_00090.jpg,outdoor,Oceania,Oceania,4,32
Oceania\shard0_30789.jpg,outdoor,Oceania,Oceania,4,34
Oceania\shard0_31810.jpg,outdoor,Oceania,Oceania,5,33
Oceania\shard0_32802.jpg,outdoor,Oceania,Oceania,5,33
Oceania\shard0_30713.jpg,outdoor,Oceania,Oceania,4,35
Oceania\shard0_24123.jpg,outdoor,Oceania,Oceania,4,35
Oceania\shard0_09249.jpg,outdoor,Oceania,Oceania,4,35
Oceania\shard0_08389.jpg,outdoor,Oceania,Oceania,5,33
Oceania\shard0_23508.jpg,outdoor,Oceania,Oceania,6,29
Oceania\shard0_24990.jpg,outdoor,Oceania,Oceania,5,32
Oceania\shard0_31436.jpg,outdoor,Oceania,Oceania,5,32
Oceania\shard0_31232.jpg,outdoor,Oceania,Oceania,6,29
Oceania\shard0_32019.jpg,outdoor,Oceania,Oceania,5,29
Oceania\shard0_31175.jpg,outdoor,Oceania,Oceania,5,31
Oceania\shard0_32876.jpg,outdoor,Oceania,Oceania,5,31
Oceania\shard0_32957.jpg,outdoor,Oceania,Oceania,5,31
Oceania\shard0_32065.jpg,outdoor,Oceania,Oceania,7,34
Oceania\shard0_31683.jpg,outdoor,Oceania,Oceania,5,33
Oceania\shard0_33841.jpg,outdoor,Oceania,Oceania,5,31
Oceania\shard0_32228.jpg,outdoor,Oceania,Oceania,5,32
Oceania\shard0_16639.jpg,outdoor,Oceania,Oceania,5,33
Oceania\shard0_23176.jpg,outdoor,Oceania,Oceania,4,35
Oceania\shard0_31807.jpg,outdoor,Oceania,Oceania,4,34
Oceania\shard0_31412.jpg,outdoor,Oceania,Oceania,5,35
Oceania\shard0_30541.jpg,outdoor,Oceania,Oceania,6,33
Oceania\shard0_32522.jpg,outdoor,Oceania,Oceania,5,32
Oceania\shard0_32860.jpg,outdoor,Oceania,Oceania,4,34
Oceania\shard0_04445.jpg,outdoor,Oceania,Oceania,5,33
Oceania\shard0_33792.jpg,outdoor,Oceania,Oceania,5,29
Oceania\shard0_30411.jpg,outdoor,Oceania,Oceania,5,33
Oceania\shard0_31632.jpg,outdoor,Oceania,Oceania,5,29
Oceania\shard0_02769.jpg,outdoor,Oceania,Oceania,5,32
Oceania\shard0_32406.jpg,outdoor,Oceania,Oceania,5,32
Oceania\shard0_33272.jpg,outdoor,Oceania,Oceania,6,33
Oceania\shard0_31776.jpg,outdoor,Oceania,Oceania,5,35
Oceania\shard0_05899.jpg,outdoor,Oceania,Oceania,5,32
Oceania\shard0_33584.jpg,outdoor,Oceania,Oceania,4,34
Oceania\shard0_30885.jpg,outdoor,Oceania,Oceania,6,33
Oceania\shard0_33887.jpg,outdoor,Oceania,Oceania,5,33
Oceania\shard0_32470.jpg,outdoor,Oceania,Oceania,5,32
Oceania\shard0_30933.jpg,outdoor,Oceania,Oceania,5,32
Oceania\shard0_30013.jpg,outdoor,Oceania,Oceania,5,31
Oceania\shard0_33027.jpg,outdoor,Oceania,Oceania,6,33
Oceania\shard0_00657.jpg,outdoor,Oceania,Oceania,5,33
Oceania\shard0_32824.jpg,outdoor,Oceania,Oceania,7,32
Oceania\shard0_32761.jpg,outdoor,Oceania,Oceania,5,33
Oceania\shard0_14570.jpg,outdoor,Oceania,Oceania,6,33
Oceania\shard0_22586.jpg,outdoor,Oceania,Oceania,5,29
Oceania\shard0_31359.jpg,outdoor,Oceania,Oceania,5,32
Oceania\shard0_30166.jpg,outdoor,Oceania,Oceania,5,33
Oceania\shard0_01713.jpg,outdoor,Oceania,Oceania,5,32
Oceania\shard0_30283.jpg,outdoor,Oceania,Oceania,5,35
Oceania\shard0_30813.jpg,outdoor,Oceania,Oceania,5,35
Oceania\shard0_32167.jpg,outdoor,Oceania,Oceania,5,35
Oceania\shard0_10840.jpg,outdoor,Oceania,Oceania,5,33
Oceania\shard0_32221.jpg,outdoor,Oceania,Oceania,5,32
Oceania\shard0_31276.jpg,outdoor,Oceania,Oceania,4,35
Oceania\shard0_16582.jpg,outdoor,Oceania,Oceania,5,33
Oceania\shard0_29032.jpg,outdoor,Oceania,Oceania,5,32
Oceania\shard0_31115.jpg,outdoor,Oceania,Oceania,5,32
Oceania\shard0_32818.jpg,outdoor,Oceania,Oceania,5,35
Oceania\shard0_17387.jpg,outdoor,Oceania,Oceania,5,29
Oceania\shard0_07581.jpg,outdoor,Oceania,Oceania,5,32
Oceania\shard0_32332.jpg,outdoor,Oceania,Oceania,5,33
Oceania\shard0_31166.jpg,outdoor,Oceania,Oceania,4,34
Oceania\shard0_32941.jpg,outdoor,Oceania,Oceania,4,32
Oceania\shard0_30839.jpg,outdoor,Oceania,Oceania,5,29
Oceania\shard0_31078.jpg,outdoor,Oceania,Oceania,5,35
Oceania\shard0_08025.jpg,outdoor,Oceania,Oceania,5,32
Oceania\shard0_33599.jpg,outdoor,Oceania,Oceania,6,33
Oceania\shard0_31826.jpg,outdoor,Oceania,Oceania,6,33
Oceania\shard0_30910.jpg,outdoor,Oceania,Oceania,7,35
Oceania\shard0_32922.jpg,outdoor,Oceania,Oceania,5,33
Oceania\shard0_33036.jpg,outdoor,Oceania,Oceania,5,33
Oceania\shard0_32352.jpg,outdoor,Oceania,Oceania,4,35
Oceania\shard0_33441.jpg,outdoor,Oceania,Oceania,5,32
Oceania\shard0_33762.jpg,outdoor,Oceania,Oceania,5,31
Oceania\shard0_33039.jpg,outdoor,Oceania,Oceania,6,33
Oceania\shard0_31874.jpg,outdoor,Oceania,Oceania,5,33
Oceania\shard0_33591.jpg,outdoor,Oceania,Oceania,5,35
Oceania\shard0_32591.jpg,outdoor,Oceania,Oceania,5,31
Oceania\shard0_31603.jpg,outdoor,Oceania,Oceania,5,32
Oceania\shard0_33221.jpg,outdoor,Oceania,Oceania,5,33
Oceania\shard0_32619.jpg,outdoor,Oceania,Oceania,5,32
Oceania\shard0_33371.jpg,outdoor,Oceania,Oceania,4,35
Oceania\shard0_30773.jpg,outdoor,Oceania,Oceania,5,35
Oceania\shard0_33377.jpg,outdoor,Oceania,Oceania,5,32
Oceania\shard0_17840.jpg,outdoor,Oceania,Oceania,5,32
Oceania\shard0_32928.jpg,outdoor,Oceania,Oceania,5,32
Oceania\shard0_33847.jpg,outdoor,Oceania,Oceania,5,29
Oceania\shard0_19898.jpg,outdoor,Oceania,Oceania,5,32
Oceania\shard0_33612.jpg,outdoor,Oceania,Oceania,4,35
Oceania\shard0_31877.jpg,outdoor,Oceania,Oceania,5,33
Oceania\shard0_12417.jpg,outdoor,Oceania,Oceania,5,35
Oceania\shard0_32882.jpg,outdoor,Oceania,Oceania,4,35
Oceania\shard0_30769.jpg,outdoor,Oceania,Oceania,4,35
Oceania\shard0_33174.jpg,outdoor,Oceania,Oceania,5,32
Oceania\shard0_15797.jpg,outdoor,Oceania,Oceania,5,33
Oceania\shard0_33786.jpg,outdoor,Oceania,Oceania,5,35
Oceania\shard0_31687.jpg,outdoor,Oceania,Oceania,4,35
Oceania\shard0_30841.jpg,outdoor,Oceania,Oceania,5,33
Oceania\shard0_30151.jpg,outdoor,Oceania,Oceania,5,35
Oceania\shard0_30765.jpg,outdoor,Oceania,Oceania,6,33
Oceania\shard0_19249.jpg,outdoor,Oceania,Oceania,5,33
Oceania\shard0_29173.jpg,outdoor,Oceania,Oceania,6,33
Oceania\shard0_32574.jpg,outdoor,Oceania,Oceania,4,34
Oceania\shard0_30519.jpg,outdoor,Oceania,Oceania,4,35
Oceania\shard0_30870.jpg,outdoor,Oceania,Oceania,5,32
Oceania\shard0_32618.jpg,outdoor,Oceania,Oceania,4,32
Oceania\shard0_31575.jpg,outdoor,Oceania,Oceania,5,33
Oceania\shard0_30496.jpg,outdoor,Oceania,Oceania,6,33
Oceania\shard0_30413.jpg,outdoor,Oceania,Oceania,5,29
Oceania\shard0_31028.jpg,outdoor,Oceania,Oceania,5,29
Oceania\shard0_32277.jpg,outdoor,Oceania,Oceania,6,33
Oceania\shard0_30951.jpg,outdoor,Oceania,Oceania,5,32
Oceania\shard0_33735.jpg,outdoor,Oceania,Oceania,5,32
Oceania\shard0_33415.jpg,outdoor,Oceania,Oceania,5,29
Oceania\shard0_32138.jpg,outdoor,Oceania,Oceania,5,35
Oceania\shard0_06450.jpg,outdoor,Oceania,Oceania,5,33
Oceania\shard0_30663.jpg,outdoor,Oceania,Oceania,5,32
Oceania\shard0_32844.jpg,outdoor,Oceania,Oceania,6,33
Oceania\shard0_30928.jpg,outdoor,Oceania,Oceania,5,32
Oceania\shard0_18246.jpg,outdoor,Oceania,Oceania,6,33
Oceania\shard0_30912.jpg,outdoor,Oceania,Oceania,5,33
Oceania\shard0_30197.jpg,outdoor,Oceania,Oceania,4,35
Oceania\shard0_30528.jpg,outdoor,Oceania,Oceania,5,35
Oceania\shard0_32185.jpg,outdoor,Oceania,Oceania,5,31
Oceania\shard0_30879.jpg,outdoor,Oceania,Oceania,5,31
Oceania\shard0_31414.jpg,outdoor,Oceania,Oceania,5,29
Oceania\shard0_33093.jpg,outdoor,Oceania,Oceania,5,35
Oceania\shard0_07075.jpg,outdoor,Oceania,Oceania,5,33
Oceania\shard0_33073.jpg,outdoor,Oceania,Oceania,5,32
Oceania\shard0_32775.jpg,outdoor,Oceania,Oceania,6,33
Oceania\shard0_33131.jpg,outdoor,Oceania,Oceania,5,32
Oceania\shard0_33319.jpg,outdoor,Oceania,Oceania,5,33
Oceania\shard0_32027.jpg,outdoor,Oceania,Oceania,5,32
Oceania\shard0_33910.jpg,outdoor,Oceania,Oceania,5,32
Oceania\shard0_33058.jpg,outdoor,Oceania,Oceania,5,33
Oceania\shard0_30261.jpg,outdoor,Oceania,Oceania,6,29
Oceania\shard0_31264.jpg,outdoor,Oceania,Oceania,5,33
Oceania\shard0_33590.jpg,outdoor,Oceania,Oceania,5,32
Oceania\shard0_30619.jpg,outdoor,Oceania,Oceania,4,34
Oceania\shard0_00321.jpg,outdoor,Oceania,Oceania,5,31
Oceania\shard0_32113.jpg,outdoor,Oceania,Oceania,5,35
Oceania\shard0_32013.jpg,outdoor,Oceania,Oceania,5,35
Oceania\shard0_30362.jpg,outdoor,Oceania,Oceania,5,32
Oceania\shard0_30090.jpg,outdoor,Oceania,Oceania,5,32
Oceania\shard0_32093.jpg,outdoor,Oceania,Oceania,5,32
Oceania\shard0_06685.jpg,outdoor,Oceania,Oceania,5,35
Oceania\shard0_30561.jpg,outdoor,Oceania,Oceania,5,32
Oceania\shard0_16453.jpg,outdoor,Oceania,Oceania,5,32
Oceania\shard0_32765.jpg,outdoor,Oceania,Oceania,5,32
Oceania\shard0_31522.jpg,outdoor,Oceania,Oceania,4,34
Oceania\shard0_31509.jpg,outdoor,Oceania,Oceania,5,35
Oceania\shard0_33758.jpg,outdoor,Oceania,Oceania,5,32
Oceania\shard0_00549.jpg,outdoor,Oceania,Oceania,5,32
Oceania\shard0_32773.jpg,outdoor,Oceania,Oceania,6,33
Oceania\shard0_10926.jpg,outdoor,Oceania,Oceania,5,33
Oceania\shard0_32193.jpg,outdoor,Oceania,Oceania,4,35
Oceania\shard0_32536.jpg,outdoor,Oceania,Oceania,5,33
Oceania\shard0_31301.jpg,outdoor,Oceania,Oceania,7,31
Oceania\shard0_31904.jpg,outdoor,Oceania,Oceania,5,32
Oceania\shard0_31752.jpg,outdoor,Oceania,Oceania,5,32
Oceania\shard0_30605.jpg,outdoor,Oceania,Oceania,5,32
Oceania\shard0_26353.jpg,outdoor,Oceania,Oceania,5,33
Oceania\shard0_30030.jpg,outdoor,Oceania,Oceania,5,32
Oceania\shard0_10017.jpg,outdoor,Oceania,Oceania,4,35
Oceania\shard0_33062.jpg,outdoor,Oceania,Oceania,5,31
Oceania\shard0_14658.jpg,outdoor,Oceania,Oceania,4,35
Oceania\shard0_30811.jpg,outdoor,Oceania,Oceania,5,33
Oceania\shard0_32963.jpg,outdoor,Oceania,Oceania,5,35
Oceania\shard0_32900.jpg,outdoor,Oceania,Oceania,5,32
Oceania\shard0_31188.jpg,outdoor,Oceania,Oceania,5,33
Oceania\shard0_28457.jpg,outdoor,Oceania,Oceania,6,32
Oceania\shard0_08056.jpg,outdoor,Oceania,Oceania,5,32
Oceania\shard0_21924.jpg,outdoor,Oceania,Oceania,5,33
Oceania\shard0_30737.jpg,outdoor,Oceania,Oceania,5,33
Oceania\shard0_31885.jpg,outdoor,Oceania,Oceania,4,35
Oceania\shard0_24499.jpg,outdoor,Oceania,Oceania,4,35
Oceania\shard0_31828.jpg,outdoor,Oceania,Oceania,5,32
Oceania\shard0_31899.jpg,outdoor,Oceania,Oceania,4,35
Oceania\shard0_28767.jpg,outdoor,Oceania,Oceania,5,33
Oceania\shard0_31345.jpg,outdoor,Oceania,Oceania,4,35
Oceania\shard0_20150.jpg,outdoor,Oceania,Oceania,6,33
Oceania\shard0_29783.jpg,outdoor,Oceania,Oceania,5,35
Oceania\shard0_33528.jpg,outdoor,Oceania,Oceania,4,34
Oceania\shard0_31887.jpg,outdoor,Oceania,Oceania,5,31
Oceania\shard0_33424.jpg,outdoor,Oceania,Oceania,5,32
Oceania\shard0_30511.jpg,outdoor,Oceania,Oceania,5,33
Oceania\shard0_33687.jpg,outdoor,Oceania,Oceania,4,35
Oceania\shard0_30924.jpg,outdoor,Oceania,Oceania,5,33
Oceania\shard0_31448.jpg,outdoor,Oceania,Oceania,5,32
Oceania\shard0_31876.jpg,outdoor,Oceania,Oceania,4,34
Oceania\shard0_30158.jpg,outdoor,Oceania,Oceania,5,29
Oceania\shard0_33313.jpg,outdoor,Oceania,Oceania,5,33
Oceania\shard0_07237.jpg,outdoor,Oceania,Oceania,4,35
Oceania\shard0_33231.jpg,outdoor,Oceania,Oceania,4,35
Oceania\shard0_33030.jpg,outdoor,Oceania,Oceania,5,35
Oceania\shard0_22052.jpg,outdoor,Oceania,Oceania,5,33
Oceania\shard0_30468.jpg,outdoor,Oceania,Oceania,5,32
Oceania\shard0_30070.jpg,outdoor,Oceania,Oceania,5,32
Oceania\shard0_31604.jpg,outdoor,Oceania,Oceania,5,33
Oceania\shard0_15131.jpg,outdoor,Oceania,Oceania,4,32
Oceania\shard0_20603.jpg,outdoor,Oceania,Oceania,7,31
Oceania\shard0_04458.jpg,outdoor,Oceania,Oceania,8,32
Oceania\shard0_32751.jpg,outdoor,Oceania,Oceania,4,35
Oceania\shard0_33824.jpg,outdoor,Oceania,Oceania,5,33
Oceania\shard0_06714.jpg,outdoor,Oceania,Oceania,5,29
Oceania\shard0_31774.jpg,outdoor,Oceania,Oceania,5,33
Oceania\shard0_31944.jpg,outdoor,Oceania,Oceania,5,32
Oceania\shard0_32795.jpg,outdoor,Oceania,Oceania,4,34
Oceania\shard0_33218.jpg,outdoor,Oceania,Oceania,5,31
Oceania\shard0_33507.jpg,outdoor,Oceania,Oceania,7,32
Oceania\shard0_30288.jpg,outdoor,Oceania,Oceania,5,32
Oceania\shard0_31587.jpg,outdoor,Oceania,Oceania,5,31
Oceania\shard0_32173.jpg,outdoor,Oceania,Oceania,6,33
Oceania\shard0_13416.jpg,outdoor,Oceania,Oceania,5,33
Oceania\shard0_32299.jpg,outdoor,Oceania,Oceania,5,33
Oceania\shard0_32847.jpg,outdoor,Oceania,Oceania,5,29
Oceania\shard0_30729.jpg,outdoor,Oceania,Oceania,6,33
Oceania\shard0_33598.jpg,outdoor,Oceania,Oceania,5,32
Oceania\shard0_31605.jpg,outdoor,Oceania,Oceania,5,33
Oceania\shard0_33159.jpg,outdoor,Oceania,Oceania,5,32
Oceania\shard0_32709.jpg,outdoor,Oceania,Oceania,4,35
Oceania\shard0_31809.jpg,outdoor,Oceania,Oceania,5,32
Oceania\shard0_19553.jpg,outdoor,Oceania,Oceania,5,32
Oceania\shard0_16799.jpg,outdoor,Oceania,Oceania,5,31
Oceania\shard0_32226.jpg,outdoor,Oceania,Oceania,5,32
Oceania\shard0_33596.jpg,outdoor,Oceania,Oceania,4,35
Oceania\shard0_31185.jpg,outdoor,Oceania,Oceania,5,35
Oceania\shard0_30717.jpg,outdoor,Oceania,Oceania,5,32
Oceania\shard0_30408.jpg,outdoor,Oceania,Oceania,5,33
Oceania\shard0_32116.jpg,outdoor,Oceania,Oceania,4,35
Oceania\shard0_16672.jpg,outdoor,Oceania,Oceania,5,33
Oceania\shard0_31656.jpg,outdoor,Oceania,Oceania,5,32
Oceania\shard0_16259.jpg,outdoor,Oceania,Oceania,5,35
Oceania\shard0_32862.jpg,outdoor,Oceania,Oceania,5,33
Oceania\shard0_00500.jpg,outdoor,Oceania,Oceania,5,33
Oceania\shard0_30688.jpg,outdoor,Oceania,Oceania,6,33
Oceania\shard0_08742.jpg,outdoor,Oceania,Oceania,5,33
Oceania\shard0_13026.jpg,outdoor,Oceania,Oceania,6,33
Oceania\shard0_32382.jpg,outdoor,Oceania,Oceania,5,33
Oceania\shard0_32993.jpg,outdoor,Oceania,Oceania,5,35
Oceania\shard0_30697.jpg,outdoor,Oceania,Oceania,4,34
Oceania\shard0_12991.jpg,outdoor,Oceania,Oceania,6,33
Oceania\shard0_30562.jpg,outdoor,Oceania,Oceania,5,33
Oceania\shard0_07062.jpg,outdoor,Oceania,Oceania,6,29
Oceania\shard0_16237.jpg,outdoor,Oceania,Oceania,5,35
Oceania\shard0_30130.jpg,outdoor,Oceania,Oceania,5,33
Oceania\shard0_33548.jpg,outdoor,Oceania,Oceania,5,31
Oceania\shard0_32278.jpg,outdoor,Oceania,Oceania,5,32
Oceania\shard0_28865.jpg,outdoor,Oceania,Oceania,5,33
Oceania\shard0_07066.jpg,outdoor,Oceania,Oceania,5,33
Oceania\shard0_05777.jpg,outdoor,Oceania,Oceania,5,33
Oceania\shard0_27125.jpg,outdoor,Oceania,Oceania,4,35
Oceania\shard0_11283.jpg,outdoor,Oceania,Oceania,5,32
Oceania\shard0_30285.jpg,outdoor,Oceania,Oceania,5,29
Oceania\shard0_33540.jpg,outdoor,Oceania,Oceania,5,31
Oceania\shard0_33147.jpg,outdoor,Oceania,Oceania,5,32
Oceania\shard0_16531.jpg,outdoor,Oceania,Oceania,5,33
Oceania\shard0_31615.jpg,outdoor,Oceania,Oceania,5,32
Oceania\shard0_32537.jpg,outdoor,Oceania,Oceania,6,33
Oceania\shard0_33176.jpg,outdoor,Oceania,Oceania,4,32
Oceania\shard0_30267.jpg,outdoor,Oceania,Oceania,6,33
Oceania\shard0_30564.jpg,outdoor,Oceania,Oceania,4,35
Oceania\shard0_09813.jpg,outdoor,Oceania,Oceania,5,32
Oceania\shard0_29726.jpg,outdoor,Oceania,Oceania,5,32
Oceania\shard0_30795.jpg,outdoor,Oceania,Oceania,5,33
Oceania\shard0_25542.jpg,outdoor,Oceania,Oceania,5,31
Oceania\shard0_32265.jpg,outdoor,Oceania,Oceania,4,35
Oceania\shard0_33398.jpg,outdoor,Oceania,Oceania,6,32
Oceania\shard0_30120.jpg,outdoor,Oceania,Oceania,5,32
Oceania\shard0_00057.jpg,outdoor,Oceania,Oceania,5,31
Oceania\shard0_33803.jpg,outdoor,Oceania,Oceania,5,32
Oceania\shard0_24075.jpg,outdoor,Oceania,Oceania,5,33
Oceania\shard0_31661.jpg,outdoor,Oceania,Oceania,6,33
Oceania\shard0_00081.jpg,outdoor,Oceania,Oceania,5,33
Oceania\shard0_33242.jpg,outdoor,Oceania,Oceania,5,32
Oceania\shard0_32889.jpg,outdoor,Oceania,Oceania,5,32
Oceania\shard0_28341.jpg,outdoor,Oceania,Oceania,5,32
Oceania\shard0_11568.jpg,outdoor,Oceania,Oceania,5,32
Oceania\shard0_31053.jpg,outdoor,Oceania,Oceania,5,33
Oceania\shard0_27791.jpg,outdoor,Oceania,Oceania,6,34
Oceania\shard0_12395.jpg,outdoor,Oceania,Oceania,5,33
Oceania\shard0_30689.jpg,outdoor,Oceania,Oceania,5,32
Oceania\shard0_32147.jpg,outdoor,Oceania,Oceania,4,34
Oceania\shard0_31272.jpg,outdoor,Oceania,Oceania,5,29
Oceania\shard0_32318.jpg,outdoor,Oceania,Oceania,5,33
Oceania\shard0_31982.jpg,outdoor,Oceania,Oceania,5,32
Oceania\shard0_30559.jpg,outdoor,Oceania,Oceania,5,32
Oceania\shard0_31719.jpg,outdoor,Oceania,Oceania,5,32
Oceania\shard0_33022.jpg,outdoor,Oceania,Oceania,4,35
Oceania\shard0_32212.jpg,outdoor,Oceania,Oceania,5,33
Oceania\shard0_13935.jpg,outdoor,Oceania,Oceania,7,31
Oceania\shard0_30153.jpg,outdoor,Oceania,Oceania,4,32
Oceania\shard0_33063.jpg,outdoor,Oceania,Oceania,5,32
Oceania\shard0_33610.jpg,outdoor,Oceania,Oceania,5,33
Oceania\shard0_32590.jpg,outdoor,Oceania,Oceania,5,35
Oceania\shard0_16107.jpg,outdoor,Oceania,Oceania,5,33
Oceania\shard0_31658.jpg,outdoor,Oceania,Oceania,4,34
Oceania\shard0_32349.jpg,outdoor,Oceania,Oceania,4,35
Oceania\shard0_30228.jpg,outdoor,Oceania,Oceania,5,33
Oceania\shard0_30061.jpg,outdoor,Oceania,Oceania,5,35
Oceania\shard0_22274.jpg,outdoor,Oceania,Oceania,5,32
Oceania\shard0_30026.jpg,outdoor,Oceania,Oceania,4,35
Oceania\shard0_33858.jpg,outdoor,Oceania,Oceania,5,33
Oceania\shard0_32554.jpg,outdoor,Oceania,Oceania,4,32
Oceania\shard0_30081.jpg,outdoor,Oceania,Oceania,5,33
Oceania\shard0_32259.jpg,outdoor,Oceania,Oceania,5,33
Oceania\shard0_31866.jpg,outdoor,Oceania,Oceania,5,32
Oceania\shard0_11513.jpg,outdoor,Oceania,Oceania,4,35
Oceania\shard0_32098.jpg,outdoor,Oceania,Oceania,7,32
Oceania\shard0_31282.jpg,outdoor,Oceania,Oceania,4,35
Oceania\shard0_32757.jpg,outdoor,Oceania,Oceania,5,32
Oceania\shard0_32918.jpg,outdoor,Oceania,Oceania,4,32
Oceania\shard0_03438.jpg,outdoor,Oceania,Oceania,5,35
Oceania\shard0_32897.jpg,outdoor,Oceania,Oceania,5,35
Oceania\shard0_01250.jpg,outdoor,Oceania,Oceania,4,35
Oceania\shard0_31419.jpg,outdoor,Oceania,Oceania,5,29
Oceania\shard0_07328.jpg,outdoor,Oceania,Oceania,4,32
Oceania\shard0_27396.jpg,outdoor,Oceania,Oceania,5,33
Oceania\shard0_30489.jpg,outdoor,Oceania,Oceania,5,33
Oceania\shard0_32103.jpg,outdoor,Oceania,Oceania,4,34
Oceania\shard0_04388.jpg,outdoor,Oceania,Oceania,4,35
Oceania\shard0_31459.jpg,outdoor,Oceania,Oceania,5,33
Oceania\shard0_32842.jpg,outdoor,Oceania,Oceania,4,35
Oceania\shard0_32758.jpg,outdoor,Oceania,Oceania,5,35
Oceania\shard0_33184.jpg,outdoor,Oceania,Oceania,4,35
Oceania\shard0_32327.jpg,outdoor,Oceania,Oceania,5,33
Oceania\shard0_24665.jpg,outdoor,Oceania,Oceania,5,33
Oceania\shard0_33329.jpg,outdoor,Oceania,Oceania,5,33
Oceania\shard0_33676.jpg,outdoor,Oceania,Oceania,6,33
Oceania\shard0_32885.jpg,outdoor,Oceania,Oceania,4,35
Oceania\shard0_32542.jpg,outdoor,Oceania,Oceania,5,33
Oceania\shard0_33825.jpg,outdoor,Oceania,Oceania,5,35
Oceania\shard0_18802.jpg,outdoor,Oceania,Oceania,6,33
Oceania\shard0_30349.jpg,outdoor,Oceania,Oceania,6,31
Oceania\shard0_32209.jpg,outdoor,Oceania,Oceania,5,33
Oceania\shard0_30972.jpg,outdoor,Oceania,Oceania,5,33
Oceania\shard0_30977.jpg,outdoor,Oceania,Oceania,5,33
Oceania\shard0_32391.jpg,outdoor,Oceania,Oceania,5,33
Oceania\shard0_31636.jpg,outdoor,Oceania,Oceania,4,35
Oceania\shard0_32825.jpg,outdoor,Oceania,Oceania,4,32
Oceania\shard0_31951.jpg,outdoor,Oceania,Oceania,4,35
Oceania\shard0_30159.jpg,outdoor,Oceania,Oceania,4,34
Oceania\shard0_18996.jpg,outdoor,Oceania,Oceania,5,32
Oceania\shard0_33283.jpg,outdoor,Oceania,Oceania,6,31
Oceania\shard0_31424.jpg,outdoor,Oceania,Oceania,5,32
Oceania\shard0_03914.jpg,outdoor,Oceania,Oceania,5,33
Oceania\shard0_01457.jpg,outdoor,Oceania,Oceania,5,33
Oceania\shard0_33069.jpg,outdoor,Oceania,Oceania,5,32
Oceania\shard0_26677.jpg,outdoor,Oceania,Oceania,4,34
Oceania\shard0_30290.jpg,outdoor,Oceania,Oceania,5,33
Oceania\shard0_02775.jpg,outdoor,Oceania,Oceania,5,33
Oceania\shard0_30108.jpg,outdoor,Oceania,Oceania,5,32
Oceania\shard0_15333.jpg,outdoor,Oceania,Oceania,5,35
Oceania\shard0_30275.jpg,outdoor,Oceania,Oceania,5,32
Oceania\shard0_32397.jpg,outdoor,Oceania,Oceania,6,33
Oceania\shard0_30086.jpg,outdoor,Oceania,Oceania,4,32
Oceania\shard0_00137.jpg,outdoor,Oceania,Oceania,4,35
Oceania\shard0_31504.jpg,outdoor,Oceania,Oceania,5,33
Oceania\shard0_30476.jpg,outdoor,Oceania,Oceania,6,33
Oceania\shard0_31020.jpg,outdoor,Oceania,Oceania,5,35
Oceania\shard0_17111.jpg,outdoor,Oceania,Oceania,5,32
Oceania\shard0_02300.jpg,outdoor,Oceania,Oceania,6,32
Oceania\shard0_33191.jpg,outdoor,Oceania,Oceania,5,32
Oceania\shard0_05373.jpg,outdoor,Oceania,Oceania,5,32
Oceania\shard0_17963.jpg,outdoor,Oceania,Oceania,5,31
Oceania\shard0_31091.jpg,outdoor,Oceania,Oceania,4,35
Oceania\shard0_12116.jpg,outdoor,Oceania,Oceania,5,33
Oceania\shard0_10788.jpg,outdoor,Oceania,Oceania,5,35
Oceania\shard0_31234.jpg,outdoor,Oceania,Oceania,5,33
Oceania\shard0_33643.jpg,outdoor,Oceania,Oceania,4,35
Oceania\shard0_32400.jpg,outdoor,Oceania,Oceania,5,35
Oceania\shard0_30450.jpg,outdoor,Oceania,Oceania,5,33
Oceania\shard0_31146.jpg,outdoor,Oceania,Oceania,5,33
Oceania\shard0_32280.jpg,outdoor,Oceania,Oceania,5,31
Oceania\shard0_32508.jpg,outdoor,Oceania,Oceania,5,33
Oceania\shard0_33323.jpg,outdoor,Oceania,Oceania,5,33
Oceania\shard0_17837.jpg,outdoor,Oceania,Oceania,5,32
Oceania\shard0_26644.jpg,outdoor,Oceania,Oceania,5,32
Oceania\shard0_11802.jpg,outdoor,Oceania,Oceania,6,33
Oceania\shard0_30119.jpg,outdoor,Oceania,Oceania,5,33
Oceania\shard0_33757.jpg,outdoor,Oceania,Oceania,4,34
Oceania\shard0_31825.jpg,outdoor,Oceania,Oceania,5,29
Oceania\shard0_27154.jpg,outdoor,Oceania,Oceania,5,32
Oceania\shard0_33226.jpg,outdoor,Oceania,Oceania,6,33
Oceania\shard0_30042.jpg,outdoor,Oceania,Oceania,5,33
Oceania\shard0_31957.jpg,outdoor,Oceania,Oceania,5,35
Oceania\shard0_32373.jpg,outdoor,Oceania,Oceania,5,32
Oceania\shard0_31817.jpg,outdoor,Oceania,Oceania,5,31
Oceania\shard0_31081.jpg,outdoor,Oceania,Oceania,5,35
Oceania\shard0_32671.jpg,outdoor,Oceania,Oceania,5,33
Oceania\shard0_03028.jpg,outdoor,Oceania,Oceania,5,33
Oceania\shard0_32540.jpg,outdoor,Oceania,Oceania,5,33
Oceania\shard0_04662.jpg,outdoor,Oceania,Oceania,6,33
Oceania\shard0_30161.jpg,outdoor,Oceania,Oceania,5,30
Oceania\shard0_32082.jpg,outdoor,Oceania,Oceania,6,33
Oceania\shard0_33379.jpg,outdoor,Oceania,Oceania,6,33
Oceania\shard0_14191.jpg,outdoor,Oceania,Oceania,6,33
Oceania\shard0_32086.jpg,outdoor,Oceania,Oceania,5,31
Oceania\shard0_18447.jpg,outdoor,Oceania,Oceania,4,35
Oceania\shard0_32126.jpg,outdoor,Oceania,Oceania,5,32
Oceania\shard0_31765.jpg,outdoor,Oceania,Oceania,5,35
Oceania\shard0_32253.jpg,outdoor,Oceania,Oceania,4,35
Oceania\shard0_30565.jpg,outdoor,Oceania,Oceania,5,32
Oceania\shard0_31356.jpg,outdoor,Oceania,Oceania,5,29
Oceania\shard0_32899.jpg,outdoor,Oceania,Oceania,4,32
Oceania\shard0_05529.jpg,outdoor,Oceania,Oceania,5,33
Oceania\shard0_02140.jpg,outdoor,Oceania,Oceania,5,33
Oceania\shard0_06328.jpg,outdoor,Oceania,Oceania,5,32
Oceania\shard0_10365.jpg,outdoor,Oceania,Oceania,5,32
Oceania\shard0_31926.jpg,outdoor,Oceania,Oceania,4,35
Oceania\shard0_02730.jpg,outdoor,Oceania,Oceania,6,33
Oceania\shard0_28282.jpg,outdoor,Oceania,Oceania,5,32
Oceania\shard0_03544.jpg,outdoor,Oceania,Oceania,5,29
Oceania\shard0_32154.jpg,outdoor,Oceania,Oceania,7,31
Oceania\shard0_32557.jpg,outdoor,Oceania,Oceania,5,35
Oceania\shard0_33275.jpg,outdoor,Oceania,Oceania,5,29
Oceania\shard0_32486.jpg,outdoor,Oceania,Oceania,4,35
Oceania\shard0_31814.jpg,outdoor,Oceania,Oceania,5,32
Oceania\shard0_09381.jpg,outdoor,Oceania,Oceania,5,33
Oceania\shard0_07056.jpg,outdoor,Oceania,Oceania,5,33
Oceania\shard0_30691.jpg,outdoor,Oceania,Oceania,5,32
Oceania\shard0_30461.jpg,outdoor,Oceania,Oceania,5,31
Oceania\shard0_06721.jpg,outdoor,Oceania,Oceania,5,35
Oceania\shard0_04018.jpg,outdoor,Oceania,Oceania,5,33
Oceania\shard0_33454.jpg,outdoor,Oceania,Oceania,5,33
Oceania\shard0_30376.jpg,outdoor,Oceania,Oceania,5,32
Oceania\shard0_27776.jpg,outdoor,Oceania,Oceania,4,35
Oceania\shard0_30960.jpg,outdoor,Oceania,Oceania,5,32
Oceania\shard0_32171.jpg,outdoor,Oceania,Oceania,6,31
Oceania\shard0_30875.jpg,outdoor,Oceania,Oceania,5,33
Oceania\shard0_33346.jpg,outdoor,Oceania,Oceania,6,33
Oceania\shard0_08430.jpg,outdoor,Oceania,Oceania,5,35
Oceania\shard0_12602.jpg,outdoor,Oceania,Oceania,5,35
Oceania\shard0_31626.jpg,outdoor,Oceania,Oceania,5,33
Oceania\shard0_23205.jpg,outdoor,Oceania,Oceania,6,33
Oceania\shard0_32196.jpg,outdoor,Oceania,Oceania,4,35
Oceania\shard0_30594.jpg,outdoor,Oceania,Oceania,4,35
Oceania\shard0_31685.jpg,outdoor,Oceania,Oceania,6,33
Oceania\shard0_33162.jpg,outdoor,Oceania,Oceania,6,33
Oceania\shard0_04771.jpg,outdoor,Oceania,Oceania,5,31
Oceania\shard0_32230.jpg,outdoor,Oceania,Oceania,4,35
Oceania\shard0_30480.jpg,outdoor,Oceania,Oceania,5,29
Oceania\shard0_30319.jpg,outdoor,Oceania,Oceania,5,31
Oceania\shard0_32524.jpg,outdoor,Oceania,Oceania,5,33
Oceania\shard0_32663.jpg,outdoor,Oceania,Oceania,4,34
Oceania\shard0_05175.jpg,outdoor,Oceania,Oceania,5,32
Oceania\shard0_22883.jpg,outdoor,Oceania,Oceania,5,35
Oceania\shard0_03839.jpg,outdoor,Oceania,Oceania,4,35
Oceania\shard0_29781.jpg,outdoor,Oceania,Oceania,6,33
Oceania\shard0_32350.jpg,outdoor,Oceania,Oceania,5,32
Oceania\shard0_32523.jpg,outdoor,Oceania,Oceania,5,29
Oceania\shard0_31409.jpg,outdoor,Oceania,Oceania,6,31
Oceania\shard0_30732.jpg,outdoor,Oceania,Oceania,4,35
Oceania\shard0_31620.jpg,outdoor,Oceania,Oceania,5,30
Oceania\shard0_33532.jpg,outdoor,Oceania,Oceania,6,33
Oceania\shard0_33460.jpg,outdoor,Oceania,Oceania,5,35
Oceania\shard0_33896.jpg,outdoor,Oceania,Oceania,5,29
Oceania\shard0_30384.jpg,outdoor,Oceania,Oceania,5,33
Oceania\shard0_30888.jpg,outdoor,Oceania,Oceania,5,32
Oceania\shard0_20068.jpg,outdoor,Oceania,Oceania,5,32
Oceania\shard0_11876.jpg,outdoor,Oceania,Oceania,5,32
Oceania\shard0_33823.jpg,outdoor,Oceania,Oceania,5,33
Oceania\shard0_13325.jpg,outdoor,Oceania,Oceania,4,32
Oceania\shard0_31623.jpg,outdoor,Oceania,Oceania,5,33
Oceania\shard0_33632.jpg,outdoor,Oceania,Oceania,4,35
Oceania\shard0_06168.jpg,outdoor,Oceania,Oceania,6,33
Oceania\shard0_22955.jpg,outdoor,Oceania,Oceania,6,33
Oceania\shard0_30173.jpg,outdoor,Oceania,Oceania,5,33
Oceania\shard0_12609.jpg,outdoor,Oceania,Oceania,5,32
Oceania\shard0_33118.jpg,outdoor,Oceania,Oceania,5,29
Oceania\shard0_32170.jpg,outdoor,Oceania,Oceania,5,32
Oceania\shard0_33908.jpg,outdoor,Oceania,Oceania,5,35
Oceania\shard0_04693.jpg,outdoor,Oceania,Oceania,5,33
Oceania\shard0_32460.jpg,outdoor,Oceania,Oceania,5,32
Oceania\shard0_01755.jpg,outdoor,Oceania,Oceania,5,33
Oceania\shard0_33141.jpg,outdoor,Oceania,Oceania,5,35
Oceania\shard0_33457.jpg,outdoor,Oceania,Oceania,5,33
Oceania\shard0_23326.jpg,outdoor,Oceania,Oceania,5,32
Oceania\shard0_31908.jpg,outdoor,Oceania,Oceania,5,31
Oceania\shard0_30270.jpg,outdoor,Oceania,Oceania,4,34
Oceania\shard0_32541.jpg,outdoor,Oceania,Oceania,6,31
Oceania\shard0_33233.jpg,outdoor,Oceania,Oceania,4,35
Oceania\shard0_00008.jpg,outdoor,Oceania,Oceania,6,33
Oceania\shard0_32895.jpg,outdoor,Oceania,Oceania,6,33
Oceania\shard0_31156.jpg,outdoor,Oceania,Oceania,5,35
Oceania\shard0_31168.jpg,outdoor,Oceania,Oceania,5,32
Oceania\shard0_32588.jpg,outdoor,Oceania,Oceania,6,33
Oceania\shard0_04139.jpg,outdoor,Oceania,Oceania,4,35
Oceania\shard0_31941.jpg,outdoor,Oceania,Oceania,5,32
Oceania\shard0_32615.jpg,outdoor,Oceania,Oceania,5,31
Oceania\shard0_30183.jpg,outdoor,Oceania,Oceania,5,33
Oceania\shard0_32764.jpg,outdoor,Oceania,Oceania,4,32
Oceania\shard0_33109.jpg,outdoor,Oceania,Oceania,4,35
Oceania\shard0_31017.jpg,outdoor,Oceania,Oceania,4,35
Oceania\shard0_31886.jpg,outdoor,Oceania,Oceania,5,31
Oceania\shard0_30397.jpg,outdoor,Oceania,Oceania,5,32
Oceania\shard0_32387.jpg,outdoor,Oceania,Oceania,5,33
Oceania\shard0_32587.jpg,outdoor,Oceania,Oceania,5,33
Oceania\shard0_26406.jpg,outdoor,Oceania,Oceania,5,32
Oceania\shard0_30515.jpg,outdoor,Oceania,Oceania,5,33
Oceania\shard0_20780.jpg,outdoor,Oceania,Oceania,5,32
Oceania\shard0_19891.jpg,outdoor,Oceania,Oceania,5,33
Oceania\shard0_33181.jpg,outdoor,Oceania,Oceania,5,32
Oceania\shard0_33268.jpg,outdoor,Oceania,Oceania,5,29
Oceania\shard0_05309.jpg,outdoor,Oceania,Oceania,5,33
Oceania\shard0_32310.jpg,outdoor,Oceania,Oceania,5,31
Oceania\shard0_33672.jpg,outdoor,Oceania,Oceania,5,32
Oceania\shard0_30211.jpg,outdoor,Oceania,Oceania,4,35
Oceania\shard0_33355.jpg,outdoor,Oceania,Oceania,5,33
Oceania\shard0_30524.jpg,outdoor,Oceania,Oceania,4,34
Oceania\shard0_31427.jpg,outdoor,Oceania,Oceania,5,32
Oceania\shard0_03153.jpg,outdoor,Oceania,Oceania,5,33
Oceania\shard0_31560.jpg,outdoor,Oceania,Oceania,5,33
Oceania\shard0_30582.jpg,outdoor,Oceania,Oceania,6,33
Oceania\shard0_33048.jpg,outdoor,Oceania,Oceania,4,35
Oceania\shard0_31472.jpg,outdoor,Oceania,Oceania,5,35
Oceania\shard0_11256.jpg,outdoor,Oceania,Oceania,5,32
Oceania\shard0_07347.jpg,outdoor,Oceania,Oceania,5,32
Oceania\shard0_31119.jpg,outdoor,Oceania,Oceania,5,32
Oceania\shard0_19521.jpg,outdoor,Oceania,Oceania,5,32
Oceania\shard0_33025.jpg,outdoor,Oceania,Oceania,5,33
Oceania\shard0_31231.jpg,outdoor,Oceania,Oceania,5,35
Oceania\shard0_33692.jpg,outdoor,Oceania,Oceania,4,35
Oceania\shard0_33211.jpg,outdoor,Oceania,Oceania,5,29
Oceania\shard0_31496.jpg,outdoor,Oceania,Oceania,7,32
Oceania\shard0_31481.jpg,outdoor,Oceania,Oceania,5,33
Oceania\shard0_33350.jpg,outdoor,Oceania,Oceania,5,31
Oceania\shard0_32552.jpg,outdoor,Oceania,Oceania,5,32
Oceania\shard0_00298.jpg,outdoor,Oceania,Oceania,5,33
Oceania\shard0_23366.jpg,outdoor,Oceania,Oceania,5,32
Oceania\shard0_30256.jpg,outdoor,Oceania,Oceania,5,32
Oceania\shard0_12820.jpg,outdoor,Oceania,Oceania,4,35
Oceania\shard0_30645.jpg,outdoor,Oceania,Oceania,5,35
Oceania\shard0_32275.jpg,outdoor,Oceania,Oceania,5,32
Oceania\shard0_20143.jpg,outdoor,Oceania,Oceania,4,34
Oceania\shard0_32691.jpg,outdoor,Oceania,Oceania,4,32
Oceania\shard0_33699.jpg,outdoor,Oceania,Oceania,5,33
Oceania\shard0_32192.jpg,outdoor,Oceania,Oceania,5,33
Oceania\shard0_30710.jpg,outdoor,Oceania,Oceania,5,33
Oceania\shard0_30741.jpg,outdoor,Oceania,Oceania,5,33
Oceania\shard0_30356.jpg,outdoor,Oceania,Oceania,7,35
Oceania\shard0_32435.jpg,outdoor,Oceania,Oceania,7,35
Oceania\shard0_23831.jpg,outdoor,Oceania,Oceania,5,35
Oceania\shard0_32551.jpg,outdoor,Oceania,Oceania,5,32
Oceania\shard0_31396.jpg,outdoor,Oceania,Oceania,5,32
Oceania\shard0_31281.jpg,outdoor,Oceania,Oceania,6,33
Oceania\shard0_30826.jpg,outdoor,Oceania,Oceania,5,33
Oceania\shard0_25496.jpg,outdoor,Oceania,Oceania,5,32
Oceania\shard0_30325.jpg,outdoor,Oceania,Oceania,6,33
Oceania\shard0_02077.jpg,outdoor,Oceania,Oceania,5,32
Oceania\shard0_30610.jpg,outdoor,Oceania,Oceania,4,35
Oceania\shard0_30306.jpg,outdoor,Oceania,Oceania,5,33
Oceania\shard0_27575.jpg,outdoor,Oceania,Oceania,5,33
Oceania\shard0_31341.jpg,outdoor,Oceania,Oceania,5,33
Oceania\shard0_31649.jpg,outdoor,Oceania,Oceania,6,33
Oceania\shard0_30240.jpg,outdoor,Oceania,Oceania,5,32
Oceania\shard0_32657.jpg,outdoor,Oceania,Oceania,4,34
Oceania\shard0_32939.jpg,outdoor,Oceania,Oceania,5,32
Oceania\shard0_33293.jpg,outdoor,Oceania,Oceania,4,35
Oceania\shard0_31714.jpg,outdoor,Oceania,Oceania,4,34
Oceania\shard0_31236.jpg,outdoor,Oceania,Oceania,5,35
Oceania\shard0_30979.jpg,outdoor,Oceania,Oceania,5,33
Oceania\shard0_19441.jpg,outdoor,Oceania,Oceania,5,32
Oceania\shard0_30162.jpg,outdoor,Oceania,Oceania,5,29
Oceania\shard0_31831.jpg,outdoor,Oceania,Oceania,5,32
Oceania\shard0_33255.jpg,outdoor,Oceania,Oceania,5,33
Oceania\shard0_18333.jpg,outdoor,Oceania,Oceania,4,35
Oceania\shard0_30840.jpg,outdoor,Oceania,Oceania,7,35
Oceania\shard0_30429.jpg,outdoor,Oceania,Oceania,4,35
Oceania\shard0_30316.jpg,outdoor,Oceania,Oceania,5,33
Oceania\shard0_31674.jpg,outdoor,Oceania,Oceania,5,33
Oceania\shard0_30988.jpg,outdoor,Oceania,Oceania,7,30
Oceania\shard0_30843.jpg,outdoor,Oceania,Oceania,4,35
Oceania\shard0_24300.jpg,outdoor,Oceania,Oceania,4,32
Oceania\shard0_30132.jpg,outdoor,Oceania,Oceania,5,32
Oceania\shard0_33601.jpg,outdoor,Oceania,Oceania,5,33
Oceania\shard0_33827.jpg,outdoor,Oceania,Oceania,5,35
Oceania\shard0_31759.jpg,outdoor,Oceania,Oceania,5,33
Oceania\shard0_32085.jpg,outdoor,Oceania,Oceania,5,33
Oceania\shard0_32623.jpg,outdoor,Oceania,Oceania,6,29
Oceania\shard0_33248.jpg,outdoor,Oceania,Oceania,5,33
Oceania\shard0_32111.jpg,outdoor,Oceania,Oceania,4,35
Oceania\shard0_31622.jpg,outdoor,Oceania,Oceania,5,35
Oceania\shard0_32811.jpg,outdoor,Oceania,Oceania,5,33
Oceania\shard0_33204.jpg,outdoor,Oceania,Oceania,5,33
Oceania\shard0_31815.jpg,outdoor,Oceania,Oceania,6,33
Oceania\shard0_31893.jpg,outdoor,Oceania,Oceania,5,35
Oceania\shard0_32121.jpg,outdoor,Oceania,Oceania,5,32
Oceania\shard0_33033.jpg,outdoor,Oceania,Oceania,7,34
Oceania\shard0_31454.jpg,outdoor,Oceania,Oceania,5,29
Oceania\shard0_32464.jpg,outdoor,Oceania,Oceania,5,33
Oceania\shard0_31456.jpg,outdoor,Oceania,Oceania,5,29
Oceania\shard0_33763.jpg,outdoor,Oceania,Oceania,4,35
Oceania\shard0_33539.jpg,outdoor,Oceania,Oceania,7,31
Oceania\shard0_31420.jpg,outdoor,Oceania,Oceania,4,35
Oceania\shard0_30648.jpg,outdoor,Oceania,Oceania,4,32
Oceania\shard0_04015.jpg,outdoor,Oceania,Oceania,5,31
Oceania\shard0_31286.jpg,outdoor,Oceania,Oceania,5,32
Oceania\shard0_30497.jpg,outdoor,Oceania,Oceania,5,32
Oceania\shard0_32601.jpg,outdoor,Oceania,Oceania,5,33
Oceania\shard0_30168.jpg,outdoor,Oceania,Oceania,5,33
Oceania\shard0_33259.jpg,outdoor,Oceania,Oceania,4,35
Oceania\shard0_33527.jpg,outdoor,Oceania,Oceania,5,33
Oceania\shard0_02842.jpg,outdoor,Oceania,Oceania,5,35
Oceania\shard0_06768.jpg,outdoor,Oceania,Oceania,4,35
Oceania\shard0_31229.jpg,outdoor,Oceania,Oceania,5,33
Oceania\shard0_30753.jpg,outdoor,Oceania,Oceania,5,35
Oceania\shard0_30745.jpg,outdoor,Oceania,Oceania,4,35
Oceania\shard0_30516.jpg,outdoor,Oceania,Oceania,5,31
Oceania\shard0_31833.jpg,outdoor,Oceania,Oceania,4,35
Oceania\shard0_32861.jpg,outdoor,Oceania,Oceania,5,33
Oceania\shard0_32074.jpg,outdoor,Oceania,Oceania,5,32
Oceania\shard0_31372.jpg,outdoor,Oceania,Oceania,4,35
Oceania\shard0_25550.jpg,outdoor,Oceania,Oceania,5,33
Oceania\shard0_33840.jpg,outdoor,Oceania,Oceania,4,35
Oceania\shard0_17932.jpg,outdoor,Oceania,Oceania,7,35
Oceania\shard0_19911.jpg,outdoor,Oceania,Oceania,5,32
Oceania\shard0_30969.jpg,outdoor,Oceania,Oceania,5,33
Oceania\shard0_31734.jpg,outdoor,Oceania,Oceania,5,35
Oceania\shard0_30679.jpg,outdoor,Oceania,Oceania,4,35
Oceania\shard0_30532.jpg,outdoor,Oceania,Oceania,5,31
Oceania\shard0_33781.jpg,outdoor,Oceania,Oceania,4,35
Oceania\shard0_24477.jpg,outdoor,Oceania,Oceania,4,34
Oceania\shard0_32418.jpg,outdoor,Oceania,Oceania,7,32
Oceania\shard0_33161.jpg,outdoor,Oceania,Oceania,5,33
Oceania\shard0_33149.jpg,outdoor,Oceania,Oceania,5,32
Oceania\shard0_33101.jpg,outdoor,Oceania,Oceania,7,35
Oceania\shard0_32954.jpg,outdoor,Oceania,Oceania,5,32
Oceania\shard0_30129.jpg,outdoor,Oceania,Oceania,4,35
Oceania\shard0_08775.jpg,outdoor,Oceania,Oceania,5,31
Oceania\shard0_31927.jpg,outdoor,Oceania,Oceania,5,32
Oceania\shard0_31243.jpg,outdoor,Oceania,Oceania,5,33
Oceania\shard0_01874.jpg,outdoor,Oceania,Oceania,5,35
Oceania\shard0_32119.jpg,outdoor,Oceania,Oceania,6,31
Oceania\shard0_30263.jpg,outdoor,Oceania,Oceania,4,35
Oceania\shard0_04572.jpg,outdoor,Oceania,Oceania,5,33
Oceania\shard0_08506.jpg,outdoor,Oceania,Oceania,4,34
Oceania\shard0_31354.jpg,outdoor,Oceania,Oceania,5,29
Oceania\shard0_30629.jpg,outdoor,Oceania,Oceania,4,35
Oceania\shard0_32812.jpg,outdoor,Oceania,Oceania,5,29
Oceania\shard0_33468.jpg,outdoor,Oceania,Oceania,5,33
Oceania\shard0_33779.jpg,outdoor,Oceania,Oceania,6,33
Oceania\shard0_31133.jpg,outdoor,Oceania,Oceania,5,32
Oceania\shard0_31261.jpg,outdoor,Oceania,Oceania,4,35
Oceania\shard0_31616.jpg,outdoor,Oceania,Oceania,5,32
Oceania\shard0_32853.jpg,outdoor,Oceania,Oceania,5,32
Oceania\shard0_31668.jpg,outdoor,Oceania,Oceania,5,32
Oceania\shard0_25876.jpg,outdoor,Oceania,Oceania,4,35
Oceania\shard0_32412.jpg,outdoor,Oceania,Oceania,5,32
Oceania\shard0_25212.jpg,outdoor,Oceania,Oceania,4,35
Oceania\shard0_32830.jpg,outdoor,Oceania,Oceania,5,35
Oceania\shard0_31742.jpg,outdoor,Oceania,Oceania,5,32
Oceania\shard0_32045.jpg,outdoor,Oceania,Oceania,5,35
Oceania\shard0_32394.jpg,outdoor,Oceania,Oceania,5,31
Oceania\shard0_17131.jpg,outdoor,Oceania,Oceania,5,33
Oceania\shard0_33426.jpg,outdoor,Oceania,Oceania,5,33
Oceania\shard0_31317.jpg,outdoor,Oceania,Oceania,5,33
Oceania\shard0_01526.jpg,outdoor,Oceania,Oceania,5,33
Oceania\shard0_32095.jpg,outdoor,Oceania,Oceania,6,33
Oceania\shard0_31375.jpg,outdoor,Oceania,Oceania,5,33
Oceania\shard0_32737.jpg,outdoor,Oceania,Oceania,5,32
Oceania\shard0_30451.jpg,outdoor,Oceania,Oceania,6,31
Oceania\shard0_30794.jpg,outdoor,Oceania,Oceania,5,35
Oceania\shard0_33166.jpg,outdoor,Oceania,Oceania,5,32
Oceania\shard0_08708.jpg,outdoor,Oceania,Oceania,6,31
Oceania\shard0_32974.jpg,outdoor,Oceania,Oceania,4,32
Oceania\shard0_32404.jpg,outdoor,Oceania,Oceania,5,31
Oceania\shard0_31334.jpg,outdoor,Oceania,Oceania,4,32
Oceania\shard0_32097.jpg,outdoor,Oceania,Oceania,5,29
Oceania\shard0_31458.jpg,outdoor,Oceania,Oceania,5,32
Oceania\shard0_33663.jpg,outdoor,Oceania,Oceania,4,35
Oceania\shard0_30721.jpg,outdoor,Oceania,Oceania,6,33
Oceania\shard0_24997.jpg,outdoor,Oceania,Oceania,5,32
Oceania\shard0_30817.jpg,outdoor,Oceania,Oceania,5,32
Oceania\shard0_31148.jpg,outdoor,Oceania,Oceania,5,35
Oceania\shard0_30982.jpg,outdoor,Oceania,Oceania,5,35
Oceania\shard0_30010.jpg,outdoor,Oceania,Oceania,5,32
Oceania\shard0_30352.jpg,outdoor,Oceania,Oceania,5,31
Oceania\shard0_30141.jpg,outdoor,Oceania,Oceania,5,32
Oceania\shard0_11871.jpg,outdoor,Oceania,Oceania,6,33
Oceania\shard0_30309.jpg,outdoor,Oceania,Oceania,6,34
Oceania\shard0_33901.jpg,outdoor,Oceania,Oceania,5,33
Oceania\shard0_31308.jpg,outdoor,Oceania,Oceania,5,32
Oceania\shard0_31262.jpg,outdoor,Oceania,Oceania,4,35
Oceania\shard0_33744.jpg,outdoor,Oceania,Oceania,5,32
Oceania\shard0_33038.jpg,outdoor,Oceania,Oceania,4,32
Oceania\shard0_33397.jpg,outdoor,Oceania,Oceania,5,35
Oceania\shard0_30763.jpg,outdoor,Oceania,Oceania,4,34
Oceania\shard0_31363.jpg,outdoor,Oceania,Oceania,5,33
Oceania\shard0_31055.jpg,outdoor,Oceania,Oceania,5,31
Oceania\shard0_32500.jpg,outdoor,Oceania,Oceania,5,33
Oceania\shard0_05519.jpg,outdoor,Oceania,Oceania,5,33
Oceania\shard0_31052.jpg,outdoor,Oceania,Oceania,5,32
Oceania\shard0_29479.jpg,outdoor,Oceania,Oceania,5,35
Oceania\shard0_31280.jpg,outdoor,Oceania,Oceania,4,35
Oceania\shard0_31289.jpg,outdoor,Oceania,Oceania,5,32
Oceania\shard0_32204.jpg,outdoor,Oceania,Oceania,7,31
Oceania\shard0_32003.jpg,outdoor,Oceania,Oceania,6,33
Oceania\shard0_31964.jpg,outdoor,Oceania,Oceania,5,35
Oceania\shard0_30667.jpg,outdoor,Oceania,Oceania,7,32
Oceania\shard0_30797.jpg,outdoor,Oceania,Oceania,5,33
Oceania\shard0_31019.jpg,outdoor,Oceania,Oceania,5,35
Oceania\shard0_32977.jpg,outdoor,Oceania,Oceania,5,33
Oceania\shard0_32883.jpg,outdoor,Oceania,Oceania,6,33
Oceania\shard0_33100.jpg,outdoor,Oceania,Oceania,5,33
Oceania\shard0_30647.jpg,outdoor,Oceania,Oceania,5,35
Oceania\shard0_07302.jpg,outdoor,Oceania,Oceania,6,31
Oceania\shard0_33811.jpg,outdoor,Oceania,Oceania,4,35
Oceania\shard0_33261.jpg,outdoor,Oceania,Oceania,5,33
Oceania\shard0_30576.jpg,outdoor,Oceania,Oceania,6,33
Oceania\shard0_32200.jpg,outdoor,Oceania,Oceania,5,32
Oceania\shard0_31782.jpg,outdoor,Oceania,Oceania,5,35
Oceania\shard0_30315.jpg,outdoor,Oceania,Oceania,5,33
Oceania\shard0_30274.jpg,outdoor,Oceania,Oceania,5,33
Oceania\shard0_33642.jpg,outdoor,Oceania,Oceania,7,32
Oceania\shard0_23601.jpg,outdoor,Oceania,Oceania,5,32
Oceania\shard0_13116.jpg,outdoor,Oceania,Oceania,7,32
Oceania\shard0_03867.jpg,outdoor,Oceania,Oceania,5,32
Oceania\shard0_31462.jpg,outdoor,Oceania,Oceania,5,33
Oceania\shard0_23193.jpg,outdoor,Oceania,Oceania,4,35
Oceania\shard0_20301.jpg,outdoor,Oceania,Oceania,5,32
Oceania\shard0_33064.jpg,outdoor,Oceania,Oceania,6,33
Oceania\shard0_09010.jpg,outdoor,Oceania,Oceania,5,35
Oceania\shard0_31005.jpg,outdoor,Oceania,Oceania,4,34
Oceania\shard0_33573.jpg,outdoor,Oceania,Oceania,5,31
Oceania\shard0_32965.jpg,outdoor,Oceania,Oceania,6,33
Oceania\shard0_31697.jpg,outdoor,Oceania,Oceania,5,31
Oceania\shard0_33838.jpg,outdoor,Oceania,Oceania,4,35
Oceania\shard0_30028.jpg,outdoor,Oceania,Oceania,4,32
Oceania\shard0_03064.jpg,outdoor,Oceania,Oceania,5,32
Oceania\shard0_31536.jpg,outdoor,Oceania,Oceania,4,35
Oceania\shard0_32735.jpg,outdoor,Oceania,Oceania,5,33
Oceania\shard0_30620.jpg,outdoor,Oceania,Oceania,5,29
Oceania\shard0_30608.jpg,outdoor,Oceania,Oceania,5,35
Oceania\shard0_10927.jpg,outdoor,Oceania,Oceania,5,33
Oceania\shard0_14124.jpg,outdoor,Oceania,Oceania,5,33
Oceania\shard0_32108.jpg,outdoor,Oceania,Oceania,6,31
Oceania\shard0_32502.jpg,outdoor,Oceania,Oceania,4,35
Oceania\shard0_31750.jpg,outdoor,Oceania,Oceania,5,32
Oceania\shard0_32685.jpg,outdoor,Oceania,Oceania,6,33
Oceania\shard0_01837.jpg,outdoor,Oceania,Oceania,5,32
Oceania\shard0_33555.jpg,outdoor,Oceania,Oceania,5,32
Oceania\shard0_31369.jpg,outdoor,Oceania,Oceania,5,35
Oceania\shard0_30156.jpg,outdoor,Oceania,Oceania,5,32
Oceania\shard0_32995.jpg,outdoor,Oceania,Oceania,5,29
Oceania\shard0_33665.jpg,outdoor,Oceania,Oceania,4,35
Oceania\shard0_33097.jpg,outdoor,Oceania,Oceania,7,31
Oceania\shard0_30864.jpg,outdoor,Oceania,Oceania,7,34
Oceania\shard0_32159.jpg,outdoor,Oceania,Oceania,5,33
Oceania\shard0_31193.jpg,outdoor,Oceania,Oceania,5,33
Oceania\shard0_32495.jpg,outdoor,Oceania,Oceania,5,32
Oceania\shard0_30321.jpg,outdoor,Oceania,Oceania,5,29
Oceania\shard0_09784.jpg,outdoor,Oceania,Oceania,7,31
Oceania\shard0_30733.jpg,outdoor,Oceania,Oceania,5,33
Oceania\shard0_23723.jpg,outdoor,Oceania,Oceania,6,31
Oceania\shard0_32890.jpg,outdoor,Oceania,Oceania,5,33
Oceania\shard0_31803.jpg,outdoor,Oceania,Oceania,5,32
Oceania\shard0_30181.jpg,outdoor,Oceania,Oceania,5,33
Oceania\shard0_30378.jpg,outdoor,Oceania,Oceania,5,32
Oceania\shard0_33667.jpg,outdoor,Oceania,Oceania,7,32
Oceania\shard0_33396.jpg,outdoor,Oceania,Oceania,5,33
Oceania\shard0_30298.jpg,outdoor,Oceania,Oceania,5,33
Oceania\shard0_33429.jpg,outdoor,Oceania,Oceania,5,32
Oceania\shard0_31771.jpg,outdoor,Oceania,Oceania,5,29
Oceania\shard0_21362.jpg,outdoor,Oceania,Oceania,4,35
Oceania\shard0_31151.jpg,outdoor,Oceania,Oceania,7,32
Oceania\shard0_32032.jpg,outdoor,Oceania,Oceania,5,33
Oceania\shard0_32345.jpg,outdoor,Oceania,Oceania,5,32
Oceania\shard0_32062.jpg,outdoor,Oceania,Oceania,5,33
Oceania\shard0_30520.jpg,outdoor,Oceania,Oceania,5,31
Oceania\shard0_33213.jpg,outdoor,Oceania,Oceania,5,33
Oceania\shard0_30072.jpg,outdoor,Oceania,Oceania,5,35
Oceania\shard0_06101.jpg,outdoor,Oceania,Oceania,4,35
Oceania\shard0_21745.jpg,outdoor,Oceania,Oceania,6,33
Oceania\shard0_33874.jpg,outdoor,Oceania,Oceania,5,32
Oceania\shard0_32293.jpg,outdoor,Oceania,Oceania,5,32
Oceania\shard0_30842.jpg,outdoor,Oceania,Oceania,5,29
Oceania\shard0_30044.jpg,outdoor,Oceania,Oceania,4,35
Oceania\shard0_33809.jpg,outdoor,Oceania,Oceania,5,33
Oceania\shard0_04560.jpg,outdoor,Oceania,Oceania,5,33
Oceania\shard0_30566.jpg,outdoor,Oceania,Oceania,4,35
Oceania\shard0_30292.jpg,outdoor,Oceania,Oceania,5,31
Oceania\shard0_33808.jpg,outdoor,Oceania,Oceania,5,31
Oceania\shard0_30359.jpg,outdoor,Oceania,Oceania,4,32
Oceania\shard0_25207.jpg,outdoor,Oceania,Oceania,5,35
Oceania\shard0_31498.jpg,outdoor,Oceania,Oceania,6,31
Oceania\shard0_32946.jpg,outdoor,Oceania,Oceania,5,35
Oceania\shard0_31617.jpg,outdoor,Oceania,Oceania,4,35
Oceania\shard0_32301.jpg,outdoor,Oceania,Oceania,5,33
Oceania\shard0_00345.jpg,outdoor,Oceania,Oceania,5,32
Oceania\shard0_20405.jpg,outdoor,Oceania,Oceania,5,32
Oceania\shard0_14431.jpg,outdoor,Oceania,Oceania,6,33
Oceania\shard0_33793.jpg,outdoor,Oceania,Oceania,5,32
Oceania\shard0_31059.jpg,outdoor,Oceania,Oceania,5,32
Oceania\shard0_32831.jpg,outdoor,Oceania,Oceania,5,33
Oceania\shard0_31324.jpg,outdoor,Oceania,Oceania,5,33
Oceania\shard0_31848.jpg,outdoor,Oceania,Oceania,6,33
Oceania\shard0_32229.jpg,outdoor,Oceania,Oceania,7,35
Oceania\shard0_32814.jpg,outdoor,Oceania,Oceania,7,31
Oceania\shard0_33576.jpg,outdoor,Oceania,Oceania,5,31
Oceania\shard0_33575.jpg,outdoor,Oceania,Oceania,5,35
Oceania\shard0_31872.jpg,outdoor,Oceania,Oceania,5,32
Oceania\shard0_30221.jpg,outdoor,Oceania,Oceania,5,33
Oceania\shard0_33404.jpg,outdoor,Oceania,Oceania,5,32
Oceania\shard0_32155.jpg,outdoor,Oceania,Oceania,7,31
Oceania\shard0_33761.jpg,outdoor,Oceania,Oceania,5,33
Oceania\shard0_33728.jpg,outdoor,Oceania,Oceania,5,32
Oceania\shard0_30215.jpg,outdoor,Oceania,Oceania,6,33
Oceania\shard0_33164.jpg,outdoor,Oceania,Oceania,5,31
Oceania\shard0_32427.jpg,outdoor,Oceania,Oceania,5,32
Oceania\shard0_30578.jpg,outdoor,Oceania,Oceania,7,30
Oceania\shard0_31975.jpg,outdoor,Oceania,Oceania,4,32
Oceania\shard0_08164.jpg,outdoor,Oceania,Oceania,5,30
Oceania\shard0_30684.jpg,outdoor,Oceania,Oceania,5,32
Oceania\shard0_25149.jpg,outdoor,Oceania,Oceania,4,32
Oceania\shard0_12907.jpg,outdoor,Oceania,Oceania,4,35
Oceania\shard0_32630.jpg,outdoor,Oceania,Oceania,5,32
Oceania\shard0_16907.jpg,outdoor,Oceania,Oceania,4,35
Oceania\shard0_33769.jpg,outdoor,Oceania,Oceania,5,33
Oceania\shard0_30998.jpg,outdoor,Oceania,Oceania,5,35
Oceania\shard0_26203.jpg,outdoor,Oceania,Oceania,7,32
Oceania\shard0_31666.jpg,outdoor,Oceania,Oceania,5,33
Oceania\shard0_30953.jpg,outdoor,Oceania,Oceania,5,33
Oceania\shard0_30394.jpg,outdoor,Oceania,Oceania,6,33
Oceania\shard0_33589.jpg,outdoor,Oceania,Oceania,5,32
Oceania\shard0_23076.jpg,outdoor,Oceania,Oceania,5,32
Oceania\shard0_33845.jpg,outdoor,Oceania,Oceania,5,29
Oceania\shard0_30381.jpg,outdoor,Oceania,Oceania,5,35
Oceania\shard0_32969.jpg,outdoor,Oceania,Oceania,5,29
Oceania\shard0_31437.jpg,outdoor,Oceania,Oceania,6,33
Oceania\shard0_31346.jpg,outdoor,Oceania,Oceania,4,35
Oceania\shard0_33153.jpg,outdoor,Oceania,Oceania,5,33
Oceania\shard0_31195.jpg,outdoor,Oceania,Oceania,5,33
Oceania\shard0_32820.jpg,outdoor,Oceania,Oceania,5,32
Oceania\shard0_32627.jpg,outdoor,Oceania,Oceania,5,32
Oceania\shard0_26529.jpg,outdoor,Oceania,Oceania,5,33
Oceania\shard0_32636.jpg,outdoor,Oceania,Oceania,5,33
Oceania\shard0_01116.jpg,outdoor,Oceania,Oceania,6,31
Oceania\shard0_18295.jpg,outdoor,Oceania,Oceania,5,33
Oceania\shard0_33659.jpg,outdoor,Oceania,Oceania,5,33
Oceania\shard0_31501.jpg,outdoor,Oceania,Oceania,5,33
Oceania\shard0_31577.jpg,outdoor,Oceania,Oceania,5,32
Oceania\shard0_32313.jpg,outdoor,Oceania,Oceania,5,35
Oceania\shard0_28624.jpg,outdoor,Oceania,Oceania,5,35
Oceania\shard0_17281.jpg,outdoor,Oceania,Oceania,5,32
Oceania\shard0_22688.jpg,outdoor,Oceania,Oceania,5,33
Oceania\shard0_24391.jpg,outdoor,Oceania,Oceania,5,32
Oceania\shard0_10953.jpg,outdoor,Oceania,Oceania,5,29
Oceania\shard0_30720.jpg,outdoor,Oceania,Oceania,5,32
Oceania\shard0_31403.jpg,outdoor,Oceania,Oceania,5,33
Oceania\shard0_33341.jpg,outdoor,Oceania,Oceania,4,32
Oceania\shard0_30945.jpg,outdoor,Oceania,Oceania,5,32
Oceania\shard0_30825.jpg,outdoor,Oceania,Oceania,5,35
Oceania\shard0_32616.jpg,outdoor,Oceania,Oceania,5,32
Oceania\shard0_04678.jpg,outdoor,Oceania,Oceania,5,32
Oceania\shard0_30930.jpg,outdoor,Oceania,Oceania,5,33
Oceania\shard0_31073.jpg,outdoor,Oceania,Oceania,4,35
Oceania\shard0_31131.jpg,outdoor,Oceania,Oceania,5,35
Oceania\shard0_33325.jpg,outdoor,Oceania,Oceania,5,33
Oceania\shard0_33103.jpg,outdoor,Oceania,Oceania,5,32
Oceania\shard0_31570.jpg,outdoor,Oceania,Oceania,5,32
Oceania\shard0_30235.jpg,outdoor,Oceania,Oceania,5,33
Oceania\shard0_31171.jpg,outdoor,Oceania,Oceania,5,32
Oceania\shard0_30900.jpg,outdoor,Oceania,Oceania,4,35
Oceania\shard0_31883.jpg,outdoor,Oceania,Oceania,5,33
Oceania\shard0_32411.jpg,outdoor,Oceania,Oceania,5,35
Oceania\shard0_08018.jpg,outdoor,Oceania,Oceania,4,34
Oceania\shard0_31154.jpg,outdoor,Oceania,Oceania,6,31
Oceania\shard0_33501.jpg,outdoor,Oceania,Oceania,5,32
Oceania\shard0_12518.jpg,outdoor,Oceania,Oceania,5,33
Oceania\shard0_33911.jpg,outdoor,Oceania,Oceania,6,29
Oceania\shard0_30440.jpg,outdoor,Oceania,Oceania,5,35
Oceania\shard0_29973.jpg,outdoor,Oceania,Oceania,5,32
Oceania\shard0_31911.jpg,outdoor,Oceania,Oceania,5,33
Oceania\shard0_30249.jpg,outdoor,Oceania,Oceania,6,33
Oceania\shard0_31368.jpg,outdoor,Oceania,Oceania,5,33
Oceania\shard0_31534.jpg,outdoor,Oceania,Oceania,5,32
Oceania\shard0_30686.jpg,outdoor,Oceania,Oceania,5,35
Oceania\shard0_32925.jpg,outdoor,Oceania,Oceania,5,32
Oceania\shard0_31470.jpg,outdoor,Oceania,Oceania,5,35
Oceania\shard0_24760.jpg,outdoor,Oceania,Oceania,4,35
Oceania\shard0_32286.jpg,outdoor,Oceania,Oceania,5,33
Oceania\shard0_28956.jpg,outdoor,Oceania,Oceania,5,33
Oceania\shard0_31230.jpg,outdoor,Oceania,Oceania,4,34
Oceania\shard0_33554.jpg,outdoor,Oceania,Oceania,5,33
Oceania\shard0_31186.jpg,outdoor,Oceania,Oceania,5,33
Oceania\shard0_30473.jpg,outdoor,Oceania,Oceania,5,33
Oceania\shard0_32617.jpg,outdoor,Oceania,Oceania,5,35
Oceania\shard0_26090.jpg,outdoor,Oceania,Oceania,6,33
Oceania\shard0_30099.jpg,outdoor,Oceania,Oceania,5,35
Oceania\shard0_33821.jpg,outdoor,Oceania,Oceania,4,35
Oceania\shard0_32380.jpg,outdoor,Oceania,Oceania,5,33
Oceania\shard0_30947.jpg,outdoor,Oceania,Oceania,5,32
Oceania\shard0_32972.jpg,outdoor,Oceania,Oceania,5,33
Oceania\shard0_31797.jpg,outdoor,Oceania,Oceania,5,29
Oceania\shard0_31246.jpg,outdoor,Oceania,Oceania,5,35
Oceania\shard0_30441.jpg,outdoor,Oceania,Oceania,5,33
Oceania\shard0_33581.jpg,outdoor,Oceania,Oceania,5,32
Oceania\shard0_06159.jpg,outdoor,Oceania,Oceania,5,33
Oceania\shard0_31974.jpg,outdoor,Oceania,Oceania,6,33
Oceania\shard0_30326.jpg,outdoor,Oceania,Oceania,5,33
Oceania\shard0_33502.jpg,outdoor,Oceania,Oceania,4,34
Oceania\shard0_33057.jpg,outdoor,Oceania,Oceania,5,31
Oceania\shard0_31095.jpg,outdoor,Oceania,Oceania,6,33
Oceania\shard0_32297.jpg,outdoor,Oceania,Oceania,5,35
Oceania\shard0_32701.jpg,outdoor,Oceania,Oceania,6,31
Oceania\shard0_30537.jpg,outdoor,Oceania,Oceania,7,32
Oceania\shard0_06198.jpg,outdoor,Oceania,Oceania,4,35
Oceania\shard0_30137.jpg,outdoor,Oceania,Oceania,5,35
Oceania\shard0_33444.jpg,outdoor,Oceania,Oceania,7,32
Oceania\shard0_33363.jpg,outdoor,Oceania,Oceania,6,33
Oceania\shard0_33796.jpg,outdoor,Oceania,Oceania,5,32
Oceania\shard0_30102.jpg,outdoor,Oceania,Oceania,5,33
Oceania\shard0_19216.jpg,outdoor,Oceania,Oceania,7,32
Oceania\shard0_13385.jpg,outdoor,Oceania,Oceania,6,31
Oceania\shard0_02279.jpg,outdoor,Oceania,Oceania,5,32
Oceania\shard0_30892.jpg,outdoor,Oceania,Oceania,5,33
Oceania\shard0_30633.jpg,outdoor,Oceania,Oceania,7,32
Oceania\shard0_30403.jpg,outdoor,Oceania,Oceania,6,33
Oceania\shard0_31381.jpg,outdoor,Oceania,Oceania,5,35
Oceania\shard0_31200.jpg,outdoor,Oceania,Oceania,5,33
Oceania\shard0_00070.jpg,outdoor,Oceania,Oceania,5,32
Oceania\shard0_32220.jpg,outdoor,Oceania,Oceania,5,33
Oceania\shard0_31086.jpg,outdoor,Oceania,Oceania,5,33
Oceania\shard0_30547.jpg,outdoor,Oceania,Oceania,5,33
Oceania\shard0_30194.jpg,outdoor,Oceania,Oceania,5,33
Oceania\shard0_32499.jpg,outdoor,Oceania,Oceania,5,32
Oceania\shard0_31242.jpg,outdoor,Oceania,Oceania,7,31
Oceania\shard0_29771.jpg,outdoor,Oceania,Oceania,4,32
Oceania\shard0_02560.jpg,outdoor,Oceania,Oceania,5,33
Oceania\shard0_30583.jpg,outdoor,Oceania,Oceania,5,29
Oceania\shard0_33067.jpg,outdoor,Oceania,Oceania,5,33
Oceania\shard0_32739.jpg,outdoor,Oceania,Oceania,5,35
Oceania\shard0_30542.jpg,outdoor,Oceania,Oceania,5,32
Oceania\shard0_31179.jpg,outdoor,Oceania,Oceania,4,34
Oceania\shard0_31279.jpg,outdoor,Oceania,Oceania,5,33
Oceania\shard0_32923.jpg,outdoor,Oceania,Oceania,5,32
Oceania\shard0_30845.jpg,outdoor,Oceania,Oceania,6,33
Oceania\shard0_20558.jpg,outdoor,Oceania,Oceania,6,33
Oceania\shard0_00900.jpg,outdoor,Oceania,Oceania,5,32
Oceania\shard0_30202.jpg,outdoor,Oceania,Oceania,5,35
Oceania\shard0_01823.jpg,outdoor,Oceania,Oceania,5,35
Oceania\shard0_33623.jpg,outdoor,Oceania,Oceania,5,33
Oceania\shard0_26669.jpg,outdoor,Oceania,Oceania,5,33
Oceania\shard0_30734.jpg,outdoor,Oceania,Oceania,5,35
Oceania\shard0_32780.jpg,outdoor,Oceania,Oceania,5,32
Oceania\shard0_32887.jpg,outdoor,Oceania,Oceania,6,31
Oceania\shard0_27515.jpg,outdoor,Oceania,Oceania,4,32
Oceania\shard0_32474.jpg,outdoor,Oceania,Oceania,5,33
Oceania\shard0_33795.jpg,outdoor,Oceania,Oceania,5,32
Oceania\shard0_12496.jpg,outdoor,Oceania,Oceania,5,32
Oceania\shard0_30432.jpg,outdoor,Oceania,Oceania,5,33
Oceania\shard0_31784.jpg,outdoor,Oceania,Oceania,5,33
Oceania\shard0_08023.jpg,outdoor,Oceania,Oceania,6,33
Oceania\shard0_32423.jpg,outdoor,Oceania,Oceania,4,34
Oceania\shard0_30089.jpg,outdoor,Oceania,Oceania,6,31
Oceania\shard0_33722.jpg,outdoor,Oceania,Oceania,4,34
Oceania\shard0_31662.jpg,outdoor,Oceania,Oceania,5,33
Oceania\shard0_29486.jpg,outdoor,Oceania,Oceania,6,31
Oceania\shard0_32582.jpg,outdoor,Oceania,Oceania,5,33
Oceania\shard0_32724.jpg,outdoor,Oceania,Oceania,5,29
Oceania\shard0_33229.jpg,outdoor,Oceania,Oceania,5,29
Oceania\shard0_06514.jpg,outdoor,Oceania,Oceania,5,35
Oceania\shard0_33863.jpg,outdoor,Oceania,Oceania,4,35
Oceania\shard0_33120.jpg,outdoor,Oceania,Oceania,5,33
Oceania\shard0_30868.jpg,outdoor,Oceania,Oceania,5,35
Oceania\shard0_09749.jpg,outdoor,Oceania,Oceania,6,33
Oceania\shard0_31228.jpg,outdoor,Oceania,Oceania,5,32
Oceania\shard0_30893.jpg,outdoor,Oceania,Oceania,5,33
Oceania\shard0_30243.jpg,outdoor,Oceania,Oceania,5,33
Oceania\shard0_30047.jpg,outdoor,Oceania,Oceania,5,35
Oceania\shard0_09213.jpg,outdoor,Oceania,Oceania,5,33
Oceania\shard0_15322.jpg,outdoor,Oceania,Oceania,5,35
Oceania\shard0_31050.jpg,outdoor,Oceania,Oceania,5,29
Oceania\shard0_33613.jpg,outdoor,Oceania,Oceania,5,32
Oceania\shard0_31070.jpg,outdoor,Oceania,Oceania,5,32
Oceania\shard0_31433.jpg,outdoor,Oceania,Oceania,5,29
Oceania\shard0_00631.jpg,outdoor,Oceania,Oceania,5,33
Oceania\shard0_33880.jpg,outdoor,Oceania,Oceania,4,35
Oceania\shard0_28291.jpg,outdoor,Oceania,Oceania,5,33
Oceania\shard0_30145.jpg,outdoor,Oceania,Oceania,5,33
Oceania\shard0_33392.jpg,outdoor,Oceania,Oceania,7,32
Oceania\shard0_33450.jpg,outdoor,Oceania,Oceania,5,29
Oceania\shard0_31985.jpg,outdoor,Oceania,Oceania,5,35
Oceania\shard0_30827.jpg,outdoor,Oceania,Oceania,5,35
Oceania\shard0_30463.jpg,outdoor,Oceania,Oceania,5,32
Oceania\shard0_11321.jpg,outdoor,Oceania,Oceania,5,33
Oceania\shard0_33251.jpg,outdoor,Oceania,Oceania,4,35
Oceania\shard0_32673.jpg,outdoor,Oceania,Oceania,5,32
Oceania\shard0_33839.jpg,outdoor,Oceania,Oceania,6,33
Oceania\shard0_33270.jpg,outdoor,Oceania,Oceania,5,29
Oceania\shard0_32449.jpg,outdoor,Oceania,Oceania,6,31
Oceania\shard0_31011.jpg,outdoor,Oceania,Oceania,5,35
Oceania\shard0_24295.jpg,outdoor,Oceania,Oceania,5,31
Oceania\shard0_30818.jpg,outdoor,Oceania,Oceania,5,32
Oceania\shard0_33862.jpg,outdoor,Oceania,Oceania,4,35
Oceania\shard0_30109.jpg,outdoor,Oceania,Oceania,5,32
Oceania\shard0_33534.jpg,outdoor,Oceania,Oceania,5,31
Oceania\shard0_31377.jpg,outdoor,Oceania,Oceania,5,32
Oceania\shard0_31265.jpg,outdoor,Oceania,Oceania,5,32
Oceania\shard0_31796.jpg,outdoor,Oceania,Oceania,7,32
Oceania\shard0_33414.jpg,outdoor,Oceania,Oceania,6,33
Oceania\shard0_32066.jpg,outdoor,Oceania,Oceania,6,33
Oceania\shard0_33782.jpg,outdoor,Oceania,Oceania,4,35
Oceania\shard0_31548.jpg,outdoor,Oceania,Oceania,5,35
Oceania\shard0_33686.jpg,outdoor,Oceania,Oceania,5,32
Oceania\shard0_32233.jpg,outdoor,Oceania,Oceania,5,35
Oceania\shard0_08241.jpg,outdoor,Oceania,Oceania,5,33
Oceania\shard0_32473.jpg,outdoor,Oceania,Oceania,5,33
Oceania\shard0_30822.jpg,outdoor,Oceania,Oceania,5,31
Oceania\shard0_33775.jpg,outdoor,Oceania,Oceania,5,32
Oceania\shard0_30636.jpg,outdoor,Oceania,Oceania,5,29
Oceania\shard0_32942.jpg,outdoor,Oceania,Oceania,5,31
Oceania\shard0_32877.jpg,outdoor,Oceania,Oceania,4,32
Oceania\shard0_04835.jpg,outdoor,Oceania,Oceania,4,34
Oceania\shard0_33617.jpg,outdoor,Oceania,Oceania,5,29
Oceania\shard0_12726.jpg,outdoor,Oceania,Oceania,5,33
Oceania\shard0_05267.jpg,outdoor,Oceania,Oceania,5,35
Oceania\shard0_31864.jpg,outdoor,Oceania,Oceania,4,35
Oceania\shard0_31859.jpg,outdoor,Oceania,Oceania,5,32
Oceania\shard0_32343.jpg,outdoor,Oceania,Oceania,5,32
Oceania\shard0_30009.jpg,outdoor,Oceania,Oceania,4,35
Oceania\shard0_30091.jpg,outdoor,Oceania,Oceania,5,33
Oceania\shard0_32458.jpg,outdoor,Oceania,Oceania,5,31
Oceania\shard0_33306.jpg,outdoor,Oceania,Oceania,5,33
Oceania\shard0_20696.jpg,outdoor,Oceania,Oceania,5,33
Oceania\shard0_31258.jpg,outdoor,Oceania,Oceania,5,32
Oceania\shard0_32416.jpg,outdoor,Oceania,Oceania,5,33
Oceania\shard0_33212.jpg,outdoor,Oceania,Oceania,6,33
Oceania\shard0_33646.jpg,outdoor,Oceania,Oceania,5,33
Oceania\shard0_23510.jpg,outdoor,Oceania,Oceania,4,32
Oceania\shard0_31621.jpg,outdoor,Oceania,Oceania,4,35
Oceania\shard0_33197.jpg,outdoor,Oceania,Oceania,5,33
Oceania\shard0_30643.jpg,outdoor,Oceania,Oceania,5,32
Oceania\shard0_33776.jpg,outdoor,Oceania,Oceania,5,32
Oceania\shard0_30082.jpg,outdoor,Oceania,Oceania,5,33
Oceania\shard0_32640.jpg,outdoor,Oceania,Oceania,5,32
Oceania\shard0_13041.jpg,outdoor,Oceania,Oceania,6,33
Oceania\shard0_32311.jpg,outdoor,Oceania,Oceania,5,31
Oceania\shard0_31844.jpg,outdoor,Oceania,Oceania,5,32
Oceania\shard0_33041.jpg,outdoor,Oceania,Oceania,5,35
Oceania\shard0_32680.jpg,outdoor,Oceania,Oceania,5,33
Oceania\shard0_30115.jpg,outdoor,Oceania,Oceania,5,32
Oceania\shard0_33624.jpg,outdoor,Oceania,Oceania,4,35
Oceania\shard0_33023.jpg,outdoor,Oceania,Oceania,5,31
Oceania\shard0_24839.jpg,outdoor,Oceania,Oceania,5,35
Oceania\shard0_32787.jpg,outdoor,Oceania,Oceania,5,33
Oceania\shard0_32533.jpg,outdoor,Oceania,Oceania,4,35
Oceania\shard0_07456.jpg,outdoor,Oceania,Oceania,5,33
Oceania\shard0_32083.jpg,outdoor,Oceania,Oceania,5,35
Oceania\shard0_33075.jpg,outdoor,Oceania,Oceania,4,35
Oceania\shard0_31711.jpg,outdoor,Oceania,Oceania,5,29
Oceania\shard0_33804.jpg,outdoor,Oceania,Oceania,5,33
Oceania\shard0_30146.jpg,outdoor,Oceania,Oceania,5,33
Oceania\shard0_32666.jpg,outdoor,Oceania,Oceania,6,33
Oceania\shard0_09604.jpg,outdoor,Oceania,Oceania,4,35
Oceania\shard0_31241.jpg,outdoor,Oceania,Oceania,5,35
Oceania\shard0_30051.jpg,outdoor,Oceania,Oceania,5,32
Oceania\shard0_33505.jpg,outdoor,Oceania,Oceania,5,33
Oceania\shard0_32970.jpg,outdoor,Oceania,Oceania,5,35
Oceania\shard0_10093.jpg,outdoor,Oceania,Oceania,5,35
Oceania\shard0_15091.jpg,outdoor,Oceania,Oceania,4,35
Oceania\shard0_30390.jpg,outdoor,Oceania,Oceania,5,31
Oceania\shard0_20572.jpg,outdoor,Oceania,Oceania,4,35
Oceania\shard0_06306.jpg,outdoor,Oceania,Oceania,5,31
Oceania\shard0_10337.jpg,outdoor,Oceania,Oceania,5,31
Oceania\shard0_30545.jpg,outdoor,Oceania,Oceania,6,32
Oceania\shard0_31846.jpg,outdoor,Oceania,Oceania,5,33
Oceania\shard0_32531.jpg,outdoor,Oceania,Oceania,5,29
Oceania\shard0_32456.jpg,outdoor,Oceania,Oceania,4,35
Oceania\shard0_32481.jpg,outdoor,Oceania,Oceania,5,32
Oceania\shard0_33771.jpg,outdoor,Oceania,Oceania,5,33
Oceania\shard0_31254.jpg,outdoor,Oceania,Oceania,4,35
Oceania\shard0_32375.jpg,outdoor,Oceania,Oceania,5,32
Oceania\shard0_32584.jpg,outdoor,Oceania,Oceania,5,32
Oceania\shard0_30586.jpg,outdoor,Oceania,Oceania,5,29
Oceania\shard0_32205.jpg,outdoor,Oceania,Oceania,5,35
Oceania\shard0_30116.jpg,outdoor,Oceania,Oceania,5,33
Oceania\shard0_00025.jpg,outdoor,Oceania,Oceania,4,34
Oceania\shard0_33439.jpg,outdoor,Oceania,Oceania,4,35
Oceania\shard0_30241.jpg,outdoor,Oceania,Oceania,7,35
Oceania\shard0_32315.jpg,outdoor,Oceania,Oceania,5,33
Oceania\shard0_31528.jpg,outdoor,Oceania,Oceania,6,29
Oceania\shard0_33766.jpg,outdoor,Oceania,Oceania,5,33
Oceania\shard0_32051.jpg,outdoor,Oceania,Oceania,7,32
Oceania\shard0_32808.jpg,outdoor,Oceania,Oceania,5,33
Oceania\shard0_31221.jpg,outdoor,Oceania,Oceania,5,35
Oceania\shard0_33742.jpg,outdoor,Oceania,Oceania,5,33
Oceania\shard0_32303.jpg,outdoor,Oceania,Oceania,5,35
Oceania\shard0_33105.jpg,outdoor,Oceania,Oceania,5,33
Oceania\shard0_30157.jpg,outdoor,Oceania,Oceania,6,33
Oceania\shard0_30199.jpg,outdoor,Oceania,Oceania,5,33
Oceania\shard0_31464.jpg,outdoor,Oceania,Oceania,5,33
Oceania\shard0_16211.jpg,outdoor,Oceania,Oceania,5,32
Oceania\shard0_30123.jpg,outdoor,Oceania,Oceania,5,35
Oceania\shard0_31837.jpg,outdoor,Oceania,Oceania,7,35
Oceania\shard0_31933.jpg,outdoor,Oceania,Oceania,5,31
Oceania\shard0_30258.jpg,outdoor,Oceania,Oceania,5,33
Oceania\shard0_31507.jpg,outdoor,Oceania,Oceania,4,34
Oceania\shard0_32603.jpg,outdoor,Oceania,Oceania,5,33
Oceania\shard0_30849.jpg,outdoor,Oceania,Oceania,5,35
Oceania\shard0_31562.jpg,outdoor,Oceania,Oceania,4,35
Oceania\shard0_31773.jpg,outdoor,Oceania,Oceania,5,32
Oceania\shard0_31783.jpg,outdoor,Oceania,Oceania,5,33
Oceania\shard0_33605.jpg,outdoor,Oceania,Oceania,5,32
Oceania\shard0_31973.jpg,outdoor,Oceania,Oceania,5,33
Oceania\shard0_33179.jpg,outdoor,Oceania,Oceania,5,32
Oceania\shard0_32069.jpg,outdoor,Oceania,Oceania,4,35
Oceania\shard0_32379.jpg,outdoor,Oceania,Oceania,6,33
Oceania\shard0_31677.jpg,outdoor,Oceania,Oceania,4,35
Oceania\shard0_33785.jpg,outdoor,Oceania,Oceania,5,31
Oceania\shard0_33819.jpg,outdoor,Oceania,Oceania,5,35
Oceania\shard0_32326.jpg,outdoor,Oceania,Oceania,5,29
Oceania\shard0_31027.jpg,outdoor,Oceania,Oceania,4,34
Oceania\shard0_30453.jpg,outdoor,Oceania,Oceania,7,32
Oceania\shard0_32225.jpg,outdoor,Oceania,Oceania,5,32
Oceania\shard0_32731.jpg,outdoor,Oceania,Oceania,5,31
Oceania\shard0_32512.jpg,outdoor,Oceania,Oceania,5,33
Oceania\shard0_31302.jpg,outdoor,Oceania,Oceania,5,32
Oceania\shard0_31047.jpg,outdoor,Oceania,Oceania,5,33
Oceania\shard0_27701.jpg,outdoor,Oceania,Oceania,5,32
Oceania\shard0_32408.jpg,outdoor,Oceania,Oceania,6,31
Oceania\shard0_32579.jpg,outdoor,Oceania,Oceania,6,33
Oceania\shard0_32952.jpg,outdoor,Oceania,Oceania,5,32
Oceania\shard0_04712.jpg,outdoor,Oceania,Oceania,5,29
Oceania\shard0_30961.jpg,outdoor,Oceania,Oceania,5,32
Oceania\shard0_29063.jpg,outdoor,Oceania,Oceania,5,33
Oceania\shard0_30603.jpg,outdoor,Oceania,Oceania,5,32
Oceania\shard0_31946.jpg,outdoor,Oceania,Oceania,5,32
Oceania\shard0_32870.jpg,outdoor,Oceania,Oceania,5,33
Oceania\shard0_30993.jpg,outdoor,Oceania,Oceania,5,31
Oceania\shard0_10403.jpg,outdoor,Oceania,Oceania,5,32
Oceania\shard0_20213.jpg,outdoor,Oceania,Oceania,5,31
Oceania\shard0_30617.jpg,outdoor,Oceania,Oceania,4,35
Oceania\shard0_20443.jpg,outdoor,Oceania,Oceania,5,32
Oceania\shard0_33712.jpg,outdoor,Oceania,Oceania,6,33
Oceania\shard0_30975.jpg,outdoor,Oceania,Oceania,5,35
Oceania\shard0_31950.jpg,outdoor,Oceania,Oceania,4,35
Oceania\shard0_30828.jpg,outdoor,Oceania,Oceania,5,35
Oceania\shard0_32158.jpg,outdoor,Oceania,Oceania,5,33
Oceania\shard0_32898.jpg,outdoor,Oceania,Oceania,5,31
Oceania\shard0_33403.jpg,outdoor,Oceania,Oceania,6,31
Oceania\shard0_30477.jpg,outdoor,Oceania,Oceania,4,34
Oceania\shard0_32562.jpg,outdoor,Oceania,Oceania,5,29
Oceania\shard0_25507.jpg,outdoor,Oceania,Oceania,4,35
Oceania\shard0_30414.jpg,outdoor,Oceania,Oceania,5,33
Oceania\shard0_32828.jpg,outdoor,Oceania,Oceania,4,35
Oceania\shard0_10222.jpg,outdoor,Oceania,Oceania,5,33
Oceania\shard0_33483.jpg,outdoor,Oceania,Oceania,5,32
Oceania\shard0_33274.jpg,outdoor,Oceania,Oceania,4,35
Oceania\shard0_33703.jpg,outdoor,Oceania,Oceania,4,35
Oceania\shard0_32669.jpg,outdoor,Oceania,Oceania,5,33
Oceania\shard0_19708.jpg,outdoor,Oceania,Oceania,4,35
Oceania\shard0_21760.jpg,outdoor,Oceania,Oceania,5,33
Oceania\shard0_32463.jpg,outdoor,Oceania,Oceania,5,33
Oceania\shard0_20193.jpg,outdoor,Oceania,Oceania,5,35
Oceania\shard0_32055.jpg,outdoor,Oceania,Oceania,6,33
Oceania\shard0_31274.jpg,outdoor,Oceania,Oceania,5,32
Oceania\shard0_31971.jpg,outdoor,Oceania,Oceania,5,33
Oceania\shard0_33160.jpg,outdoor,Oceania,Oceania,4,35
Oceania\shard0_31252.jpg,outdoor,Oceania,Oceania,5,32
Oceania\shard0_31702.jpg,outdoor,Oceania,Oceania,4,35
Oceania\shard0_03190.jpg,outdoor,Oceania,Oceania,5,32
Oceania\shard0_33224.jpg,outdoor,Oceania,Oceania,5,32
Oceania\shard0_31298.jpg,outdoor,Oceania,Oceania,5,33
Oceania\shard0_25072.jpg,outdoor,Oceania,Oceania,6,33
Oceania\shard0_19744.jpg,outdoor,Oceania,Oceania,6,33
Oceania\shard0_33600.jpg,outdoor,Oceania,Oceania,5,32
Oceania\shard0_30386.jpg,outdoor,Oceania,Oceania,6,31
Oceania\shard0_33669.jpg,outdoor,Oceania,Oceania,5,32
Oceania\shard0_30444.jpg,outdoor,Oceania,Oceania,5,32
Oceania\shard0_31085.jpg,outdoor,Oceania,Oceania,5,33
Oceania\shard0_30638.jpg,outdoor,Oceania,Oceania,5,33
Oceania\shard0_17129.jpg,outdoor,Oceania,Oceania,5,32
Oceania\shard0_30954.jpg,outdoor,Oceania,Oceania,4,35
Oceania\shard0_31497.jpg,outdoor,Oceania,Oceania,5,29
Oceania\shard0_23689.jpg,outdoor,Oceania,Oceania,6,33
Oceania\shard0_30500.jpg,outdoor,Oceania,Oceania,5,33
Oceania\shard0_30898.jpg,outdoor,Oceania,Oceania,5,35
Oceania\shard0_33065.jpg,outdoor,Oceania,Oceania,5,35
Oceania\shard0_10242.jpg,outdoor,Oceania,Oceania,5,33
Oceania\shard0_08317.jpg,outdoor,Oceania,Oceania,5,33
Oceania\shard0_32190.jpg,outdoor,Oceania,Oceania,5,33
Oceania\shard0_30247.jpg,outdoor,Oceania,Oceania,4,34
Oceania\shard0_31977.jpg,outdoor,Oceania,Oceania,5,35
Oceania\shard0_31205.jpg,outdoor,Oceania,Oceania,5,35
Oceania\shard0_30962.jpg,outdoor,Oceania,Oceania,6,33
Oceania\shard0_32198.jpg,outdoor,Oceania,Oceania,7,32
Oceania\shard0_33019.jpg,outdoor,Oceania,Oceania,5,33
Oceania\shard0_33641.jpg,outdoor,Oceania,Oceania,5,33
Oceania\shard0_01782.jpg,outdoor,Oceania,Oceania,4,35
Oceania\shard0_30407.jpg,outdoor,Oceania,Oceania,5,35
Oceania\shard0_31932.jpg,outdoor,Oceania,Oceania,5,33
Oceania\shard0_31746.jpg,outdoor,Oceania,Oceania,4,35
Oceania\shard0_33385.jpg,outdoor,Oceania,Oceania,6,31
Oceania\shard0_31694.jpg,outdoor,Oceania,Oceania,4,32
Oceania\shard0_33183.jpg,outdoor,Oceania,Oceania,4,35
Oceania\shard0_12323.jpg,outdoor,Oceania,Oceania,5,29
Oceania\shard0_33223.jpg,outdoor,Oceania,Oceania,5,33
Oceania\shard0_30036.jpg,outdoor,Oceania,Oceania,5,29
Oceania\shard0_31542.jpg,outdoor,Oceania,Oceania,5,33
Oceania\shard0_33565.jpg,outdoor,Oceania,Oceania,5,33
Oceania\shard0_33234.jpg,outdoor,Oceania,Oceania,5,32
Oceania\shard0_30121.jpg,outdoor,Oceania,Oceania,5,35
Oceania\shard0_32068.jpg,outdoor,Oceania,Oceania,7,35
Oceania\shard0_31483.jpg,outdoor,Oceania,Oceania,4,35
Oceania\shard0_32904.jpg,outdoor,Oceania,Oceania,4,35
Oceania\shard0_29058.jpg,outdoor,Oceania,Oceania,5,32
Oceania\shard0_09699.jpg,outdoor,Oceania,Oceania,5,29
Oceania\shard0_32688.jpg,outdoor,Oceania,Oceania,6,33
Oceania\shard0_30855.jpg,outdoor,Oceania,Oceania,5,33
Oceania\shard0_33195.jpg,outdoor,Oceania,Oceania,7,32
Oceania\shard0_31100.jpg,outdoor,Oceania,Oceania,4,35
Oceania\shard0_24448.jpg,outdoor,Oceania,Oceania,5,32
Oceania\shard0_30346.jpg,outdoor,Oceania,Oceania,5,33
Oceania\shard0_33755.jpg,outdoor,Oceania,Oceania,4,35
Oceania\shard0_00988.jpg,outdoor,Oceania,Oceania,5,33
Oceania\shard0_23795.jpg,outdoor,Oceania,Oceania,5,32
Oceania\shard0_31304.jpg,outdoor,Oceania,Oceania,5,33
Oceania\shard0_33797.jpg,outdoor,Oceania,Oceania,5,35
Oceania\shard0_30820.jpg,outdoor,Oceania,Oceania,5,35
Oceania\shard0_31373.jpg,outdoor,Oceania,Oceania,6,33
Oceania\shard0_32031.jpg,outdoor,Oceania,Oceania,6,31
Oceania\shard0_30395.jpg,outdoor,Oceania,Oceania,5,32
Oceania\shard0_32420.jpg,outdoor,Oceania,Oceania,4,35
Oceania\shard0_06706.jpg,outdoor,Oceania,Oceania,5,33
Oceania\shard0_33378.jpg,outdoor,Oceania,Oceania,6,32
Oceania\shard0_31943.jpg,outdoor,Oceania,Oceania,5,33
Oceania\shard0_16685.jpg,outdoor,Oceania,Oceania,6,33
Oceania\shard0_31422.jpg,outdoor,Oceania,Oceania,4,35
Oceania\shard0_24057.jpg,outdoor,Oceania,Oceania,5,35
Oceania\shard0_33452.jpg,outdoor,Oceania,Oceania,4,35
Oceania\shard0_32319.jpg,outdoor,Oceania,Oceania,5,35
Oceania\shard0_31144.jpg,outdoor,Oceania,Oceania,4,35
Oceania\shard0_31207.jpg,outdoor,Oceania,Oceania,5,35
Oceania\shard0_31532.jpg,outdoor,Oceania,Oceania,5,33
Oceania\shard0_30598.jpg,outdoor,Oceania,Oceania,5,33
